Country,iso_code,Who_region,Wb_income,Year,Month,Agegroup,Deaths,Date,YearQuarter
Guatemala,GTM,AMR,UMC,2026,1,65+,0.0,2026-01-01,2026Q1
Guatemala,GTM,AMR,UMC,2026,2,65+,0.0,2026-02-01,2026Q1
Guatemala,GTM,AMR,UMC,2026,4,65+,0.0,2026-04-01,2026Q2
Guatemala,GTM,AMR,UMC,2026,3,65+,0.0,2026-03-01,2026Q1
Greece,GRC,EUR,HIC,2026,3,65+,10.0,2026-03-01,2026Q1
Greece,GRC,EUR,HIC,2026,2,65+,15.0,2026-02-01,2026Q1
Greece,GRC,EUR,HIC,2026,1,65+,34.0,2026-01-01,2026Q1
Greece,GRC,EUR,HIC,2026,4,65+,3.0,2026-04-01,2026Q2
Honduras,HND,AMR,LMC,2026,1,65+,0.0,2026-01-01,2026Q1
Honduras,HND,AMR,LMC,2026,2,65+,0.0,2026-02-01,2026Q1
Honduras,HND,AMR,LMC,2026,4,65+,0.0,2026-04-01,2026Q2
Honduras,HND,AMR,LMC,2026,3,65+,0.0,2026-03-01,2026Q1
France,FRA,EUR,HIC,2026,2,65+,3.0,2026-02-01,2026Q1
France,FRA,EUR,HIC,2026,1,65+,6.0,2026-01-01,2026Q1
Estonia,EST,EUR,HIC,2026,4,65+,2.0,2026-04-01,2026Q2
Estonia,EST,EUR,HIC,2026,2,65+,13.0,2026-02-01,2026Q1
Estonia,EST,EUR,HIC,2026,3,65+,8.0,2026-03-01,2026Q1
Latvia,LVA,EUR,HIC,2026,3,65+,2.0,2026-03-01,2026Q1
Latvia,LVA,EUR,HIC,2026,4,65+,4.0,2026-04-01,2026Q2
Latvia,LVA,EUR,HIC,2026,1,65+,0.0,2026-01-01,2026Q1
Latvia,LVA,EUR,HIC,2026,2,65+,0.0,2026-02-01,2026Q1
Ireland,IRL,EUR,HIC,2026,1,65+,10.0,2026-01-01,2026Q1
Ireland,IRL,EUR,HIC,2026,4,65+,2.0,2026-04-01,2026Q2
British Virgin Islands,VGB,AMR,HIC,2026,1,65+,0.0,2026-01-01,2026Q1
British Virgin Islands,VGB,AMR,HIC,2026,2,65+,0.0,2026-02-01,2026Q1
Brazil,BRA,AMR,UMC,2026,3,65+,52.0,2026-03-01,2026Q1
Bosnia and Herzegovina,BIH,EUR,UMC,2026,2,65+,0.0,2026-02-01,2026Q1
Brazil,BRA,AMR,UMC,2026,4,65+,19.0,2026-04-01,2026Q2
Brazil,BRA,AMR,UMC,2026,2,65+,59.0,2026-02-01,2026Q1
Brazil,BRA,AMR,UMC,2026,1,65+,58.0,2026-01-01,2026Q1
Bosnia and Herzegovina,BIH,EUR,UMC,2026,1,65+,0.0,2026-01-01,2026Q1
Bolivia (Plurinational State of),BOL,AMR,LMC,2026,3,65+,0.0,2026-03-01,2026Q1
Bolivia (Plurinational State of),BOL,AMR,LMC,2026,4,65+,0.0,2026-04-01,2026Q2
Bolivia (Plurinational State of),BOL,AMR,LMC,2026,1,65+,0.0,2026-01-01,2026Q1
Bolivia (Plurinational State of),BOL,AMR,LMC,2026,2,65+,0.0,2026-02-01,2026Q1
Czechia,CZE,EUR,HIC,2026,3,65+,1.0,2026-03-01,2026Q1
Czechia,CZE,EUR,HIC,2026,4,65+,2.0,2026-04-01,2026Q2
Czechia,CZE,EUR,HIC,2026,1,65+,15.0,2026-01-01,2026Q1
Czechia,CZE,EUR,HIC,2026,2,65+,6.0,2026-02-01,2026Q1
Estonia,EST,EUR,HIC,2026,1,65+,10.0,2026-01-01,2026Q1
Dominica,DMA,AMR,UMC,2026,4,65+,0.0,2026-04-01,2026Q2
Dominica,DMA,AMR,UMC,2026,1,65+,0.0,2026-01-01,2026Q1
Dominica,DMA,AMR,UMC,2026,3,65+,0.0,2026-03-01,2026Q1
Dominica,DMA,AMR,UMC,2026,2,65+,0.0,2026-02-01,2026Q1
Chile,CHL,AMR,HIC,2026,4,65+,1.0,2026-04-01,2026Q2
Chile,CHL,AMR,HIC,2026,2,65+,1.0,2026-02-01,2026Q1
Chile,CHL,AMR,HIC,2026,1,65+,5.0,2026-01-01,2026Q1
Chile,CHL,AMR,HIC,2026,3,65+,4.0,2026-03-01,2026Q1
Costa Rica,CRI,AMR,UMC,2026,1,65+,0.0,2026-01-01,2026Q1
Costa Rica,CRI,AMR,UMC,2026,4,65+,0.0,2026-04-01,2026Q2
Costa Rica,CRI,AMR,UMC,2026,2,65+,0.0,2026-02-01,2026Q1
Costa Rica,CRI,AMR,UMC,2026,3,65+,0.0,2026-03-01,2026Q1
Croatia,HRV,EUR,HIC,2026,3,65+,0.0,2026-03-01,2026Q1
Croatia,HRV,EUR,HIC,2026,1,65+,1.0,2026-01-01,2026Q1
Croatia,HRV,EUR,HIC,2026,2,65+,0.0,2026-02-01,2026Q1
Croatia,HRV,EUR,HIC,2026,4,65+,0.0,2026-04-01,2026Q2
Colombia,COL,AMR,UMC,2026,3,65+,0.0,2026-03-01,2026Q1
Colombia,COL,AMR,UMC,2026,2,65+,0.0,2026-02-01,2026Q1
Colombia,COL,AMR,UMC,2026,1,65+,0.0,2026-01-01,2026Q1
Colombia,COL,AMR,UMC,2026,4,65+,0.0,2026-04-01,2026Q2
Suriname,SUR,AMR,UMC,2026,2,65+,0.0,2026-02-01,2026Q1
Suriname,SUR,AMR,UMC,2026,3,65+,0.0,2026-03-01,2026Q1
Suriname,SUR,AMR,UMC,2026,4,65+,0.0,2026-04-01,2026Q2
Suriname,SUR,AMR,UMC,2026,1,65+,0.0,2026-01-01,2026Q1
Sweden,SWE,EUR,HIC,2026,3,65+,71.0,2026-03-01,2026Q1
Sweden,SWE,EUR,HIC,2026,2,65+,95.0,2026-02-01,2026Q1
Sweden,SWE,EUR,HIC,2026,1,65+,87.0,2026-01-01,2026Q1
Sweden,SWE,EUR,HIC,2026,4,65+,31.0,2026-04-01,2026Q2
Saint Lucia,LCA,AMR,UMC,2026,4,65+,0.0,2026-04-01,2026Q2
Saint Lucia,LCA,AMR,UMC,2026,1,65+,0.0,2026-01-01,2026Q1
Saint Lucia,LCA,AMR,UMC,2026,3,65+,0.0,2026-03-01,2026Q1
Slovakia,SVK,EUR,HIC,2026,2,65+,6.0,2026-02-01,2026Q1
Slovakia,SVK,EUR,HIC,2026,1,65+,8.0,2026-01-01,2026Q1
Slovakia,SVK,EUR,HIC,2026,4,65+,1.0,2026-04-01,2026Q2
Slovakia,SVK,EUR,HIC,2026,3,65+,2.0,2026-03-01,2026Q1
United States of America,USA,AMR,HIC,2026,3,65+,864.0,2026-03-01,2026Q1
United States of America,USA,AMR,HIC,2026,2,65+,1256.0,2026-02-01,2026Q1
United States of America,USA,AMR,HIC,2026,1,65+,1823.0,2026-01-01,2026Q1
Uruguay,URY,AMR,HIC,2026,4,65+,0.0,2026-04-01,2026Q2
Uruguay,URY,AMR,HIC,2026,1,65+,0.0,2026-01-01,2026Q1
Uruguay,URY,AMR,HIC,2026,2,65+,0.0,2026-02-01,2026Q1
Uruguay,URY,AMR,HIC,2026,3,65+,0.0,2026-03-01,2026Q1
United States of America,USA,AMR,HIC,2026,4,65+,500.0,2026-04-01,2026Q2
Ukraine,UKR,EUR,UMC,2026,3,65+,0.0,2026-03-01,2026Q1
Turks and Caicos Islands,TCA,AMR,HIC,2026,4,65+,0.0,2026-04-01,2026Q2
Turks and Caicos Islands,TCA,AMR,HIC,2026,3,65+,0.0,2026-03-01,2026Q1
Turks and Caicos Islands,TCA,AMR,HIC,2026,1,65+,0.0,2026-01-01,2026Q1
Turks and Caicos Islands,TCA,AMR,HIC,2026,2,65+,0.0,2026-02-01,2026Q1
Ukraine,UKR,EUR,UMC,2026,4,65+,0.0,2026-04-01,2026Q2
Ukraine,UKR,EUR,UMC,2026,1,65+,1.0,2026-01-01,2026Q1
Ukraine,UKR,EUR,UMC,2026,2,65+,0.0,2026-02-01,2026Q1
Lithuania,LTU,EUR,HIC,2026,4,65+,3.0,2026-04-01,2026Q2
Lithuania,LTU,EUR,HIC,2026,2,65+,4.0,2026-02-01,2026Q1
Liechtenstein,LIE,EUR,HIC,2026,3,65+,0.0,2026-03-01,2026Q1
Liechtenstein,LIE,EUR,HIC,2026,4,65+,0.0,2026-04-01,2026Q2
Liechtenstein,LIE,EUR,HIC,2026,2,65+,0.0,2026-02-01,2026Q1
Liechtenstein,LIE,EUR,HIC,2026,1,65+,0.0,2026-01-01,2026Q1
Lithuania,LTU,EUR,HIC,2026,3,65+,3.0,2026-03-01,2026Q1
Lithuania,LTU,EUR,HIC,2026,1,65+,5.0,2026-01-01,2026Q1
Mexico,MEX,AMR,UMC,2026,3,65+,1.0,2026-03-01,2026Q1
Mexico,MEX,AMR,UMC,2026,1,65+,3.0,2026-01-01,2026Q1
Mexico,MEX,AMR,UMC,2026,2,65+,2.0,2026-02-01,2026Q1
Mexico,MEX,AMR,UMC,2026,4,65+,1.0,2026-04-01,2026Q2
Malta,MLT,EUR,HIC,2026,4,65+,1.0,2026-04-01,2026Q2
Malta,MLT,EUR,HIC,2026,3,65+,3.0,2026-03-01,2026Q1
Malta,MLT,EUR,HIC,2026,2,65+,1.0,2026-02-01,2026Q1
Malta,MLT,EUR,HIC,2026,1,65+,2.0,2026-01-01,2026Q1
Saint Lucia,LCA,AMR,UMC,2026,2,65+,0.0,2026-02-01,2026Q1
Republic of Moldova,MDA,EUR,UMC,2026,2,65+,0.0,2026-02-01,2026Q1
Romania,ROU,EUR,HIC,2026,2,65+,3.0,2026-02-01,2026Q1
Romania,ROU,EUR,HIC,2026,1,65+,2.0,2026-01-01,2026Q1
Romania,ROU,EUR,HIC,2026,4,65+,0.0,2026-04-01,2026Q2
Romania,ROU,EUR,HIC,2026,3,65+,0.0,2026-03-01,2026Q1
Republic of Moldova,MDA,EUR,UMC,2026,4,65+,0.0,2026-04-01,2026Q2
Republic of Moldova,MDA,EUR,UMC,2026,3,65+,0.0,2026-03-01,2026Q1
Republic of Moldova,MDA,EUR,UMC,2026,1,65+,0.0,2026-01-01,2026Q1
Portugal,PRT,EUR,HIC,2026,2,65+,4.0,2026-02-01,2026Q1
Poland,POL,EUR,HIC,2026,4,65+,0.0,2026-04-01,2026Q2
Poland,POL,EUR,HIC,2026,1,65+,0.0,2026-01-01,2026Q1
Poland,POL,EUR,HIC,2026,3,65+,0.0,2026-03-01,2026Q1
Poland,POL,EUR,HIC,2026,2,65+,0.0,2026-02-01,2026Q1
Portugal,PRT,EUR,HIC,2026,1,65+,11.0,2026-01-01,2026Q1
Portugal,PRT,EUR,HIC,2026,3,65+,11.0,2026-03-01,2026Q1
Portugal,PRT,EUR,HIC,2026,4,65+,6.0,2026-04-01,2026Q2
Peru,PER,AMR,UMC,2026,1,65+,0.0,2026-01-01,2026Q1
Peru,PER,AMR,UMC,2026,4,65+,0.0,2026-04-01,2026Q2
Peru,PER,AMR,UMC,2026,3,65+,0.0,2026-03-01,2026Q1
Peru,PER,AMR,UMC,2026,2,65+,1.0,2026-02-01,2026Q1
Panama,PAN,AMR,HIC,2026,4,65+,1.0,2026-04-01,2026Q2
Panama,PAN,AMR,HIC,2026,2,65+,1.0,2026-02-01,2026Q1
Panama,PAN,AMR,HIC,2026,1,65+,2.0,2026-01-01,2026Q1
Panama,PAN,AMR,HIC,2026,3,65+,2.0,2026-03-01,2026Q1
Argentina,ARG,AMR,UMC,2026,2,65+,3.0,2026-02-01,2026Q1
Argentina,ARG,AMR,UMC,2026,4,65+,1.0,2026-04-01,2026Q2
Argentina,ARG,AMR,UMC,2026,3,65+,1.0,2026-03-01,2026Q1
Argentina,ARG,AMR,UMC,2026,1,65+,6.0,2026-01-01,2026Q1
Peru,PER,AMR,UMC,2025,8,65+,0.0,2025-08-01,2025Q3
Peru,PER,AMR,UMC,2025,12,65+,2.0,2025-12-01,2025Q4
Peru,PER,AMR,UMC,2025,11,65+,2.0,2025-11-01,2025Q4
Spain,ESP,EUR,HIC,2025,7,65+,3.0,2025-07-01,2025Q3
Spain,ESP,EUR,HIC,2025,11,65+,1.0,2025-11-01,2025Q4
Spain,ESP,EUR,HIC,2025,6,65+,3.0,2025-06-01,2025Q2
Spain,ESP,EUR,HIC,2025,9,65+,4.0,2025-09-01,2025Q3
Spain,ESP,EUR,HIC,2025,10,65+,3.0,2025-10-01,2025Q4
Spain,ESP,EUR,HIC,2025,1,65+,4.0,2025-01-01,2025Q1
Spain,ESP,EUR,HIC,2025,8,65+,6.0,2025-08-01,2025Q3
Spain,ESP,EUR,HIC,2025,2,65+,1.0,2025-02-01,2025Q1
Spain,ESP,EUR,HIC,2025,3,65+,2.0,2025-03-01,2025Q1
Ireland,IRL,EUR,HIC,2025,8,65+,1.0,2025-08-01,2025Q3
Ireland,IRL,EUR,HIC,2025,10,65+,16.0,2025-10-01,2025Q4
Ireland,IRL,EUR,HIC,2025,9,65+,2.0,2025-09-01,2025Q3
Peru,PER,AMR,UMC,2025,9,65+,0.0,2025-09-01,2025Q3
Peru,PER,AMR,UMC,2025,3,65+,3.0,2025-03-01,2025Q1
Peru,PER,AMR,UMC,2025,4,65+,1.0,2025-04-01,2025Q2
Peru,PER,AMR,UMC,2025,2,65+,8.0,2025-02-01,2025Q1
Peru,PER,AMR,UMC,2025,5,65+,1.0,2025-05-01,2025Q2
Peru,PER,AMR,UMC,2025,10,65+,0.0,2025-10-01,2025Q4
Ireland,IRL,EUR,HIC,2025,11,65+,11.0,2025-11-01,2025Q4
Ireland,IRL,EUR,HIC,2025,12,65+,11.0,2025-12-01,2025Q4
Peru,PER,AMR,UMC,2025,6,65+,0.0,2025-06-01,2025Q2
Turks and Caicos Islands,TCA,AMR,HIC,2025,12,65+,0.0,2025-12-01,2025Q4
Turks and Caicos Islands,TCA,AMR,HIC,2025,11,65+,0.0,2025-11-01,2025Q4
Turks and Caicos Islands,TCA,AMR,HIC,2025,10,65+,0.0,2025-10-01,2025Q4
Turks and Caicos Islands,TCA,AMR,HIC,2025,9,65+,0.0,2025-09-01,2025Q3
Turks and Caicos Islands,TCA,AMR,HIC,2025,7,65+,0.0,2025-07-01,2025Q3
Turks and Caicos Islands,TCA,AMR,HIC,2025,2,65+,0.0,2025-02-01,2025Q1
Turks and Caicos Islands,TCA,AMR,HIC,2025,1,65+,0.0,2025-01-01,2025Q1
Peru,PER,AMR,UMC,2025,7,65+,1.0,2025-07-01,2025Q3
Turks and Caicos Islands,TCA,AMR,HIC,2025,8,65+,0.0,2025-08-01,2025Q3
Turks and Caicos Islands,TCA,AMR,HIC,2025,3,65+,0.0,2025-03-01,2025Q1
Turks and Caicos Islands,TCA,AMR,HIC,2025,6,65+,0.0,2025-06-01,2025Q2
Turks and Caicos Islands,TCA,AMR,HIC,2025,5,65+,0.0,2025-05-01,2025Q2
Turks and Caicos Islands,TCA,AMR,HIC,2025,4,65+,0.0,2025-04-01,2025Q2
Peru,PER,AMR,UMC,2025,1,65+,35.0,2025-01-01,2025Q1
Poland,POL,EUR,HIC,2025,11,65+,0.0,2025-11-01,2025Q4
Poland,POL,EUR,HIC,2025,6,65+,0.0,2025-06-01,2025Q2
Poland,POL,EUR,HIC,2025,8,65+,1.0,2025-08-01,2025Q3
Greece,GRC,EUR,HIC,2025,9,65+,13.0,2025-09-01,2025Q3
Portugal,PRT,EUR,HIC,2025,10,65+,66.0,2025-10-01,2025Q4
Portugal,PRT,EUR,HIC,2025,11,65+,18.0,2025-11-01,2025Q4
Portugal,PRT,EUR,HIC,2025,2,65+,13.0,2025-02-01,2025Q1
Portugal,PRT,EUR,HIC,2025,8,65+,106.0,2025-08-01,2025Q3
Portugal,PRT,EUR,HIC,2025,7,65+,91.0,2025-07-01,2025Q3
Portugal,PRT,EUR,HIC,2025,1,65+,23.0,2025-01-01,2025Q1
Portugal,PRT,EUR,HIC,2025,3,65+,6.0,2025-03-01,2025Q1
Portugal,PRT,EUR,HIC,2025,4,65+,19.0,2025-04-01,2025Q2
Portugal,PRT,EUR,HIC,2025,5,65+,27.0,2025-05-01,2025Q2
Portugal,PRT,EUR,HIC,2025,6,65+,54.0,2025-06-01,2025Q2
Portugal,PRT,EUR,HIC,2025,9,65+,77.0,2025-09-01,2025Q3
Portugal,PRT,EUR,HIC,2025,12,65+,14.0,2025-12-01,2025Q4
Chile,CHL,AMR,HIC,2025,10,65+,2.0,2025-10-01,2025Q4
Chile,CHL,AMR,HIC,2025,1,65+,1.0,2025-01-01,2025Q1
Greece,GRC,EUR,HIC,2025,7,65+,7.0,2025-07-01,2025Q3
Greece,GRC,EUR,HIC,2025,11,65+,30.0,2025-11-01,2025Q4
Greece,GRC,EUR,HIC,2025,12,65+,27.0,2025-12-01,2025Q4
Greece,GRC,EUR,HIC,2025,8,65+,10.0,2025-08-01,2025Q3
Greece,GRC,EUR,HIC,2025,6,65+,6.0,2025-06-01,2025Q2
Greece,GRC,EUR,HIC,2025,5,65+,1.0,2025-05-01,2025Q2
Greece,GRC,EUR,HIC,2025,1,65+,95.0,2025-01-01,2025Q1
Greece,GRC,EUR,HIC,2025,2,65+,32.0,2025-02-01,2025Q1
Greece,GRC,EUR,HIC,2025,3,65+,6.0,2025-03-01,2025Q1
Greece,GRC,EUR,HIC,2025,10,65+,21.0,2025-10-01,2025Q4
Greece,GRC,EUR,HIC,2025,4,65+,0.0,2025-04-01,2025Q2
Poland,POL,EUR,HIC,2025,4,65+,0.0,2025-04-01,2025Q2
Poland,POL,EUR,HIC,2025,2,65+,2.0,2025-02-01,2025Q1
Poland,POL,EUR,HIC,2025,3,65+,0.0,2025-03-01,2025Q1
Poland,POL,EUR,HIC,2025,7,65+,1.0,2025-07-01,2025Q3
Chile,CHL,AMR,HIC,2025,11,65+,1.0,2025-11-01,2025Q4
Chile,CHL,AMR,HIC,2025,8,65+,0.0,2025-08-01,2025Q3
Chile,CHL,AMR,HIC,2025,9,65+,1.0,2025-09-01,2025Q3
Chile,CHL,AMR,HIC,2025,7,65+,0.0,2025-07-01,2025Q3
Chile,CHL,AMR,HIC,2025,6,65+,0.0,2025-06-01,2025Q2
Chile,CHL,AMR,HIC,2025,5,65+,0.0,2025-05-01,2025Q2
Chile,CHL,AMR,HIC,2025,2,65+,3.0,2025-02-01,2025Q1
Chile,CHL,AMR,HIC,2025,3,65+,4.0,2025-03-01,2025Q1
Chile,CHL,AMR,HIC,2025,4,65+,1.0,2025-04-01,2025Q2
Chile,CHL,AMR,HIC,2025,12,65+,2.0,2025-12-01,2025Q4
Italy,ITA,EUR,HIC,2025,2,65+,60.0,2025-02-01,2025Q1
Italy,ITA,EUR,HIC,2025,3,65+,50.0,2025-03-01,2025Q1
Italy,ITA,EUR,HIC,2025,1,65+,114.0,2025-01-01,2025Q1
Dominica,DMA,AMR,UMC,2025,8,65+,0.0,2025-08-01,2025Q3
Dominica,DMA,AMR,UMC,2025,1,65+,0.0,2025-01-01,2025Q1
Dominica,DMA,AMR,UMC,2025,5,65+,0.0,2025-05-01,2025Q2
Dominica,DMA,AMR,UMC,2025,4,65+,0.0,2025-04-01,2025Q2
Dominica,DMA,AMR,UMC,2025,3,65+,0.0,2025-03-01,2025Q1
Italy,ITA,EUR,HIC,2025,4,65+,8.0,2025-04-01,2025Q2
Ukraine,UKR,EUR,UMC,2025,1,65+,0.0,2025-01-01,2025Q1
Panama,PAN,AMR,HIC,2025,1,65+,7.0,2025-01-01,2025Q1
Panama,PAN,AMR,HIC,2025,3,65+,3.0,2025-03-01,2025Q1
Panama,PAN,AMR,HIC,2025,4,65+,5.0,2025-04-01,2025Q2
Ukraine,UKR,EUR,UMC,2025,2,65+,0.0,2025-02-01,2025Q1
Ukraine,UKR,EUR,UMC,2025,12,65+,0.0,2025-12-01,2025Q4
Ukraine,UKR,EUR,UMC,2025,8,65+,2.0,2025-08-01,2025Q3
Ukraine,UKR,EUR,UMC,2025,9,65+,2.0,2025-09-01,2025Q3
Ukraine,UKR,EUR,UMC,2025,6,65+,0.0,2025-06-01,2025Q2
Ukraine,UKR,EUR,UMC,2025,7,65+,0.0,2025-07-01,2025Q3
Ukraine,UKR,EUR,UMC,2025,5,65+,0.0,2025-05-01,2025Q2
Ukraine,UKR,EUR,UMC,2025,4,65+,0.0,2025-04-01,2025Q2
Ukraine,UKR,EUR,UMC,2025,3,65+,0.0,2025-03-01,2025Q1
Ukraine,UKR,EUR,UMC,2025,11,65+,1.0,2025-11-01,2025Q4
Ukraine,UKR,EUR,UMC,2025,10,65+,6.0,2025-10-01,2025Q4
Dominica,DMA,AMR,UMC,2025,7,65+,0.0,2025-07-01,2025Q3
Dominica,DMA,AMR,UMC,2025,6,65+,0.0,2025-06-01,2025Q2
Panama,PAN,AMR,HIC,2025,12,65+,1.0,2025-12-01,2025Q4
Dominica,DMA,AMR,UMC,2025,2,65+,0.0,2025-02-01,2025Q1
Panama,PAN,AMR,HIC,2025,10,65+,3.0,2025-10-01,2025Q4
Panama,PAN,AMR,HIC,2025,11,65+,3.0,2025-11-01,2025Q4
Dominica,DMA,AMR,UMC,2025,9,65+,0.0,2025-09-01,2025Q3
Panama,PAN,AMR,HIC,2025,5,65+,2.0,2025-05-01,2025Q2
Panama,PAN,AMR,HIC,2025,9,65+,8.0,2025-09-01,2025Q3
Dominica,DMA,AMR,UMC,2025,10,65+,0.0,2025-10-01,2025Q4
Panama,PAN,AMR,HIC,2025,2,65+,4.0,2025-02-01,2025Q1
Panama,PAN,AMR,HIC,2025,6,65+,1.0,2025-06-01,2025Q2
Panama,PAN,AMR,HIC,2025,8,65+,5.0,2025-08-01,2025Q3
Panama,PAN,AMR,HIC,2025,7,65+,5.0,2025-07-01,2025Q3
Argentina,ARG,AMR,UMC,2025,4,65+,6.0,2025-04-01,2025Q2
Guatemala,GTM,AMR,UMC,2025,1,65+,0.0,2025-01-01,2025Q1
Guatemala,GTM,AMR,UMC,2025,3,65+,0.0,2025-03-01,2025Q1
Costa Rica,CRI,AMR,UMC,2025,8,65+,1.0,2025-08-01,2025Q3
Costa Rica,CRI,AMR,UMC,2025,4,65+,3.0,2025-04-01,2025Q2
Costa Rica,CRI,AMR,UMC,2025,2,65+,0.0,2025-02-01,2025Q1
Costa Rica,CRI,AMR,UMC,2025,5,65+,2.0,2025-05-01,2025Q2
Costa Rica,CRI,AMR,UMC,2025,6,65+,1.0,2025-06-01,2025Q2
Costa Rica,CRI,AMR,UMC,2025,10,65+,1.0,2025-10-01,2025Q4
Costa Rica,CRI,AMR,UMC,2025,1,65+,0.0,2025-01-01,2025Q1
Costa Rica,CRI,AMR,UMC,2025,3,65+,3.0,2025-03-01,2025Q1
Costa Rica,CRI,AMR,UMC,2025,7,65+,1.0,2025-07-01,2025Q3
Guatemala,GTM,AMR,UMC,2025,5,65+,0.0,2025-05-01,2025Q2
Guatemala,GTM,AMR,UMC,2025,9,65+,0.0,2025-09-01,2025Q3
Costa Rica,CRI,AMR,UMC,2025,11,65+,0.0,2025-11-01,2025Q4
Costa Rica,CRI,AMR,UMC,2025,12,65+,0.0,2025-12-01,2025Q4
Costa Rica,CRI,AMR,UMC,2025,9,65+,0.0,2025-09-01,2025Q3
Guatemala,GTM,AMR,UMC,2025,4,65+,0.0,2025-04-01,2025Q2
Argentina,ARG,AMR,UMC,2025,2,65+,3.0,2025-02-01,2025Q1
Guatemala,GTM,AMR,UMC,2025,11,65+,0.0,2025-11-01,2025Q4
Guatemala,GTM,AMR,UMC,2025,6,65+,0.0,2025-06-01,2025Q2
Guatemala,GTM,AMR,UMC,2025,7,65+,0.0,2025-07-01,2025Q3
Guatemala,GTM,AMR,UMC,2025,12,65+,0.0,2025-12-01,2025Q4
Guatemala,GTM,AMR,UMC,2025,8,65+,0.0,2025-08-01,2025Q3
Guatemala,GTM,AMR,UMC,2025,2,65+,0.0,2025-02-01,2025Q1
Honduras,HND,AMR,LMC,2025,3,65+,0.0,2025-03-01,2025Q1
Honduras,HND,AMR,LMC,2025,6,65+,0.0,2025-06-01,2025Q2
Honduras,HND,AMR,LMC,2025,1,65+,0.0,2025-01-01,2025Q1
Honduras,HND,AMR,LMC,2025,2,65+,0.0,2025-02-01,2025Q1
Honduras,HND,AMR,LMC,2025,7,65+,0.0,2025-07-01,2025Q3
Suriname,SUR,AMR,UMC,2025,6,65+,0.0,2025-06-01,2025Q2
Honduras,HND,AMR,LMC,2025,10,65+,0.0,2025-10-01,2025Q4
Honduras,HND,AMR,LMC,2025,12,65+,0.0,2025-12-01,2025Q4
Honduras,HND,AMR,LMC,2025,11,65+,0.0,2025-11-01,2025Q4
Honduras,HND,AMR,LMC,2025,5,65+,0.0,2025-05-01,2025Q2
Honduras,HND,AMR,LMC,2025,9,65+,0.0,2025-09-01,2025Q3
Honduras,HND,AMR,LMC,2025,4,65+,0.0,2025-04-01,2025Q2
Hungary,HUN,EUR,HIC,2025,1,65+,4.0,2025-01-01,2025Q1
Honduras,HND,AMR,LMC,2025,8,65+,0.0,2025-08-01,2025Q3
Suriname,SUR,AMR,UMC,2025,9,65+,0.0,2025-09-01,2025Q3
Suriname,SUR,AMR,UMC,2025,10,65+,0.0,2025-10-01,2025Q4
Suriname,SUR,AMR,UMC,2025,12,65+,0.0,2025-12-01,2025Q4
Suriname,SUR,AMR,UMC,2025,7,65+,0.0,2025-07-01,2025Q3
Suriname,SUR,AMR,UMC,2025,1,65+,0.0,2025-01-01,2025Q1
Suriname,SUR,AMR,UMC,2025,11,65+,0.0,2025-11-01,2025Q4
Suriname,SUR,AMR,UMC,2025,4,65+,0.0,2025-04-01,2025Q2
Suriname,SUR,AMR,UMC,2025,5,65+,0.0,2025-05-01,2025Q2
Suriname,SUR,AMR,UMC,2025,2,65+,0.0,2025-02-01,2025Q1
Suriname,SUR,AMR,UMC,2025,8,65+,0.0,2025-08-01,2025Q3
Sweden,SWE,EUR,HIC,2025,8,65+,28.0,2025-08-01,2025Q3
Sweden,SWE,EUR,HIC,2025,6,65+,27.0,2025-06-01,2025Q2
Sweden,SWE,EUR,HIC,2025,5,65+,18.0,2025-05-01,2025Q2
Sweden,SWE,EUR,HIC,2025,4,65+,34.0,2025-04-01,2025Q2
Sweden,SWE,EUR,HIC,2025,1,65+,162.0,2025-01-01,2025Q1
Sweden,SWE,EUR,HIC,2025,12,65+,94.0,2025-12-01,2025Q4
Sweden,SWE,EUR,HIC,2025,11,65+,59.0,2025-11-01,2025Q4
Croatia,HRV,EUR,HIC,2025,11,65+,0.0,2025-11-01,2025Q4
Argentina,ARG,AMR,UMC,2025,9,65+,11.0,2025-09-01,2025Q3
Argentina,ARG,AMR,UMC,2025,12,65+,2.0,2025-12-01,2025Q4
Croatia,HRV,EUR,HIC,2025,12,65+,1.0,2025-12-01,2025Q4
Croatia,HRV,EUR,HIC,2025,7,65+,0.0,2025-07-01,2025Q3
Croatia,HRV,EUR,HIC,2025,2,65+,3.0,2025-02-01,2025Q1
Argentina,ARG,AMR,UMC,2025,1,65+,1.0,2025-01-01,2025Q1
Croatia,HRV,EUR,HIC,2025,3,65+,2.0,2025-03-01,2025Q1
Croatia,HRV,EUR,HIC,2025,4,65+,0.0,2025-04-01,2025Q2
Croatia,HRV,EUR,HIC,2025,5,65+,0.0,2025-05-01,2025Q2
Croatia,HRV,EUR,HIC,2025,8,65+,1.0,2025-08-01,2025Q3
Croatia,HRV,EUR,HIC,2025,10,65+,4.0,2025-10-01,2025Q4
Croatia,HRV,EUR,HIC,2025,6,65+,0.0,2025-06-01,2025Q2
Croatia,HRV,EUR,HIC,2025,9,65+,2.0,2025-09-01,2025Q3
Sweden,SWE,EUR,HIC,2025,3,65+,48.0,2025-03-01,2025Q1
Sweden,SWE,EUR,HIC,2025,2,65+,76.0,2025-02-01,2025Q1
Sweden,SWE,EUR,HIC,2025,7,65+,36.0,2025-07-01,2025Q3
Sweden,SWE,EUR,HIC,2025,10,65+,82.0,2025-10-01,2025Q4
Sweden,SWE,EUR,HIC,2025,9,65+,66.0,2025-09-01,2025Q3
Argentina,ARG,AMR,UMC,2025,11,65+,4.0,2025-11-01,2025Q4
Argentina,ARG,AMR,UMC,2025,8,65+,2.0,2025-08-01,2025Q3
Argentina,ARG,AMR,UMC,2025,10,65+,12.0,2025-10-01,2025Q4
Argentina,ARG,AMR,UMC,2025,7,65+,6.0,2025-07-01,2025Q3
Guatemala,GTM,AMR,UMC,2025,10,65+,0.0,2025-10-01,2025Q4
Guyana,GUY,AMR,HIC,2025,10,65+,0.0,2025-10-01,2025Q4
Guyana,GUY,AMR,HIC,2025,9,65+,0.0,2025-09-01,2025Q3
Argentina,ARG,AMR,UMC,2025,6,65+,11.0,2025-06-01,2025Q2
Croatia,HRV,EUR,HIC,2025,1,65+,4.0,2025-01-01,2025Q1
Argentina,ARG,AMR,UMC,2025,5,65+,4.0,2025-05-01,2025Q2
Guyana,GUY,AMR,HIC,2025,12,65+,0.0,2025-12-01,2025Q4
Guyana,GUY,AMR,HIC,2025,5,65+,0.0,2025-05-01,2025Q2
Guyana,GUY,AMR,HIC,2025,11,65+,0.0,2025-11-01,2025Q4
Guyana,GUY,AMR,HIC,2025,3,65+,1.0,2025-03-01,2025Q1
Guyana,GUY,AMR,HIC,2025,4,65+,0.0,2025-04-01,2025Q2
Guyana,GUY,AMR,HIC,2025,2,65+,0.0,2025-02-01,2025Q1
Guyana,GUY,AMR,HIC,2025,1,65+,0.0,2025-01-01,2025Q1
Guyana,GUY,AMR,HIC,2025,7,65+,2.0,2025-07-01,2025Q3
Guyana,GUY,AMR,HIC,2025,6,65+,5.0,2025-06-01,2025Q2
Guyana,GUY,AMR,HIC,2025,8,65+,0.0,2025-08-01,2025Q3
Republic of Moldova,MDA,EUR,UMC,2025,1,65+,0.0,2025-01-01,2025Q1
Colombia,COL,AMR,UMC,2025,1,65+,4.0,2025-01-01,2025Q1
Colombia,COL,AMR,UMC,2025,5,65+,6.0,2025-05-01,2025Q2
Colombia,COL,AMR,UMC,2025,4,65+,9.0,2025-04-01,2025Q2
Saint Lucia,LCA,AMR,UMC,2025,8,65+,0.0,2025-08-01,2025Q3
Saint Lucia,LCA,AMR,UMC,2025,9,65+,0.0,2025-09-01,2025Q3
Saint Lucia,LCA,AMR,UMC,2025,6,65+,0.0,2025-06-01,2025Q2
Colombia,COL,AMR,UMC,2025,2,65+,4.0,2025-02-01,2025Q1
Colombia,COL,AMR,UMC,2025,8,65+,1.0,2025-08-01,2025Q3
Colombia,COL,AMR,UMC,2025,7,65+,3.0,2025-07-01,2025Q3
Colombia,COL,AMR,UMC,2025,9,65+,5.0,2025-09-01,2025Q3
Colombia,COL,AMR,UMC,2025,12,65+,2.0,2025-12-01,2025Q4
Colombia,COL,AMR,UMC,2025,3,65+,7.0,2025-03-01,2025Q1
Colombia,COL,AMR,UMC,2025,10,65+,2.0,2025-10-01,2025Q4
Saint Lucia,LCA,AMR,UMC,2025,3,65+,0.0,2025-03-01,2025Q1
Colombia,COL,AMR,UMC,2025,6,65+,3.0,2025-06-01,2025Q2
Colombia,COL,AMR,UMC,2025,11,65+,0.0,2025-11-01,2025Q4
Saint Lucia,LCA,AMR,UMC,2025,10,65+,0.0,2025-10-01,2025Q4
Saint Lucia,LCA,AMR,UMC,2025,11,65+,0.0,2025-11-01,2025Q4
Saint Lucia,LCA,AMR,UMC,2025,5,65+,0.0,2025-05-01,2025Q2
Saint Lucia,LCA,AMR,UMC,2025,12,65+,0.0,2025-12-01,2025Q4
Saint Lucia,LCA,AMR,UMC,2025,7,65+,0.0,2025-07-01,2025Q3
Saint Lucia,LCA,AMR,UMC,2025,1,65+,0.0,2025-01-01,2025Q1
Czechia,CZE,EUR,HIC,2025,2,65+,7.0,2025-02-01,2025Q1
Czechia,CZE,EUR,HIC,2025,8,65+,6.0,2025-08-01,2025Q3
Czechia,CZE,EUR,HIC,2025,6,65+,4.0,2025-06-01,2025Q2
Czechia,CZE,EUR,HIC,2025,5,65+,1.0,2025-05-01,2025Q2
Czechia,CZE,EUR,HIC,2025,1,65+,20.0,2025-01-01,2025Q1
Czechia,CZE,EUR,HIC,2025,3,65+,5.0,2025-03-01,2025Q1
Czechia,CZE,EUR,HIC,2025,11,65+,16.0,2025-11-01,2025Q4
Suriname,SUR,AMR,UMC,2025,3,65+,0.0,2025-03-01,2025Q1
Saint Lucia,LCA,AMR,UMC,2025,2,65+,0.0,2025-02-01,2025Q1
Czechia,CZE,EUR,HIC,2025,12,65+,25.0,2025-12-01,2025Q4
Saint Lucia,LCA,AMR,UMC,2025,4,65+,1.0,2025-04-01,2025Q2
Czechia,CZE,EUR,HIC,2025,4,65+,2.0,2025-04-01,2025Q2
Czechia,CZE,EUR,HIC,2025,10,65+,25.0,2025-10-01,2025Q4
Czechia,CZE,EUR,HIC,2025,9,65+,12.0,2025-09-01,2025Q3
Czechia,CZE,EUR,HIC,2025,7,65+,0.0,2025-07-01,2025Q3
Republic of Moldova,MDA,EUR,UMC,2025,3,65+,0.0,2025-03-01,2025Q1
Republic of Moldova,MDA,EUR,UMC,2025,4,65+,1.0,2025-04-01,2025Q2
Republic of Moldova,MDA,EUR,UMC,2025,6,65+,0.0,2025-06-01,2025Q2
Republic of Moldova,MDA,EUR,UMC,2025,2,65+,0.0,2025-02-01,2025Q1
Republic of Moldova,MDA,EUR,UMC,2025,10,65+,1.0,2025-10-01,2025Q4
Republic of Moldova,MDA,EUR,UMC,2025,9,65+,2.0,2025-09-01,2025Q3
Republic of Moldova,MDA,EUR,UMC,2025,8,65+,1.0,2025-08-01,2025Q3
Republic of Moldova,MDA,EUR,UMC,2025,7,65+,1.0,2025-07-01,2025Q3
Republic of Moldova,MDA,EUR,UMC,2025,11,65+,0.0,2025-11-01,2025Q4
Republic of Moldova,MDA,EUR,UMC,2025,12,65+,0.0,2025-12-01,2025Q4
Republic of Moldova,MDA,EUR,UMC,2025,5,65+,0.0,2025-05-01,2025Q2
Romania,ROU,EUR,HIC,2025,6,65+,0.0,2025-06-01,2025Q2
Romania,ROU,EUR,HIC,2025,1,65+,5.0,2025-01-01,2025Q1
Romania,ROU,EUR,HIC,2025,5,65+,0.0,2025-05-01,2025Q2
Romania,ROU,EUR,HIC,2025,7,65+,8.0,2025-07-01,2025Q3
Romania,ROU,EUR,HIC,2025,12,65+,3.0,2025-12-01,2025Q4
Romania,ROU,EUR,HIC,2025,10,65+,36.0,2025-10-01,2025Q4
Romania,ROU,EUR,HIC,2025,3,65+,2.0,2025-03-01,2025Q1
Romania,ROU,EUR,HIC,2025,2,65+,2.0,2025-02-01,2025Q1
Romania,ROU,EUR,HIC,2025,8,65+,14.0,2025-08-01,2025Q3
Romania,ROU,EUR,HIC,2025,4,65+,1.0,2025-04-01,2025Q2
Romania,ROU,EUR,HIC,2025,9,65+,45.0,2025-09-01,2025Q3
Romania,ROU,EUR,HIC,2025,11,65+,5.0,2025-11-01,2025Q4
Estonia,EST,EUR,HIC,2025,6,65+,2.0,2025-06-01,2025Q2
Estonia,EST,EUR,HIC,2025,12,65+,19.0,2025-12-01,2025Q4
Estonia,EST,EUR,HIC,2025,11,65+,6.0,2025-11-01,2025Q4
Slovakia,SVK,EUR,HIC,2025,10,65+,14.0,2025-10-01,2025Q4
Estonia,EST,EUR,HIC,2025,3,65+,6.0,2025-03-01,2025Q1
Estonia,EST,EUR,HIC,2025,2,65+,14.0,2025-02-01,2025Q1
Estonia,EST,EUR,HIC,2025,9,65+,3.0,2025-09-01,2025Q3
Estonia,EST,EUR,HIC,2025,1,65+,13.0,2025-01-01,2025Q1
Malta,MLT,EUR,HIC,2025,1,65+,2.0,2025-01-01,2025Q1
Malta,MLT,EUR,HIC,2025,6,65+,6.0,2025-06-01,2025Q2
Malta,MLT,EUR,HIC,2025,5,65+,5.0,2025-05-01,2025Q2
Malta,MLT,EUR,HIC,2025,2,65+,4.0,2025-02-01,2025Q1
Malta,MLT,EUR,HIC,2025,4,65+,5.0,2025-04-01,2025Q2
Estonia,EST,EUR,HIC,2025,4,65+,2.0,2025-04-01,2025Q2
Malta,MLT,EUR,HIC,2025,9,65+,5.0,2025-09-01,2025Q3
Malta,MLT,EUR,HIC,2025,7,65+,25.0,2025-07-01,2025Q3
Estonia,EST,EUR,HIC,2025,10,65+,18.0,2025-10-01,2025Q4
Malta,MLT,EUR,HIC,2025,10,65+,7.0,2025-10-01,2025Q4
Malta,MLT,EUR,HIC,2025,8,65+,22.0,2025-08-01,2025Q3
Malta,MLT,EUR,HIC,2025,12,65+,8.0,2025-12-01,2025Q4
Malta,MLT,EUR,HIC,2025,11,65+,7.0,2025-11-01,2025Q4
Uruguay,URY,AMR,HIC,2025,8,65+,0.0,2025-08-01,2025Q3
Uruguay,URY,AMR,HIC,2025,11,65+,0.0,2025-11-01,2025Q4
Uruguay,URY,AMR,HIC,2025,10,65+,1.0,2025-10-01,2025Q4
Uruguay,URY,AMR,HIC,2025,7,65+,0.0,2025-07-01,2025Q3
Uruguay,URY,AMR,HIC,2025,6,65+,0.0,2025-06-01,2025Q2
Uruguay,URY,AMR,HIC,2025,12,65+,0.0,2025-12-01,2025Q4
Uruguay,URY,AMR,HIC,2025,2,65+,0.0,2025-02-01,2025Q1
Uruguay,URY,AMR,HIC,2025,4,65+,1.0,2025-04-01,2025Q2
Uruguay,URY,AMR,HIC,2025,1,65+,0.0,2025-01-01,2025Q1
Uruguay,URY,AMR,HIC,2025,5,65+,0.0,2025-05-01,2025Q2
Uruguay,URY,AMR,HIC,2025,3,65+,0.0,2025-03-01,2025Q1
Uruguay,URY,AMR,HIC,2025,9,65+,0.0,2025-09-01,2025Q3
Malaysia,MYS,WPR,UMC,2025,1,65+,0.0,2025-01-01,2025Q1
Slovenia,SVN,EUR,HIC,2025,1,65+,0.0,2025-01-01,2025Q1
France,FRA,EUR,HIC,2025,1,65+,7.0,2025-01-01,2025Q1
France,FRA,EUR,HIC,2025,11,65+,6.0,2025-11-01,2025Q4
France,FRA,EUR,HIC,2025,3,65+,3.0,2025-03-01,2025Q1
France,FRA,EUR,HIC,2025,2,65+,4.0,2025-02-01,2025Q1
France,FRA,EUR,HIC,2025,10,65+,16.0,2025-10-01,2025Q4
France,FRA,EUR,HIC,2025,12,65+,8.0,2025-12-01,2025Q4
Mexico,MEX,AMR,UMC,2025,7,65+,20.0,2025-07-01,2025Q3
Mexico,MEX,AMR,UMC,2025,1,65+,10.0,2025-01-01,2025Q1
Mexico,MEX,AMR,UMC,2025,9,65+,10.0,2025-09-01,2025Q3
Mexico,MEX,AMR,UMC,2025,8,65+,12.0,2025-08-01,2025Q3
Mexico,MEX,AMR,UMC,2025,2,65+,5.0,2025-02-01,2025Q1
Mexico,MEX,AMR,UMC,2025,4,65+,39.0,2025-04-01,2025Q2
Mexico,MEX,AMR,UMC,2025,3,65+,12.0,2025-03-01,2025Q1
Mexico,MEX,AMR,UMC,2025,10,65+,8.0,2025-10-01,2025Q4
Mexico,MEX,AMR,UMC,2025,5,65+,33.0,2025-05-01,2025Q2
Mexico,MEX,AMR,UMC,2025,11,65+,0.0,2025-11-01,2025Q4
Mexico,MEX,AMR,UMC,2025,12,65+,0.0,2025-12-01,2025Q4
Mexico,MEX,AMR,UMC,2025,6,65+,24.0,2025-06-01,2025Q2
Mauritania,MRT,AFR,LMC,2025,1,65+,0.0,2025-01-01,2025Q1
Mauritania,MRT,AFR,LMC,2025,8,65+,0.0,2025-08-01,2025Q3
Mauritania,MRT,AFR,LMC,2025,4,65+,0.0,2025-04-01,2025Q2
Mauritania,MRT,AFR,LMC,2025,2,65+,1.0,2025-02-01,2025Q1
Mauritania,MRT,AFR,LMC,2025,5,65+,0.0,2025-05-01,2025Q2
Mauritania,MRT,AFR,LMC,2025,3,65+,0.0,2025-03-01,2025Q1
Mauritania,MRT,AFR,LMC,2025,7,65+,0.0,2025-07-01,2025Q3
Mauritania,MRT,AFR,LMC,2025,11,65+,0.0,2025-11-01,2025Q4
Mauritania,MRT,AFR,LMC,2025,10,65+,0.0,2025-10-01,2025Q4
Mauritania,MRT,AFR,LMC,2025,9,65+,0.0,2025-09-01,2025Q3
Mauritania,MRT,AFR,LMC,2025,6,65+,0.0,2025-06-01,2025Q2
Slovakia,SVK,EUR,HIC,2025,12,65+,9.0,2025-12-01,2025Q4
Slovakia,SVK,EUR,HIC,2025,1,65+,2.0,2025-01-01,2025Q1
Slovakia,SVK,EUR,HIC,2025,11,65+,3.0,2025-11-01,2025Q4
Slovakia,SVK,EUR,HIC,2025,3,65+,2.0,2025-03-01,2025Q1
Latvia,LVA,EUR,HIC,2025,8,65+,0.0,2025-08-01,2025Q3
Latvia,LVA,EUR,HIC,2025,2,65+,0.0,2025-02-01,2025Q1
Latvia,LVA,EUR,HIC,2025,1,65+,0.0,2025-01-01,2025Q1
North Macedonia,MKD,EUR,UMC,2025,1,65+,0.0,2025-01-01,2025Q1
North Macedonia,MKD,EUR,UMC,2025,2,65+,0.0,2025-02-01,2025Q1
Brazil,BRA,AMR,UMC,2025,1,65+,229.0,2025-01-01,2025Q1
Brazil,BRA,AMR,UMC,2025,2,65+,182.0,2025-02-01,2025Q1
Brazil,BRA,AMR,UMC,2025,3,65+,83.0,2025-03-01,2025Q1
Brazil,BRA,AMR,UMC,2025,9,65+,118.0,2025-09-01,2025Q3
Brazil,BRA,AMR,UMC,2025,8,65+,110.0,2025-08-01,2025Q3
Brazil,BRA,AMR,UMC,2025,10,65+,105.0,2025-10-01,2025Q4
Brazil,BRA,AMR,UMC,2025,5,65+,35.0,2025-05-01,2025Q2
Brazil,BRA,AMR,UMC,2025,11,65+,58.0,2025-11-01,2025Q4
Brazil,BRA,AMR,UMC,2025,12,65+,23.0,2025-12-01,2025Q4
Brazil,BRA,AMR,UMC,2025,7,65+,55.0,2025-07-01,2025Q3
Brazil,BRA,AMR,UMC,2025,4,65+,50.0,2025-04-01,2025Q2
Brazil,BRA,AMR,UMC,2025,6,65+,31.0,2025-06-01,2025Q2
Latvia,LVA,EUR,HIC,2025,12,65+,0.0,2025-12-01,2025Q4
Latvia,LVA,EUR,HIC,2025,11,65+,0.0,2025-11-01,2025Q4
Latvia,LVA,EUR,HIC,2025,10,65+,0.0,2025-10-01,2025Q4
Latvia,LVA,EUR,HIC,2025,7,65+,0.0,2025-07-01,2025Q3
Latvia,LVA,EUR,HIC,2025,6,65+,0.0,2025-06-01,2025Q2
Latvia,LVA,EUR,HIC,2025,4,65+,0.0,2025-04-01,2025Q2
Latvia,LVA,EUR,HIC,2025,5,65+,0.0,2025-05-01,2025Q2
Latvia,LVA,EUR,HIC,2025,3,65+,0.0,2025-03-01,2025Q1
Latvia,LVA,EUR,HIC,2025,9,65+,0.0,2025-09-01,2025Q3
Ecuador,ECU,AMR,UMC,2025,9,65+,1.0,2025-09-01,2025Q3
Ecuador,ECU,AMR,UMC,2025,6,65+,1.0,2025-06-01,2025Q2
Brunei Darussalam,BRN,WPR,HIC,2025,1,65+,0.0,2025-01-01,2025Q1
Brunei Darussalam,BRN,WPR,HIC,2025,7,65+,0.0,2025-07-01,2025Q3
Brunei Darussalam,BRN,WPR,HIC,2025,2,65+,0.0,2025-02-01,2025Q1
Brunei Darussalam,BRN,WPR,HIC,2025,12,65+,0.0,2025-12-01,2025Q4
Brunei Darussalam,BRN,WPR,HIC,2025,6,65+,0.0,2025-06-01,2025Q2
Brunei Darussalam,BRN,WPR,HIC,2025,11,65+,0.0,2025-11-01,2025Q4
Brunei Darussalam,BRN,WPR,HIC,2025,3,65+,0.0,2025-03-01,2025Q1
Brunei Darussalam,BRN,WPR,HIC,2025,4,65+,0.0,2025-04-01,2025Q2
Brunei Darussalam,BRN,WPR,HIC,2025,8,65+,0.0,2025-08-01,2025Q3
Brunei Darussalam,BRN,WPR,HIC,2025,5,65+,0.0,2025-05-01,2025Q2
Brunei Darussalam,BRN,WPR,HIC,2025,9,65+,0.0,2025-09-01,2025Q3
Brunei Darussalam,BRN,WPR,HIC,2025,10,65+,0.0,2025-10-01,2025Q4
British Virgin Islands,VGB,AMR,HIC,2025,2,65+,0.0,2025-02-01,2025Q1
British Virgin Islands,VGB,AMR,HIC,2025,4,65+,0.0,2025-04-01,2025Q2
British Virgin Islands,VGB,AMR,HIC,2025,12,65+,0.0,2025-12-01,2025Q4
British Virgin Islands,VGB,AMR,HIC,2025,5,65+,0.0,2025-05-01,2025Q2
British Virgin Islands,VGB,AMR,HIC,2025,9,65+,0.0,2025-09-01,2025Q3
British Virgin Islands,VGB,AMR,HIC,2025,10,65+,0.0,2025-10-01,2025Q4
British Virgin Islands,VGB,AMR,HIC,2025,3,65+,0.0,2025-03-01,2025Q1
British Virgin Islands,VGB,AMR,HIC,2025,8,65+,0.0,2025-08-01,2025Q3
British Virgin Islands,VGB,AMR,HIC,2025,1,65+,0.0,2025-01-01,2025Q1
British Virgin Islands,VGB,AMR,HIC,2025,11,65+,0.0,2025-11-01,2025Q4
British Virgin Islands,VGB,AMR,HIC,2025,7,65+,0.0,2025-07-01,2025Q3
British Virgin Islands,VGB,AMR,HIC,2025,6,65+,0.0,2025-06-01,2025Q2
United States of America,USA,AMR,HIC,2025,4,65+,1403.0,2025-04-01,2025Q2
United States of America,USA,AMR,HIC,2025,7,65+,741.0,2025-07-01,2025Q3
United States of America,USA,AMR,HIC,2025,6,65+,662.0,2025-06-01,2025Q2
United States of America,USA,AMR,HIC,2025,3,65+,1999.0,2025-03-01,2025Q1
United States of America,USA,AMR,HIC,2025,11,65+,789.0,2025-11-01,2025Q4
United States of America,USA,AMR,HIC,2025,10,65+,1137.0,2025-10-01,2025Q4
United States of America,USA,AMR,HIC,2025,1,65+,3912.0,2025-01-01,2025Q1
United States of America,USA,AMR,HIC,2025,2,65+,2700.0,2025-02-01,2025Q1
United States of America,USA,AMR,HIC,2025,9,65+,1699.0,2025-09-01,2025Q3
United States of America,USA,AMR,HIC,2025,8,65+,1109.0,2025-08-01,2025Q3
United States of America,USA,AMR,HIC,2025,12,65+,1113.0,2025-12-01,2025Q4
United States of America,USA,AMR,HIC,2025,5,65+,904.0,2025-05-01,2025Q2
Bolivia (Plurinational State of),BOL,AMR,LMC,2025,9,65+,0.0,2025-09-01,2025Q3
Bolivia (Plurinational State of),BOL,AMR,LMC,2025,10,65+,0.0,2025-10-01,2025Q4
Bolivia (Plurinational State of),BOL,AMR,LMC,2025,3,65+,0.0,2025-03-01,2025Q1
Lithuania,LTU,EUR,HIC,2025,2,65+,4.0,2025-02-01,2025Q1
Bolivia (Plurinational State of),BOL,AMR,LMC,2025,1,65+,0.0,2025-01-01,2025Q1
Bolivia (Plurinational State of),BOL,AMR,LMC,2025,11,65+,0.0,2025-11-01,2025Q4
Bolivia (Plurinational State of),BOL,AMR,LMC,2025,4,65+,0.0,2025-04-01,2025Q2
Bolivia (Plurinational State of),BOL,AMR,LMC,2025,12,65+,0.0,2025-12-01,2025Q4
Bolivia (Plurinational State of),BOL,AMR,LMC,2025,5,65+,0.0,2025-05-01,2025Q2
Bolivia (Plurinational State of),BOL,AMR,LMC,2025,8,65+,0.0,2025-08-01,2025Q3
Lithuania,LTU,EUR,HIC,2025,11,65+,4.0,2025-11-01,2025Q4
Lithuania,LTU,EUR,HIC,2025,12,65+,8.0,2025-12-01,2025Q4
Lithuania,LTU,EUR,HIC,2025,3,65+,1.0,2025-03-01,2025Q1
Bolivia (Plurinational State of),BOL,AMR,LMC,2025,7,65+,0.0,2025-07-01,2025Q3
Lithuania,LTU,EUR,HIC,2025,5,65+,0.0,2025-05-01,2025Q2
Bolivia (Plurinational State of),BOL,AMR,LMC,2025,6,65+,0.0,2025-06-01,2025Q2
Lithuania,LTU,EUR,HIC,2025,4,65+,3.0,2025-04-01,2025Q2
Lithuania,LTU,EUR,HIC,2025,10,65+,17.0,2025-10-01,2025Q4
Lithuania,LTU,EUR,HIC,2025,1,65+,4.0,2025-01-01,2025Q1
Bolivia (Plurinational State of),BOL,AMR,LMC,2025,2,65+,0.0,2025-02-01,2025Q1
Liechtenstein,LIE,EUR,HIC,2025,6,65+,0.0,2025-06-01,2025Q2
Liechtenstein,LIE,EUR,HIC,2025,1,65+,0.0,2025-01-01,2025Q1
Liechtenstein,LIE,EUR,HIC,2025,7,65+,0.0,2025-07-01,2025Q3
Liechtenstein,LIE,EUR,HIC,2025,3,65+,0.0,2025-03-01,2025Q1
Liechtenstein,LIE,EUR,HIC,2025,10,65+,0.0,2025-10-01,2025Q4
Liechtenstein,LIE,EUR,HIC,2025,4,65+,0.0,2025-04-01,2025Q2
Liechtenstein,LIE,EUR,HIC,2025,12,65+,0.0,2025-12-01,2025Q4
Liechtenstein,LIE,EUR,HIC,2025,11,65+,0.0,2025-11-01,2025Q4
Liechtenstein,LIE,EUR,HIC,2025,5,65+,0.0,2025-05-01,2025Q2
Liechtenstein,LIE,EUR,HIC,2025,9,65+,0.0,2025-09-01,2025Q3
Liechtenstein,LIE,EUR,HIC,2025,8,65+,0.0,2025-08-01,2025Q3
Liechtenstein,LIE,EUR,HIC,2025,2,65+,0.0,2025-02-01,2025Q1
Bosnia and Herzegovina,BIH,EUR,UMC,2025,5,65+,0.0,2025-05-01,2025Q2
Bosnia and Herzegovina,BIH,EUR,UMC,2025,2,65+,1.0,2025-02-01,2025Q1
Bosnia and Herzegovina,BIH,EUR,UMC,2025,9,65+,0.0,2025-09-01,2025Q3
Bosnia and Herzegovina,BIH,EUR,UMC,2025,11,65+,8.0,2025-11-01,2025Q4
Bosnia and Herzegovina,BIH,EUR,UMC,2025,7,65+,0.0,2025-07-01,2025Q3
Bosnia and Herzegovina,BIH,EUR,UMC,2025,6,65+,0.0,2025-06-01,2025Q2
Bosnia and Herzegovina,BIH,EUR,UMC,2025,10,65+,1.0,2025-10-01,2025Q4
Bosnia and Herzegovina,BIH,EUR,UMC,2025,8,65+,0.0,2025-08-01,2025Q3
Bosnia and Herzegovina,BIH,EUR,UMC,2025,12,65+,3.0,2025-12-01,2025Q4
Bosnia and Herzegovina,BIH,EUR,UMC,2025,3,65+,0.0,2025-03-01,2025Q1
Bosnia and Herzegovina,BIH,EUR,UMC,2025,4,65+,0.0,2025-04-01,2025Q2
Bosnia and Herzegovina,BIH,EUR,UMC,2025,1,65+,1.0,2025-01-01,2025Q1
Greece,GRC,EUR,HIC,2024,2,65+,95.0,2024-02-01,2024Q1
Greece,GRC,EUR,HIC,2024,8,65+,159.0,2024-08-01,2024Q3
Greece,GRC,EUR,HIC,2024,6,65+,55.0,2024-06-01,2024Q2
Greece,GRC,EUR,HIC,2024,4,65+,18.0,2024-04-01,2024Q2
Greece,GRC,EUR,HIC,2024,3,65+,38.0,2024-03-01,2024Q1
Greece,GRC,EUR,HIC,2024,11,65+,110.0,2024-11-01,2024Q4
Greece,GRC,EUR,HIC,2024,9,65+,109.0,2024-09-01,2024Q3
Greece,GRC,EUR,HIC,2024,1,65+,410.0,2024-01-01,2024Q1
Greece,GRC,EUR,HIC,2024,10,65+,117.0,2024-10-01,2024Q4
Finland,FIN,EUR,HIC,2024,2,65+,3.0,2024-02-01,2024Q1
Greece,GRC,EUR,HIC,2024,12,65+,133.0,2024-12-01,2024Q4
Albania,ALB,EUR,UMC,2024,8,65+,2.0,2024-08-01,2024Q3
Greece,GRC,EUR,HIC,2024,5,65+,16.0,2024-05-01,2024Q2
Greece,GRC,EUR,HIC,2024,7,65+,173.0,2024-07-01,2024Q3
Albania,ALB,EUR,UMC,2024,7,65+,1.0,2024-07-01,2024Q3
Saint Lucia,LCA,AMR,UMC,2024,11,65+,0.0,2024-11-01,2024Q4
Saint Lucia,LCA,AMR,UMC,2024,1,65+,0.0,2024-01-01,2024Q1
Saint Lucia,LCA,AMR,UMC,2024,2,65+,0.0,2024-02-01,2024Q1
France,FRA,EUR,HIC,2024,2,65+,5.0,2024-02-01,2024Q1
France,FRA,EUR,HIC,2024,1,65+,26.0,2024-01-01,2024Q1
Saint Lucia,LCA,AMR,UMC,2024,7,65+,0.0,2024-07-01,2024Q3
Saint Lucia,LCA,AMR,UMC,2024,9,65+,0.0,2024-09-01,2024Q3
Saint Lucia,LCA,AMR,UMC,2024,4,65+,0.0,2024-04-01,2024Q2
Saint Lucia,LCA,AMR,UMC,2024,10,65+,0.0,2024-10-01,2024Q4
Saint Lucia,LCA,AMR,UMC,2024,6,65+,0.0,2024-06-01,2024Q2
Saint Lucia,LCA,AMR,UMC,2024,3,65+,0.0,2024-03-01,2024Q1
Saint Lucia,LCA,AMR,UMC,2024,12,65+,0.0,2024-12-01,2024Q4
Saint Lucia,LCA,AMR,UMC,2024,5,65+,0.0,2024-05-01,2024Q2
Saint Lucia,LCA,AMR,UMC,2024,8,65+,0.0,2024-08-01,2024Q3
France,FRA,EUR,HIC,2024,11,65+,14.0,2024-11-01,2024Q4
France,FRA,EUR,HIC,2024,10,65+,19.0,2024-10-01,2024Q4
Finland,FIN,EUR,HIC,2024,1,65+,49.0,2024-01-01,2024Q1
Guatemala,GTM,AMR,UMC,2024,1,65+,0.0,2024-01-01,2024Q1
Guatemala,GTM,AMR,UMC,2024,8,65+,0.0,2024-08-01,2024Q3
Guatemala,GTM,AMR,UMC,2024,12,65+,0.0,2024-12-01,2024Q4
France,FRA,EUR,HIC,2024,12,65+,17.0,2024-12-01,2024Q4
Guatemala,GTM,AMR,UMC,2024,11,65+,0.0,2024-11-01,2024Q4
Guatemala,GTM,AMR,UMC,2024,7,65+,0.0,2024-07-01,2024Q3
Guatemala,GTM,AMR,UMC,2024,6,65+,0.0,2024-06-01,2024Q2
Guatemala,GTM,AMR,UMC,2024,10,65+,0.0,2024-10-01,2024Q4
Guatemala,GTM,AMR,UMC,2024,2,65+,0.0,2024-02-01,2024Q1
Guatemala,GTM,AMR,UMC,2024,3,65+,1.0,2024-03-01,2024Q1
Guatemala,GTM,AMR,UMC,2024,9,65+,0.0,2024-09-01,2024Q3
Guatemala,GTM,AMR,UMC,2024,5,65+,0.0,2024-05-01,2024Q2
Guatemala,GTM,AMR,UMC,2024,4,65+,0.0,2024-04-01,2024Q2
Latvia,LVA,EUR,HIC,2024,10,65+,0.0,2024-10-01,2024Q4
Lithuania,LTU,EUR,HIC,2024,12,65+,11.0,2024-12-01,2024Q4
Lithuania,LTU,EUR,HIC,2024,5,65+,1.0,2024-05-01,2024Q2
Lithuania,LTU,EUR,HIC,2024,6,65+,2.0,2024-06-01,2024Q2
Lithuania,LTU,EUR,HIC,2024,8,65+,5.0,2024-08-01,2024Q3
Lithuania,LTU,EUR,HIC,2024,4,65+,2.0,2024-04-01,2024Q2
Lithuania,LTU,EUR,HIC,2024,1,65+,0.0,2024-01-01,2024Q1
Lithuania,LTU,EUR,HIC,2024,2,65+,0.0,2024-02-01,2024Q1
Lithuania,LTU,EUR,HIC,2024,9,65+,12.0,2024-09-01,2024Q3
Lithuania,LTU,EUR,HIC,2024,11,65+,8.0,2024-11-01,2024Q4
Lithuania,LTU,EUR,HIC,2024,10,65+,23.0,2024-10-01,2024Q4
Lithuania,LTU,EUR,HIC,2024,7,65+,3.0,2024-07-01,2024Q3
Lithuania,LTU,EUR,HIC,2024,3,65+,2.0,2024-03-01,2024Q1
Liechtenstein,LIE,EUR,HIC,2024,2,65+,1.0,2024-02-01,2024Q1
Liechtenstein,LIE,EUR,HIC,2024,12,65+,0.0,2024-12-01,2024Q4
Liechtenstein,LIE,EUR,HIC,2024,11,65+,0.0,2024-11-01,2024Q4
Liechtenstein,LIE,EUR,HIC,2024,10,65+,0.0,2024-10-01,2024Q4
Liechtenstein,LIE,EUR,HIC,2024,4,65+,0.0,2024-04-01,2024Q2
Liechtenstein,LIE,EUR,HIC,2024,9,65+,0.0,2024-09-01,2024Q3
Liechtenstein,LIE,EUR,HIC,2024,8,65+,0.0,2024-08-01,2024Q3
Liechtenstein,LIE,EUR,HIC,2024,1,65+,0.0,2024-01-01,2024Q1
Liechtenstein,LIE,EUR,HIC,2024,7,65+,0.0,2024-07-01,2024Q3
Liechtenstein,LIE,EUR,HIC,2024,6,65+,0.0,2024-06-01,2024Q2
Liechtenstein,LIE,EUR,HIC,2024,3,65+,0.0,2024-03-01,2024Q1
Liechtenstein,LIE,EUR,HIC,2024,5,65+,0.0,2024-05-01,2024Q2
North Macedonia,MKD,EUR,UMC,2024,3,65+,1.0,2024-03-01,2024Q1
North Macedonia,MKD,EUR,UMC,2024,6,65+,0.0,2024-06-01,2024Q2
North Macedonia,MKD,EUR,UMC,2024,1,65+,5.0,2024-01-01,2024Q1
North Macedonia,MKD,EUR,UMC,2024,2,65+,4.0,2024-02-01,2024Q1
North Macedonia,MKD,EUR,UMC,2024,4,65+,0.0,2024-04-01,2024Q2
North Macedonia,MKD,EUR,UMC,2024,11,65+,0.0,2024-11-01,2024Q4
North Macedonia,MKD,EUR,UMC,2024,10,65+,1.0,2024-10-01,2024Q4
North Macedonia,MKD,EUR,UMC,2024,12,65+,0.0,2024-12-01,2024Q4
North Macedonia,MKD,EUR,UMC,2024,9,65+,5.0,2024-09-01,2024Q3
North Macedonia,MKD,EUR,UMC,2024,5,65+,0.0,2024-05-01,2024Q2
North Macedonia,MKD,EUR,UMC,2024,8,65+,3.0,2024-08-01,2024Q3
North Macedonia,MKD,EUR,UMC,2024,7,65+,1.0,2024-07-01,2024Q3
Latvia,LVA,EUR,HIC,2024,3,65+,0.0,2024-03-01,2024Q1
Latvia,LVA,EUR,HIC,2024,4,65+,0.0,2024-04-01,2024Q2
Latvia,LVA,EUR,HIC,2024,12,65+,0.0,2024-12-01,2024Q4
Latvia,LVA,EUR,HIC,2024,11,65+,0.0,2024-11-01,2024Q4
Mauritania,MRT,AFR,LMC,2024,3,65+,0.0,2024-03-01,2024Q1
Mauritania,MRT,AFR,LMC,2024,1,65+,0.0,2024-01-01,2024Q1
Mauritania,MRT,AFR,LMC,2024,2,65+,0.0,2024-02-01,2024Q1
Mauritania,MRT,AFR,LMC,2024,11,65+,0.0,2024-11-01,2024Q4
Mauritania,MRT,AFR,LMC,2024,9,65+,0.0,2024-09-01,2024Q3
Mauritania,MRT,AFR,LMC,2024,5,65+,0.0,2024-05-01,2024Q2
Mauritania,MRT,AFR,LMC,2024,4,65+,0.0,2024-04-01,2024Q2
Mauritania,MRT,AFR,LMC,2024,7,65+,0.0,2024-07-01,2024Q3
Mauritania,MRT,AFR,LMC,2024,6,65+,0.0,2024-06-01,2024Q2
Mauritania,MRT,AFR,LMC,2024,12,65+,0.0,2024-12-01,2024Q4
Mauritania,MRT,AFR,LMC,2024,10,65+,0.0,2024-10-01,2024Q4
Mauritania,MRT,AFR,LMC,2024,8,65+,0.0,2024-08-01,2024Q3
Mexico,MEX,AMR,UMC,2024,12,65+,1.0,2024-12-01,2024Q4
Mexico,MEX,AMR,UMC,2024,11,65+,4.0,2024-11-01,2024Q4
Mexico,MEX,AMR,UMC,2024,10,65+,16.0,2024-10-01,2024Q4
Mexico,MEX,AMR,UMC,2024,3,65+,75.0,2024-03-01,2024Q1
Mexico,MEX,AMR,UMC,2024,1,65+,40.0,2024-01-01,2024Q1
Mexico,MEX,AMR,UMC,2024,5,65+,29.0,2024-05-01,2024Q2
Mexico,MEX,AMR,UMC,2024,4,65+,26.0,2024-04-01,2024Q2
Mexico,MEX,AMR,UMC,2024,6,65+,22.0,2024-06-01,2024Q2
Mexico,MEX,AMR,UMC,2024,9,65+,24.0,2024-09-01,2024Q3
Mexico,MEX,AMR,UMC,2024,2,65+,70.0,2024-02-01,2024Q1
Mexico,MEX,AMR,UMC,2024,8,65+,79.0,2024-08-01,2024Q3
Mexico,MEX,AMR,UMC,2024,7,65+,72.0,2024-07-01,2024Q3
Malaysia,MYS,WPR,UMC,2024,10,65+,0.0,2024-10-01,2024Q4
Malaysia,MYS,WPR,UMC,2024,3,65+,0.0,2024-03-01,2024Q1
Malaysia,MYS,WPR,UMC,2024,8,65+,0.0,2024-08-01,2024Q3
Malaysia,MYS,WPR,UMC,2024,4,65+,1.0,2024-04-01,2024Q2
Malaysia,MYS,WPR,UMC,2024,2,65+,1.0,2024-02-01,2024Q1
Malaysia,MYS,WPR,UMC,2024,7,65+,0.0,2024-07-01,2024Q3
Malaysia,MYS,WPR,UMC,2024,6,65+,0.0,2024-06-01,2024Q2
Malaysia,MYS,WPR,UMC,2024,5,65+,1.0,2024-05-01,2024Q2
Malaysia,MYS,WPR,UMC,2024,9,65+,0.0,2024-09-01,2024Q3
Malaysia,MYS,WPR,UMC,2024,12,65+,0.0,2024-12-01,2024Q4
Malaysia,MYS,WPR,UMC,2024,11,65+,0.0,2024-11-01,2024Q4
Malaysia,MYS,WPR,UMC,2024,1,65+,39.0,2024-01-01,2024Q1
Malta,MLT,EUR,HIC,2024,3,65+,2.0,2024-03-01,2024Q1
Malta,MLT,EUR,HIC,2024,1,65+,20.0,2024-01-01,2024Q1
Malta,MLT,EUR,HIC,2024,7,65+,41.0,2024-07-01,2024Q3
Malta,MLT,EUR,HIC,2024,4,65+,1.0,2024-04-01,2024Q2
Malta,MLT,EUR,HIC,2024,11,65+,0.0,2024-11-01,2024Q4
Malta,MLT,EUR,HIC,2024,10,65+,6.0,2024-10-01,2024Q4
Malta,MLT,EUR,HIC,2024,8,65+,17.0,2024-08-01,2024Q3
Malta,MLT,EUR,HIC,2024,5,65+,8.0,2024-05-01,2024Q2
Malta,MLT,EUR,HIC,2024,12,65+,3.0,2024-12-01,2024Q4
Malta,MLT,EUR,HIC,2024,6,65+,8.0,2024-06-01,2024Q2
Malta,MLT,EUR,HIC,2024,9,65+,3.0,2024-09-01,2024Q3
Malta,MLT,EUR,HIC,2024,2,65+,2.0,2024-02-01,2024Q1
Indonesia,IDN,WPR,UMC,2024,1,65+,43.0,2024-01-01,2024Q1
Romania,ROU,EUR,HIC,2024,2,65+,16.0,2024-02-01,2024Q1
Romania,ROU,EUR,HIC,2024,4,65+,7.0,2024-04-01,2024Q2
Romania,ROU,EUR,HIC,2024,1,65+,41.0,2024-01-01,2024Q1
Indonesia,IDN,WPR,UMC,2024,2,65+,4.0,2024-02-01,2024Q1
Indonesia,IDN,WPR,UMC,2024,6,65+,0.0,2024-06-01,2024Q2
Indonesia,IDN,WPR,UMC,2024,4,65+,1.0,2024-04-01,2024Q2
Indonesia,IDN,WPR,UMC,2024,3,65+,0.0,2024-03-01,2024Q1
Romania,ROU,EUR,HIC,2024,9,65+,16.0,2024-09-01,2024Q3
Romania,ROU,EUR,HIC,2024,10,65+,26.0,2024-10-01,2024Q4
Romania,ROU,EUR,HIC,2024,7,65+,16.0,2024-07-01,2024Q3
Romania,ROU,EUR,HIC,2024,11,65+,11.0,2024-11-01,2024Q4
Romania,ROU,EUR,HIC,2024,8,65+,40.0,2024-08-01,2024Q3
Romania,ROU,EUR,HIC,2024,12,65+,9.0,2024-12-01,2024Q4
Romania,ROU,EUR,HIC,2024,3,65+,6.0,2024-03-01,2024Q1
Romania,ROU,EUR,HIC,2024,5,65+,2.0,2024-05-01,2024Q2
Romania,ROU,EUR,HIC,2024,6,65+,2.0,2024-06-01,2024Q2
Hungary,HUN,EUR,HIC,2024,4,65+,2.0,2024-04-01,2024Q2
Hungary,HUN,EUR,HIC,2024,12,65+,9.0,2024-12-01,2024Q4
Hungary,HUN,EUR,HIC,2024,3,65+,1.0,2024-03-01,2024Q1
Hungary,HUN,EUR,HIC,2024,8,65+,6.0,2024-08-01,2024Q3
Hungary,HUN,EUR,HIC,2024,11,65+,7.0,2024-11-01,2024Q4
Hungary,HUN,EUR,HIC,2024,7,65+,2.0,2024-07-01,2024Q3
Hungary,HUN,EUR,HIC,2024,2,65+,6.0,2024-02-01,2024Q1
Hungary,HUN,EUR,HIC,2024,1,65+,46.0,2024-01-01,2024Q1
Hungary,HUN,EUR,HIC,2024,10,65+,24.0,2024-10-01,2024Q4
Hungary,HUN,EUR,HIC,2024,9,65+,13.0,2024-09-01,2024Q3
Republic of Moldova,MDA,EUR,UMC,2024,2,65+,3.0,2024-02-01,2024Q1
Republic of Moldova,MDA,EUR,UMC,2024,7,65+,5.0,2024-07-01,2024Q3
Republic of Moldova,MDA,EUR,UMC,2024,9,65+,17.0,2024-09-01,2024Q3
Republic of Moldova,MDA,EUR,UMC,2024,6,65+,2.0,2024-06-01,2024Q2
Republic of Moldova,MDA,EUR,UMC,2024,8,65+,9.0,2024-08-01,2024Q3
Indonesia,IDN,WPR,UMC,2024,7,65+,1.0,2024-07-01,2024Q3
Indonesia,IDN,WPR,UMC,2024,8,65+,0.0,2024-08-01,2024Q3
Republic of Moldova,MDA,EUR,UMC,2024,12,65+,0.0,2024-12-01,2024Q4
Republic of Moldova,MDA,EUR,UMC,2024,1,65+,22.0,2024-01-01,2024Q1
Republic of Moldova,MDA,EUR,UMC,2024,5,65+,1.0,2024-05-01,2024Q2
Republic of Moldova,MDA,EUR,UMC,2024,10,65+,2.0,2024-10-01,2024Q4
Republic of Moldova,MDA,EUR,UMC,2024,3,65+,9.0,2024-03-01,2024Q1
Republic of Moldova,MDA,EUR,UMC,2024,11,65+,1.0,2024-11-01,2024Q4
Republic of Moldova,MDA,EUR,UMC,2024,4,65+,2.0,2024-04-01,2024Q2
Guyana,GUY,AMR,HIC,2024,6,65+,0.0,2024-06-01,2024Q2
Guyana,GUY,AMR,HIC,2024,9,65+,0.0,2024-09-01,2024Q3
Guyana,GUY,AMR,HIC,2024,2,65+,0.0,2024-02-01,2024Q1
Guyana,GUY,AMR,HIC,2024,1,65+,0.0,2024-01-01,2024Q1
Guyana,GUY,AMR,HIC,2024,10,65+,0.0,2024-10-01,2024Q4
Guyana,GUY,AMR,HIC,2024,3,65+,1.0,2024-03-01,2024Q1
Guyana,GUY,AMR,HIC,2024,11,65+,0.0,2024-11-01,2024Q4
Guyana,GUY,AMR,HIC,2024,5,65+,0.0,2024-05-01,2024Q2
Guyana,GUY,AMR,HIC,2024,4,65+,0.0,2024-04-01,2024Q2
Guyana,GUY,AMR,HIC,2024,7,65+,0.0,2024-07-01,2024Q3
Guyana,GUY,AMR,HIC,2024,8,65+,0.0,2024-08-01,2024Q3
Guyana,GUY,AMR,HIC,2024,12,65+,0.0,2024-12-01,2024Q4
Honduras,HND,AMR,LMC,2024,11,65+,0.0,2024-11-01,2024Q4
Honduras,HND,AMR,LMC,2024,12,65+,0.0,2024-12-01,2024Q4
Honduras,HND,AMR,LMC,2024,8,65+,0.0,2024-08-01,2024Q3
Honduras,HND,AMR,LMC,2024,1,65+,0.0,2024-01-01,2024Q1
Honduras,HND,AMR,LMC,2024,6,65+,0.0,2024-06-01,2024Q2
Honduras,HND,AMR,LMC,2024,4,65+,0.0,2024-04-01,2024Q2
Honduras,HND,AMR,LMC,2024,10,65+,0.0,2024-10-01,2024Q4
Honduras,HND,AMR,LMC,2024,9,65+,0.0,2024-09-01,2024Q3
Honduras,HND,AMR,LMC,2024,7,65+,0.0,2024-07-01,2024Q3
Honduras,HND,AMR,LMC,2024,2,65+,0.0,2024-02-01,2024Q1
Honduras,HND,AMR,LMC,2024,3,65+,0.0,2024-03-01,2024Q1
Honduras,HND,AMR,LMC,2024,5,65+,0.0,2024-05-01,2024Q2
Italy,ITA,EUR,HIC,2024,6,65+,64.0,2024-06-01,2024Q2
Italy,ITA,EUR,HIC,2024,8,65+,371.0,2024-08-01,2024Q3
Italy,ITA,EUR,HIC,2024,2,65+,164.0,2024-02-01,2024Q1
Italy,ITA,EUR,HIC,2024,7,65+,251.0,2024-07-01,2024Q3
Italy,ITA,EUR,HIC,2024,4,65+,37.0,2024-04-01,2024Q2
Italy,ITA,EUR,HIC,2024,5,65+,39.0,2024-05-01,2024Q2
Italy,ITA,EUR,HIC,2024,3,65+,57.0,2024-03-01,2024Q1
Italy,ITA,EUR,HIC,2024,12,65+,165.0,2024-12-01,2024Q4
Italy,ITA,EUR,HIC,2024,1,65+,858.0,2024-01-01,2024Q1
Italy,ITA,EUR,HIC,2024,9,65+,281.0,2024-09-01,2024Q3
Italy,ITA,EUR,HIC,2024,11,65+,205.0,2024-11-01,2024Q4
Italy,ITA,EUR,HIC,2024,10,65+,490.0,2024-10-01,2024Q4
Peru,PER,AMR,UMC,2024,9,65+,1.0,2024-09-01,2024Q3
Peru,PER,AMR,UMC,2024,1,65+,239.0,2024-01-01,2024Q1
Peru,PER,AMR,UMC,2024,2,65+,44.0,2024-02-01,2024Q1
Peru,PER,AMR,UMC,2024,10,65+,2.0,2024-10-01,2024Q4
Peru,PER,AMR,UMC,2024,3,65+,17.0,2024-03-01,2024Q1
Panama,PAN,AMR,HIC,2024,1,65+,34.0,2024-01-01,2024Q1
Panama,PAN,AMR,HIC,2024,2,65+,3.0,2024-02-01,2024Q1
Panama,PAN,AMR,HIC,2024,3,65+,2.0,2024-03-01,2024Q1
Panama,PAN,AMR,HIC,2024,6,65+,11.0,2024-06-01,2024Q2
Panama,PAN,AMR,HIC,2024,8,65+,2.0,2024-08-01,2024Q3
Panama,PAN,AMR,HIC,2024,12,65+,4.0,2024-12-01,2024Q4
Panama,PAN,AMR,HIC,2024,4,65+,1.0,2024-04-01,2024Q2
Panama,PAN,AMR,HIC,2024,9,65+,2.0,2024-09-01,2024Q3
Panama,PAN,AMR,HIC,2024,10,65+,1.0,2024-10-01,2024Q4
Panama,PAN,AMR,HIC,2024,5,65+,2.0,2024-05-01,2024Q2
Panama,PAN,AMR,HIC,2024,7,65+,26.0,2024-07-01,2024Q3
Portugal,PRT,EUR,HIC,2024,2,65+,17.0,2024-02-01,2024Q1
Portugal,PRT,EUR,HIC,2024,4,65+,19.0,2024-04-01,2024Q2
Portugal,PRT,EUR,HIC,2024,1,65+,153.0,2024-01-01,2024Q1
Portugal,PRT,EUR,HIC,2024,9,65+,60.0,2024-09-01,2024Q3
Portugal,PRT,EUR,HIC,2024,7,65+,315.0,2024-07-01,2024Q3
Portugal,PRT,EUR,HIC,2024,3,65+,14.0,2024-03-01,2024Q1
Portugal,PRT,EUR,HIC,2024,10,65+,49.0,2024-10-01,2024Q4
Portugal,PRT,EUR,HIC,2024,11,65+,28.0,2024-11-01,2024Q4
Portugal,PRT,EUR,HIC,2024,8,65+,111.0,2024-08-01,2024Q3
Portugal,PRT,EUR,HIC,2024,6,65+,252.0,2024-06-01,2024Q2
Portugal,PRT,EUR,HIC,2024,12,65+,13.0,2024-12-01,2024Q4
Portugal,PRT,EUR,HIC,2024,5,65+,65.0,2024-05-01,2024Q2
Ireland,IRL,EUR,HIC,2024,9,65+,28.0,2024-09-01,2024Q3
Ireland,IRL,EUR,HIC,2024,5,65+,20.0,2024-05-01,2024Q2
Peru,PER,AMR,UMC,2024,12,65+,4.0,2024-12-01,2024Q4
Peru,PER,AMR,UMC,2024,4,65+,3.0,2024-04-01,2024Q2
Peru,PER,AMR,UMC,2024,5,65+,3.0,2024-05-01,2024Q2
Peru,PER,AMR,UMC,2024,7,65+,3.0,2024-07-01,2024Q3
Peru,PER,AMR,UMC,2024,6,65+,4.0,2024-06-01,2024Q2
Peru,PER,AMR,UMC,2024,8,65+,2.0,2024-08-01,2024Q3
Peru,PER,AMR,UMC,2024,11,65+,1.0,2024-11-01,2024Q4
Ireland,IRL,EUR,HIC,2024,6,65+,32.0,2024-06-01,2024Q2
Ireland,IRL,EUR,HIC,2024,2,65+,22.0,2024-02-01,2024Q1
Ireland,IRL,EUR,HIC,2024,8,65+,24.0,2024-08-01,2024Q3
Ireland,IRL,EUR,HIC,2024,7,65+,59.0,2024-07-01,2024Q3
Ireland,IRL,EUR,HIC,2024,3,65+,22.0,2024-03-01,2024Q1
Ireland,IRL,EUR,HIC,2024,4,65+,8.0,2024-04-01,2024Q2
Ireland,IRL,EUR,HIC,2024,1,65+,67.0,2024-01-01,2024Q1
Ireland,IRL,EUR,HIC,2024,10,65+,7.0,2024-10-01,2024Q4
Bosnia and Herzegovina,BIH,EUR,UMC,2024,1,65+,4.0,2024-01-01,2024Q1
Bolivia (Plurinational State of),BOL,AMR,LMC,2024,7,65+,0.0,2024-07-01,2024Q3
Bolivia (Plurinational State of),BOL,AMR,LMC,2024,12,65+,0.0,2024-12-01,2024Q4
Argentina,ARG,AMR,UMC,2024,2,65+,45.0,2024-02-01,2024Q1
Argentina,ARG,AMR,UMC,2024,5,65+,8.0,2024-05-01,2024Q2
Bolivia (Plurinational State of),BOL,AMR,LMC,2024,9,65+,0.0,2024-09-01,2024Q3
Bolivia (Plurinational State of),BOL,AMR,LMC,2024,11,65+,0.0,2024-11-01,2024Q4
Bolivia (Plurinational State of),BOL,AMR,LMC,2024,6,65+,0.0,2024-06-01,2024Q2
Bolivia (Plurinational State of),BOL,AMR,LMC,2024,10,65+,0.0,2024-10-01,2024Q4
Bolivia (Plurinational State of),BOL,AMR,LMC,2024,3,65+,0.0,2024-03-01,2024Q1
Uruguay,URY,AMR,HIC,2024,4,65+,6.0,2024-04-01,2024Q2
Uruguay,URY,AMR,HIC,2024,6,65+,4.0,2024-06-01,2024Q2
Uruguay,URY,AMR,HIC,2024,7,65+,0.0,2024-07-01,2024Q3
Uruguay,URY,AMR,HIC,2024,3,65+,12.0,2024-03-01,2024Q1
Argentina,ARG,AMR,UMC,2024,1,65+,67.0,2024-01-01,2024Q1
Argentina,ARG,AMR,UMC,2024,3,65+,20.0,2024-03-01,2024Q1
Bolivia (Plurinational State of),BOL,AMR,LMC,2024,1,65+,1.0,2024-01-01,2024Q1
Bolivia (Plurinational State of),BOL,AMR,LMC,2024,2,65+,1.0,2024-02-01,2024Q1
Bolivia (Plurinational State of),BOL,AMR,LMC,2024,8,65+,0.0,2024-08-01,2024Q3
Bolivia (Plurinational State of),BOL,AMR,LMC,2024,5,65+,0.0,2024-05-01,2024Q2
Bolivia (Plurinational State of),BOL,AMR,LMC,2024,4,65+,0.0,2024-04-01,2024Q2
Uruguay,URY,AMR,HIC,2024,2,65+,8.0,2024-02-01,2024Q1
Czechia,CZE,EUR,HIC,2024,1,65+,118.0,2024-01-01,2024Q1
Czechia,CZE,EUR,HIC,2024,8,65+,14.0,2024-08-01,2024Q3
United States of America,USA,AMR,HIC,2024,8,65+,4597.0,2024-08-01,2024Q3
United States of America,USA,AMR,HIC,2024,12,65+,2378.0,2024-12-01,2024Q4
United States of America,USA,AMR,HIC,2024,10,65+,2966.0,2024-10-01,2024Q4
Czechia,CZE,EUR,HIC,2024,12,65+,27.0,2024-12-01,2024Q4
Czechia,CZE,EUR,HIC,2024,3,65+,8.0,2024-03-01,2024Q1
Czechia,CZE,EUR,HIC,2024,9,65+,53.0,2024-09-01,2024Q3
Czechia,CZE,EUR,HIC,2024,4,65+,0.0,2024-04-01,2024Q2
Czechia,CZE,EUR,HIC,2024,10,65+,119.0,2024-10-01,2024Q4
Czechia,CZE,EUR,HIC,2024,6,65+,2.0,2024-06-01,2024Q2
Czechia,CZE,EUR,HIC,2024,2,65+,13.0,2024-02-01,2024Q1
United States of America,USA,AMR,HIC,2024,11,65+,1973.0,2024-11-01,2024Q4
Suriname,SUR,AMR,UMC,2024,8,65+,0.0,2024-08-01,2024Q3
Suriname,SUR,AMR,UMC,2024,12,65+,0.0,2024-12-01,2024Q4
Suriname,SUR,AMR,UMC,2024,10,65+,0.0,2024-10-01,2024Q4
United States of America,USA,AMR,HIC,2024,5,65+,1316.0,2024-05-01,2024Q2
United States of America,USA,AMR,HIC,2024,9,65+,4371.0,2024-09-01,2024Q3
Suriname,SUR,AMR,UMC,2024,11,65+,0.0,2024-11-01,2024Q4
Suriname,SUR,AMR,UMC,2024,9,65+,0.0,2024-09-01,2024Q3
United States of America,USA,AMR,HIC,2024,1,65+,9030.0,2024-01-01,2024Q1
United States of America,USA,AMR,HIC,2024,7,65+,2839.0,2024-07-01,2024Q3
United States of America,USA,AMR,HIC,2024,6,65+,1475.0,2024-06-01,2024Q2
United States of America,USA,AMR,HIC,2024,3,65+,3628.0,2024-03-01,2024Q1
Czechia,CZE,EUR,HIC,2024,5,65+,3.0,2024-05-01,2024Q2
Czechia,CZE,EUR,HIC,2024,11,65+,32.0,2024-11-01,2024Q4
Burundi,BDI,AFR,LIC,2024,2,65+,0.0,2024-02-01,2024Q1
Burundi,BDI,AFR,LIC,2024,4,65+,0.0,2024-04-01,2024Q2
Burundi,BDI,AFR,LIC,2024,5,65+,0.0,2024-05-01,2024Q2
Suriname,SUR,AMR,UMC,2024,2,65+,0.0,2024-02-01,2024Q1
Burundi,BDI,AFR,LIC,2024,6,65+,0.0,2024-06-01,2024Q2
Burundi,BDI,AFR,LIC,2024,1,65+,0.0,2024-01-01,2024Q1
Burundi,BDI,AFR,LIC,2024,3,65+,0.0,2024-03-01,2024Q1
Suriname,SUR,AMR,UMC,2024,7,65+,0.0,2024-07-01,2024Q3
Suriname,SUR,AMR,UMC,2024,5,65+,1.0,2024-05-01,2024Q2
Suriname,SUR,AMR,UMC,2024,6,65+,0.0,2024-06-01,2024Q2
Suriname,SUR,AMR,UMC,2024,3,65+,0.0,2024-03-01,2024Q1
Czechia,CZE,EUR,HIC,2024,7,65+,1.0,2024-07-01,2024Q3
Argentina,ARG,AMR,UMC,2024,9,65+,9.0,2024-09-01,2024Q3
Argentina,ARG,AMR,UMC,2024,8,65+,3.0,2024-08-01,2024Q3
Suriname,SUR,AMR,UMC,2024,1,65+,0.0,2024-01-01,2024Q1
Suriname,SUR,AMR,UMC,2024,4,65+,0.0,2024-04-01,2024Q2
Dominica,DMA,AMR,UMC,2024,9,65+,0.0,2024-09-01,2024Q3
Dominica,DMA,AMR,UMC,2024,2,65+,0.0,2024-02-01,2024Q1
Dominica,DMA,AMR,UMC,2024,1,65+,0.0,2024-01-01,2024Q1
Dominica,DMA,AMR,UMC,2024,11,65+,0.0,2024-11-01,2024Q4
Dominica,DMA,AMR,UMC,2024,8,65+,0.0,2024-08-01,2024Q3
Dominica,DMA,AMR,UMC,2024,12,65+,0.0,2024-12-01,2024Q4
Dominica,DMA,AMR,UMC,2024,10,65+,0.0,2024-10-01,2024Q4
Dominica,DMA,AMR,UMC,2024,4,65+,0.0,2024-04-01,2024Q2
Dominica,DMA,AMR,UMC,2024,3,65+,0.0,2024-03-01,2024Q1
Dominica,DMA,AMR,UMC,2024,5,65+,0.0,2024-05-01,2024Q2
Dominica,DMA,AMR,UMC,2024,6,65+,0.0,2024-06-01,2024Q2
Dominica,DMA,AMR,UMC,2024,7,65+,0.0,2024-07-01,2024Q3
Uruguay,URY,AMR,HIC,2024,8,65+,0.0,2024-08-01,2024Q3
Denmark,DNK,EUR,HIC,2024,1,65+,108.0,2024-01-01,2024Q1
Uruguay,URY,AMR,HIC,2024,1,65+,19.0,2024-01-01,2024Q1
Denmark,DNK,EUR,HIC,2024,10,65+,98.0,2024-10-01,2024Q4
Uruguay,URY,AMR,HIC,2024,11,65+,2.0,2024-11-01,2024Q4
Denmark,DNK,EUR,HIC,2024,2,65+,26.0,2024-02-01,2024Q1
Denmark,DNK,EUR,HIC,2024,7,65+,67.0,2024-07-01,2024Q3
Uruguay,URY,AMR,HIC,2024,9,65+,2.0,2024-09-01,2024Q3
Uruguay,URY,AMR,HIC,2024,10,65+,5.0,2024-10-01,2024Q4
Denmark,DNK,EUR,HIC,2024,11,65+,15.0,2024-11-01,2024Q4
Uruguay,URY,AMR,HIC,2024,5,65+,1.0,2024-05-01,2024Q2
Denmark,DNK,EUR,HIC,2024,4,65+,12.0,2024-04-01,2024Q2
Denmark,DNK,EUR,HIC,2024,5,65+,9.0,2024-05-01,2024Q2
Denmark,DNK,EUR,HIC,2024,8,65+,50.0,2024-08-01,2024Q3
Denmark,DNK,EUR,HIC,2024,3,65+,16.0,2024-03-01,2024Q1
Denmark,DNK,EUR,HIC,2024,9,65+,61.0,2024-09-01,2024Q3
Denmark,DNK,EUR,HIC,2024,6,65+,16.0,2024-06-01,2024Q2
Uruguay,URY,AMR,HIC,2024,12,65+,3.0,2024-12-01,2024Q4
Spain,ESP,EUR,HIC,2024,12,65+,2.0,2024-12-01,2024Q4
Spain,ESP,EUR,HIC,2024,11,65+,2.0,2024-11-01,2024Q4
Spain,ESP,EUR,HIC,2024,10,65+,1.0,2024-10-01,2024Q4
Ukraine,UKR,EUR,UMC,2024,2,65+,0.0,2024-02-01,2024Q1
Ukraine,UKR,EUR,UMC,2024,8,65+,3.0,2024-08-01,2024Q3
Ukraine,UKR,EUR,UMC,2024,6,65+,0.0,2024-06-01,2024Q2
Ukraine,UKR,EUR,UMC,2024,3,65+,2.0,2024-03-01,2024Q1
Ukraine,UKR,EUR,UMC,2024,7,65+,0.0,2024-07-01,2024Q3
Ukraine,UKR,EUR,UMC,2024,5,65+,0.0,2024-05-01,2024Q2
Ukraine,UKR,EUR,UMC,2024,1,65+,0.0,2024-01-01,2024Q1
Ukraine,UKR,EUR,UMC,2024,4,65+,0.0,2024-04-01,2024Q2
Ukraine,UKR,EUR,UMC,2024,9,65+,0.0,2024-09-01,2024Q3
Ukraine,UKR,EUR,UMC,2024,12,65+,0.0,2024-12-01,2024Q4
Ukraine,UKR,EUR,UMC,2024,11,65+,2.0,2024-11-01,2024Q4
Ukraine,UKR,EUR,UMC,2024,10,65+,0.0,2024-10-01,2024Q4
Brazil,BRA,AMR,UMC,2024,12,65+,55.0,2024-12-01,2024Q4
Brunei Darussalam,BRN,WPR,HIC,2024,4,65+,0.0,2024-04-01,2024Q2
Brunei Darussalam,BRN,WPR,HIC,2024,5,65+,0.0,2024-05-01,2024Q2
Brunei Darussalam,BRN,WPR,HIC,2024,3,65+,0.0,2024-03-01,2024Q1
Brunei Darussalam,BRN,WPR,HIC,2024,9,65+,0.0,2024-09-01,2024Q3
Brunei Darussalam,BRN,WPR,HIC,2024,10,65+,0.0,2024-10-01,2024Q4
Brunei Darussalam,BRN,WPR,HIC,2024,11,65+,1.0,2024-11-01,2024Q4
Brunei Darussalam,BRN,WPR,HIC,2024,8,65+,0.0,2024-08-01,2024Q3
Brunei Darussalam,BRN,WPR,HIC,2024,12,65+,0.0,2024-12-01,2024Q4
Brunei Darussalam,BRN,WPR,HIC,2024,6,65+,0.0,2024-06-01,2024Q2
Brunei Darussalam,BRN,WPR,HIC,2024,7,65+,1.0,2024-07-01,2024Q3
Switzerland,CHE,EUR,HIC,2024,4,65+,0.0,2024-04-01,2024Q2
Switzerland,CHE,EUR,HIC,2024,6,65+,0.0,2024-06-01,2024Q2
Switzerland,CHE,EUR,HIC,2024,2,65+,0.0,2024-02-01,2024Q1
Croatia,HRV,EUR,HIC,2024,2,65+,2.0,2024-02-01,2024Q1
Croatia,HRV,EUR,HIC,2024,3,65+,1.0,2024-03-01,2024Q1
Switzerland,CHE,EUR,HIC,2024,7,65+,0.0,2024-07-01,2024Q3
Switzerland,CHE,EUR,HIC,2024,11,65+,0.0,2024-11-01,2024Q4
Switzerland,CHE,EUR,HIC,2024,8,65+,0.0,2024-08-01,2024Q3
Switzerland,CHE,EUR,HIC,2024,5,65+,0.0,2024-05-01,2024Q2
Switzerland,CHE,EUR,HIC,2024,12,65+,0.0,2024-12-01,2024Q4
Switzerland,CHE,EUR,HIC,2024,10,65+,0.0,2024-10-01,2024Q4
Switzerland,CHE,EUR,HIC,2024,9,65+,0.0,2024-09-01,2024Q3
British Virgin Islands,VGB,AMR,HIC,2024,7,65+,0.0,2024-07-01,2024Q3
British Virgin Islands,VGB,AMR,HIC,2024,12,65+,0.0,2024-12-01,2024Q4
British Virgin Islands,VGB,AMR,HIC,2024,6,65+,0.0,2024-06-01,2024Q2
British Virgin Islands,VGB,AMR,HIC,2024,11,65+,0.0,2024-11-01,2024Q4
British Virgin Islands,VGB,AMR,HIC,2024,2,65+,0.0,2024-02-01,2024Q1
British Virgin Islands,VGB,AMR,HIC,2024,4,65+,0.0,2024-04-01,2024Q2
British Virgin Islands,VGB,AMR,HIC,2024,8,65+,0.0,2024-08-01,2024Q3
British Virgin Islands,VGB,AMR,HIC,2024,9,65+,0.0,2024-09-01,2024Q3
British Virgin Islands,VGB,AMR,HIC,2024,5,65+,0.0,2024-05-01,2024Q2
British Virgin Islands,VGB,AMR,HIC,2024,10,65+,0.0,2024-10-01,2024Q4
British Virgin Islands,VGB,AMR,HIC,2024,3,65+,0.0,2024-03-01,2024Q1
British Virgin Islands,VGB,AMR,HIC,2024,1,65+,0.0,2024-01-01,2024Q1
Costa Rica,CRI,AMR,UMC,2024,8,65+,0.0,2024-08-01,2024Q3
Costa Rica,CRI,AMR,UMC,2024,1,65+,0.0,2024-01-01,2024Q1
Costa Rica,CRI,AMR,UMC,2024,6,65+,0.0,2024-06-01,2024Q2
Costa Rica,CRI,AMR,UMC,2024,5,65+,0.0,2024-05-01,2024Q2
Costa Rica,CRI,AMR,UMC,2024,2,65+,0.0,2024-02-01,2024Q1
Costa Rica,CRI,AMR,UMC,2024,3,65+,0.0,2024-03-01,2024Q1
Costa Rica,CRI,AMR,UMC,2024,7,65+,0.0,2024-07-01,2024Q3
Costa Rica,CRI,AMR,UMC,2024,10,65+,0.0,2024-10-01,2024Q4
Costa Rica,CRI,AMR,UMC,2024,9,65+,0.0,2024-09-01,2024Q3
Brunei Darussalam,BRN,WPR,HIC,2024,2,65+,0.0,2024-02-01,2024Q1
Costa Rica,CRI,AMR,UMC,2024,12,65+,0.0,2024-12-01,2024Q4
Costa Rica,CRI,AMR,UMC,2024,11,65+,0.0,2024-11-01,2024Q4
Brunei Darussalam,BRN,WPR,HIC,2024,1,65+,2.0,2024-01-01,2024Q1
Costa Rica,CRI,AMR,UMC,2024,4,65+,0.0,2024-04-01,2024Q2
Argentina,ARG,AMR,UMC,2024,7,65+,4.0,2024-07-01,2024Q3
Bosnia and Herzegovina,BIH,EUR,UMC,2024,7,65+,3.0,2024-07-01,2024Q3
Argentina,ARG,AMR,UMC,2024,6,65+,4.0,2024-06-01,2024Q2
Colombia,COL,AMR,UMC,2024,12,65+,0.0,2024-12-01,2024Q4
Bosnia and Herzegovina,BIH,EUR,UMC,2024,9,65+,2.0,2024-09-01,2024Q3
Bosnia and Herzegovina,BIH,EUR,UMC,2024,6,65+,0.0,2024-06-01,2024Q2
Bosnia and Herzegovina,BIH,EUR,UMC,2024,8,65+,6.0,2024-08-01,2024Q3
Bosnia and Herzegovina,BIH,EUR,UMC,2024,3,65+,1.0,2024-03-01,2024Q1
Bosnia and Herzegovina,BIH,EUR,UMC,2024,5,65+,0.0,2024-05-01,2024Q2
Bosnia and Herzegovina,BIH,EUR,UMC,2024,2,65+,2.0,2024-02-01,2024Q1
Bosnia and Herzegovina,BIH,EUR,UMC,2024,4,65+,0.0,2024-04-01,2024Q2
Bosnia and Herzegovina,BIH,EUR,UMC,2024,12,65+,0.0,2024-12-01,2024Q4
Bosnia and Herzegovina,BIH,EUR,UMC,2024,11,65+,1.0,2024-11-01,2024Q4
Bosnia and Herzegovina,BIH,EUR,UMC,2024,10,65+,3.0,2024-10-01,2024Q4
United States of America,USA,AMR,HIC,2024,2,65+,5272.0,2024-02-01,2024Q1
United States of America,USA,AMR,HIC,2024,4,65+,1901.0,2024-04-01,2024Q2
Sweden,SWE,EUR,HIC,2024,11,65+,166.0,2024-11-01,2024Q4
Sweden,SWE,EUR,HIC,2024,12,65+,187.0,2024-12-01,2024Q4
Croatia,HRV,EUR,HIC,2024,12,65+,4.0,2024-12-01,2024Q4
Croatia,HRV,EUR,HIC,2024,1,65+,51.0,2024-01-01,2024Q1
Croatia,HRV,EUR,HIC,2024,7,65+,2.0,2024-07-01,2024Q3
Croatia,HRV,EUR,HIC,2024,6,65+,0.0,2024-06-01,2024Q2
Croatia,HRV,EUR,HIC,2024,5,65+,0.0,2024-05-01,2024Q2
Croatia,HRV,EUR,HIC,2024,4,65+,1.0,2024-04-01,2024Q2
Switzerland,CHE,EUR,HIC,2024,1,65+,0.0,2024-01-01,2024Q1
Croatia,HRV,EUR,HIC,2024,8,65+,6.0,2024-08-01,2024Q3
Croatia,HRV,EUR,HIC,2024,9,65+,8.0,2024-09-01,2024Q3
Croatia,HRV,EUR,HIC,2024,10,65+,5.0,2024-10-01,2024Q4
Croatia,HRV,EUR,HIC,2024,11,65+,3.0,2024-11-01,2024Q4
Argentina,ARG,AMR,UMC,2024,12,65+,5.0,2024-12-01,2024Q4
Argentina,ARG,AMR,UMC,2024,11,65+,11.0,2024-11-01,2024Q4
Switzerland,CHE,EUR,HIC,2024,3,65+,0.0,2024-03-01,2024Q1
Sweden,SWE,EUR,HIC,2024,10,65+,221.0,2024-10-01,2024Q4
Sweden,SWE,EUR,HIC,2024,9,65+,201.0,2024-09-01,2024Q3
Sweden,SWE,EUR,HIC,2024,7,65+,89.0,2024-07-01,2024Q3
Sweden,SWE,EUR,HIC,2024,3,65+,32.0,2024-03-01,2024Q1
Sweden,SWE,EUR,HIC,2024,2,65+,100.0,2024-02-01,2024Q1
Argentina,ARG,AMR,UMC,2024,10,65+,13.0,2024-10-01,2024Q4
Sweden,SWE,EUR,HIC,2024,5,65+,32.0,2024-05-01,2024Q2
Sweden,SWE,EUR,HIC,2024,1,65+,403.0,2024-01-01,2024Q1
Sweden,SWE,EUR,HIC,2024,8,65+,169.0,2024-08-01,2024Q3
Sweden,SWE,EUR,HIC,2024,6,65+,26.0,2024-06-01,2024Q2
Sweden,SWE,EUR,HIC,2024,4,65+,15.0,2024-04-01,2024Q2
Cuba,CUB,AMR,UMC,2024,2,65+,6.0,2024-02-01,2024Q1
Cuba,CUB,AMR,UMC,2024,4,65+,0.0,2024-04-01,2024Q2
Cuba,CUB,AMR,UMC,2024,1,65+,8.0,2024-01-01,2024Q1
Cuba,CUB,AMR,UMC,2024,3,65+,0.0,2024-03-01,2024Q1
Turks and Caicos Islands,TCA,AMR,HIC,2024,3,65+,0.0,2024-03-01,2024Q1
Turks and Caicos Islands,TCA,AMR,HIC,2024,8,65+,0.0,2024-08-01,2024Q3
Turks and Caicos Islands,TCA,AMR,HIC,2024,4,65+,0.0,2024-04-01,2024Q2
Canada,CAN,AMR,HIC,2024,4,65+,73.0,2024-04-01,2024Q2
Canada,CAN,AMR,HIC,2024,3,65+,51.0,2024-03-01,2024Q1
Canada,CAN,AMR,HIC,2024,5,65+,113.0,2024-05-01,2024Q2
Canada,CAN,AMR,HIC,2024,7,65+,20.0,2024-07-01,2024Q3
Slovakia,SVK,EUR,HIC,2024,1,65+,31.0,2024-01-01,2024Q1
Turks and Caicos Islands,TCA,AMR,HIC,2024,6,65+,0.0,2024-06-01,2024Q2
Estonia,EST,EUR,HIC,2024,5,65+,3.0,2024-05-01,2024Q2
Turks and Caicos Islands,TCA,AMR,HIC,2024,5,65+,0.0,2024-05-01,2024Q2
Turks and Caicos Islands,TCA,AMR,HIC,2024,1,65+,0.0,2024-01-01,2024Q1
Turks and Caicos Islands,TCA,AMR,HIC,2024,7,65+,0.0,2024-07-01,2024Q3
Chile,CHL,AMR,HIC,2024,10,65+,32.0,2024-10-01,2024Q4
Chile,CHL,AMR,HIC,2024,12,65+,41.0,2024-12-01,2024Q4
Chile,CHL,AMR,HIC,2024,11,65+,19.0,2024-11-01,2024Q4
Slovakia,SVK,EUR,HIC,2024,3,65+,1.0,2024-03-01,2024Q1
Slovakia,SVK,EUR,HIC,2024,4,65+,1.0,2024-04-01,2024Q2
Canada,CAN,AMR,HIC,2024,6,65+,45.0,2024-06-01,2024Q2
Slovakia,SVK,EUR,HIC,2024,2,65+,4.0,2024-02-01,2024Q1
Canada,CAN,AMR,HIC,2024,2,65+,129.0,2024-02-01,2024Q1
Canada,CAN,AMR,HIC,2024,1,65+,271.0,2024-01-01,2024Q1
Estonia,EST,EUR,HIC,2024,6,65+,5.0,2024-06-01,2024Q2
Estonia,EST,EUR,HIC,2024,8,65+,3.0,2024-08-01,2024Q3
Estonia,EST,EUR,HIC,2024,1,65+,59.0,2024-01-01,2024Q1
Turks and Caicos Islands,TCA,AMR,HIC,2024,2,65+,0.0,2024-02-01,2024Q1
Slovakia,SVK,EUR,HIC,2024,8,65+,3.0,2024-08-01,2024Q3
Slovakia,SVK,EUR,HIC,2024,9,65+,7.0,2024-09-01,2024Q3
Slovakia,SVK,EUR,HIC,2024,6,65+,1.0,2024-06-01,2024Q2
Slovakia,SVK,EUR,HIC,2024,11,65+,10.0,2024-11-01,2024Q4
Slovakia,SVK,EUR,HIC,2024,12,65+,7.0,2024-12-01,2024Q4
Slovakia,SVK,EUR,HIC,2024,5,65+,0.0,2024-05-01,2024Q2
Slovakia,SVK,EUR,HIC,2024,10,65+,23.0,2024-10-01,2024Q4
Turks and Caicos Islands,TCA,AMR,HIC,2024,11,65+,0.0,2024-11-01,2024Q4
Turks and Caicos Islands,TCA,AMR,HIC,2024,12,65+,0.0,2024-12-01,2024Q4
Slovakia,SVK,EUR,HIC,2024,7,65+,3.0,2024-07-01,2024Q3
Turks and Caicos Islands,TCA,AMR,HIC,2024,9,65+,0.0,2024-09-01,2024Q3
Turks and Caicos Islands,TCA,AMR,HIC,2024,10,65+,0.0,2024-10-01,2024Q4
Estonia,EST,EUR,HIC,2024,11,65+,23.0,2024-11-01,2024Q4
Estonia,EST,EUR,HIC,2024,7,65+,1.0,2024-07-01,2024Q3
Estonia,EST,EUR,HIC,2024,9,65+,12.0,2024-09-01,2024Q3
Estonia,EST,EUR,HIC,2024,10,65+,22.0,2024-10-01,2024Q4
Estonia,EST,EUR,HIC,2024,12,65+,32.0,2024-12-01,2024Q4
Estonia,EST,EUR,HIC,2024,3,65+,10.0,2024-03-01,2024Q1
Estonia,EST,EUR,HIC,2024,4,65+,5.0,2024-04-01,2024Q2
Bahamas,BHS,AMR,HIC,2024,3,65+,0.0,2024-03-01,2024Q1
Slovenia,SVN,EUR,HIC,2024,7,65+,18.0,2024-07-01,2024Q3
Slovenia,SVN,EUR,HIC,2024,8,65+,0.0,2024-08-01,2024Q3
Bahamas,BHS,AMR,HIC,2024,1,65+,1.0,2024-01-01,2024Q1
Bahamas,BHS,AMR,HIC,2024,6,65+,0.0,2024-06-01,2024Q2
Slovenia,SVN,EUR,HIC,2024,2,65+,31.0,2024-02-01,2024Q1
Slovenia,SVN,EUR,HIC,2024,3,65+,9.0,2024-03-01,2024Q1
Slovenia,SVN,EUR,HIC,2024,1,65+,139.0,2024-01-01,2024Q1
Slovenia,SVN,EUR,HIC,2024,11,65+,0.0,2024-11-01,2024Q4
Slovenia,SVN,EUR,HIC,2024,10,65+,0.0,2024-10-01,2024Q4
Slovenia,SVN,EUR,HIC,2024,9,65+,0.0,2024-09-01,2024Q3
Slovenia,SVN,EUR,HIC,2024,5,65+,5.0,2024-05-01,2024Q2
Slovenia,SVN,EUR,HIC,2024,6,65+,3.0,2024-06-01,2024Q2
Slovenia,SVN,EUR,HIC,2024,12,65+,0.0,2024-12-01,2024Q4
Chile,CHL,AMR,HIC,2024,4,65+,68.0,2024-04-01,2024Q2
Albania,ALB,EUR,UMC,2024,1,65+,1.0,2024-01-01,2024Q1
Chile,CHL,AMR,HIC,2024,7,65+,6.0,2024-07-01,2024Q3
Chile,CHL,AMR,HIC,2024,9,65+,14.0,2024-09-01,2024Q3
Chile,CHL,AMR,HIC,2024,3,65+,97.0,2024-03-01,2024Q1
Chile,CHL,AMR,HIC,2024,8,65+,10.0,2024-08-01,2024Q3
Chile,CHL,AMR,HIC,2024,6,65+,10.0,2024-06-01,2024Q2
Chile,CHL,AMR,HIC,2024,1,65+,93.0,2024-01-01,2024Q1
Chile,CHL,AMR,HIC,2024,5,65+,20.0,2024-05-01,2024Q2
Chile,CHL,AMR,HIC,2024,2,65+,102.0,2024-02-01,2024Q1
Ecuador,ECU,AMR,UMC,2024,1,65+,13.0,2024-01-01,2024Q1
Bahamas,BHS,AMR,HIC,2024,7,65+,0.0,2024-07-01,2024Q3
Ecuador,ECU,AMR,UMC,2024,7,65+,1.0,2024-07-01,2024Q3
Ecuador,ECU,AMR,UMC,2024,4,65+,1.0,2024-04-01,2024Q2
Ecuador,ECU,AMR,UMC,2024,2,65+,4.0,2024-02-01,2024Q1
Ecuador,ECU,AMR,UMC,2024,5,65+,1.0,2024-05-01,2024Q2
Ecuador,ECU,AMR,UMC,2024,11,65+,1.0,2024-11-01,2024Q4
Slovenia,SVN,EUR,HIC,2024,4,65+,6.0,2024-04-01,2024Q2
Ecuador,ECU,AMR,UMC,2024,3,65+,2.0,2024-03-01,2024Q1
Ecuador,ECU,AMR,UMC,2024,6,65+,1.0,2024-06-01,2024Q2
Bahamas,BHS,AMR,HIC,2024,2,65+,0.0,2024-02-01,2024Q1
Estonia,EST,EUR,HIC,2024,2,65+,20.0,2024-02-01,2024Q1
Bahamas,BHS,AMR,HIC,2024,4,65+,0.0,2024-04-01,2024Q2
Ecuador,ECU,AMR,UMC,2024,9,65+,1.0,2024-09-01,2024Q3
Bahamas,BHS,AMR,HIC,2024,5,65+,0.0,2024-05-01,2024Q2
Ireland,IRL,EUR,HIC,2023,2,65+,46.0,2023-02-01,2023Q1
Ireland,IRL,EUR,HIC,2023,5,65+,69.0,2023-05-01,2023Q2
Ireland,IRL,EUR,HIC,2023,11,65+,37.0,2023-11-01,2023Q4
Ireland,IRL,EUR,HIC,2023,6,65+,30.0,2023-06-01,2023Q2
Ireland,IRL,EUR,HIC,2023,4,65+,53.0,2023-04-01,2023Q2
Ireland,IRL,EUR,HIC,2023,10,65+,40.0,2023-10-01,2023Q4
Ireland,IRL,EUR,HIC,2023,3,65+,55.0,2023-03-01,2023Q1
Kosovo (in accordance with UN Security Council resolution 1244 (1999)),XKX,EUR,UMC,2023,6,65+,1.0,2023-06-01,2023Q2
Kosovo (in accordance with UN Security Council resolution 1244 (1999)),XKX,EUR,UMC,2023,5,65+,0.0,2023-05-01,2023Q2
Kosovo (in accordance with UN Security Council resolution 1244 (1999)),XKX,EUR,UMC,2023,4,65+,0.0,2023-04-01,2023Q2
Brunei Darussalam,BRN,WPR,HIC,2023,8,65+,0.0,2023-08-01,2023Q3
Kosovo (in accordance with UN Security Council resolution 1244 (1999)),XKX,EUR,UMC,2023,2,65+,3.0,2023-02-01,2023Q1
Brunei Darussalam,BRN,WPR,HIC,2023,11,65+,1.0,2023-11-01,2023Q4
Brunei Darussalam,BRN,WPR,HIC,2023,9,65+,0.0,2023-09-01,2023Q3
Kosovo (in accordance with UN Security Council resolution 1244 (1999)),XKX,EUR,UMC,2023,3,65+,3.0,2023-03-01,2023Q1
Brunei Darussalam,BRN,WPR,HIC,2023,10,65+,0.0,2023-10-01,2023Q4
Norway,NOR,EUR,HIC,2023,5,65+,0.0,2023-05-01,2023Q2
Norway,NOR,EUR,HIC,2023,6,65+,0.0,2023-06-01,2023Q2
Norway,NOR,EUR,HIC,2023,8,65+,0.0,2023-08-01,2023Q3
Norway,NOR,EUR,HIC,2023,2,65+,0.0,2023-02-01,2023Q1
Norway,NOR,EUR,HIC,2023,4,65+,0.0,2023-04-01,2023Q2
Norway,NOR,EUR,HIC,2023,3,65+,0.0,2023-03-01,2023Q1
Norway,NOR,EUR,HIC,2023,7,65+,0.0,2023-07-01,2023Q3
Norway,NOR,EUR,HIC,2023,10,65+,0.0,2023-10-01,2023Q4
Norway,NOR,EUR,HIC,2023,11,65+,0.0,2023-11-01,2023Q4
Norway,NOR,EUR,HIC,2023,9,65+,0.0,2023-09-01,2023Q3
Brunei Darussalam,BRN,WPR,HIC,2023,12,65+,5.0,2023-12-01,2023Q4
Kosovo (in accordance with UN Security Council resolution 1244 (1999)),XKX,EUR,UMC,2023,1,65+,1.0,2023-01-01,2023Q1
Turks and Caicos Islands,TCA,AMR,HIC,2023,8,65+,0.0,2023-08-01,2023Q3
Turks and Caicos Islands,TCA,AMR,HIC,2023,3,65+,0.0,2023-03-01,2023Q1
Philippines,PHL,WPR,LMC,2023,3,65+,1.0,2023-03-01,2023Q1
Turks and Caicos Islands,TCA,AMR,HIC,2023,2,65+,0.0,2023-02-01,2023Q1
Turks and Caicos Islands,TCA,AMR,HIC,2023,1,65+,0.0,2023-01-01,2023Q1
Philippines,PHL,WPR,LMC,2023,2,65+,15.0,2023-02-01,2023Q1
Philippines,PHL,WPR,LMC,2023,1,65+,30.0,2023-01-01,2023Q1
Ireland,IRL,EUR,HIC,2023,1,65+,103.0,2023-01-01,2023Q1
Italy,ITA,EUR,HIC,2023,2,65+,867.0,2023-02-01,2023Q1
Italy,ITA,EUR,HIC,2023,4,65+,581.0,2023-04-01,2023Q2
Italy,ITA,EUR,HIC,2023,12,65+,1346.0,2023-12-01,2023Q4
Italy,ITA,EUR,HIC,2023,7,65+,98.0,2023-07-01,2023Q3
Italy,ITA,EUR,HIC,2023,10,65+,645.0,2023-10-01,2023Q4
Italy,ITA,EUR,HIC,2023,5,65+,576.0,2023-05-01,2023Q2
Italy,ITA,EUR,HIC,2023,6,65+,174.0,2023-06-01,2023Q2
Italy,ITA,EUR,HIC,2023,1,65+,1588.0,2023-01-01,2023Q1
Italy,ITA,EUR,HIC,2023,3,65+,778.0,2023-03-01,2023Q1
Canada,CAN,AMR,HIC,2023,7,65+,65.0,2023-07-01,2023Q3
Canada,CAN,AMR,HIC,2023,12,65+,308.0,2023-12-01,2023Q4
Canada,CAN,AMR,HIC,2023,2,65+,496.0,2023-02-01,2023Q1
Canada,CAN,AMR,HIC,2023,6,65+,84.0,2023-06-01,2023Q2
Canada,CAN,AMR,HIC,2023,3,65+,520.0,2023-03-01,2023Q1
Canada,CAN,AMR,HIC,2023,9,65+,253.0,2023-09-01,2023Q3
Canada,CAN,AMR,HIC,2023,4,65+,235.0,2023-04-01,2023Q2
Canada,CAN,AMR,HIC,2023,5,65+,196.0,2023-05-01,2023Q2
Canada,CAN,AMR,HIC,2023,1,65+,753.0,2023-01-01,2023Q1
Canada,CAN,AMR,HIC,2023,8,65+,135.0,2023-08-01,2023Q3
Ukraine,UKR,EUR,UMC,2023,6,65+,47.0,2023-06-01,2023Q2
Ukraine,UKR,EUR,UMC,2023,2,65+,176.0,2023-02-01,2023Q1
Ukraine,UKR,EUR,UMC,2023,3,65+,386.0,2023-03-01,2023Q1
Jamaica,JAM,AMR,UMC,2023,8,65+,6.0,2023-08-01,2023Q3
Jamaica,JAM,AMR,UMC,2023,5,65+,9.0,2023-05-01,2023Q2
Jamaica,JAM,AMR,UMC,2023,3,65+,3.0,2023-03-01,2023Q1
Jamaica,JAM,AMR,UMC,2023,1,65+,6.0,2023-01-01,2023Q1
Jamaica,JAM,AMR,UMC,2023,4,65+,3.0,2023-04-01,2023Q2
Jamaica,JAM,AMR,UMC,2023,9,65+,0.0,2023-09-01,2023Q3
Ukraine,UKR,EUR,UMC,2023,1,65+,134.0,2023-01-01,2023Q1
Jamaica,JAM,AMR,UMC,2023,2,65+,11.0,2023-02-01,2023Q1
Jamaica,JAM,AMR,UMC,2023,6,65+,4.0,2023-06-01,2023Q2
Jamaica,JAM,AMR,UMC,2023,7,65+,9.0,2023-07-01,2023Q3
Norway,NOR,EUR,HIC,2023,1,65+,0.0,2023-01-01,2023Q1
Italy,ITA,EUR,HIC,2023,11,65+,1072.0,2023-11-01,2023Q4
Italy,ITA,EUR,HIC,2023,9,65+,457.0,2023-09-01,2023Q3
Italy,ITA,EUR,HIC,2023,8,65+,247.0,2023-08-01,2023Q3
Ukraine,UKR,EUR,UMC,2023,5,65+,159.0,2023-05-01,2023Q2
Ukraine,UKR,EUR,UMC,2023,4,65+,341.0,2023-04-01,2023Q2
Peru,PER,AMR,UMC,2023,4,65+,151.0,2023-04-01,2023Q2
Peru,PER,AMR,UMC,2023,1,65+,375.0,2023-01-01,2023Q1
Peru,PER,AMR,UMC,2023,2,65+,229.0,2023-02-01,2023Q1
Peru,PER,AMR,UMC,2023,3,65+,252.0,2023-03-01,2023Q1
United Kingdom of Great Britain and Northern Ireland,GBR,EUR,HIC,2023,6,65+,0.0,2023-06-01,2023Q2
United Kingdom of Great Britain and Northern Ireland,GBR,EUR,HIC,2023,7,65+,0.0,2023-07-01,2023Q3
United Kingdom of Great Britain and Northern Ireland,GBR,EUR,HIC,2023,11,65+,0.0,2023-11-01,2023Q4
United Kingdom of Great Britain and Northern Ireland,GBR,EUR,HIC,2023,1,65+,0.0,2023-01-01,2023Q1
United Kingdom of Great Britain and Northern Ireland,GBR,EUR,HIC,2023,9,65+,0.0,2023-09-01,2023Q3
United Kingdom of Great Britain and Northern Ireland,GBR,EUR,HIC,2023,4,65+,0.0,2023-04-01,2023Q2
United Kingdom of Great Britain and Northern Ireland,GBR,EUR,HIC,2023,10,65+,0.0,2023-10-01,2023Q4
United Kingdom of Great Britain and Northern Ireland,GBR,EUR,HIC,2023,5,65+,0.0,2023-05-01,2023Q2
United Kingdom of Great Britain and Northern Ireland,GBR,EUR,HIC,2023,8,65+,0.0,2023-08-01,2023Q3
Turks and Caicos Islands,TCA,AMR,HIC,2023,9,65+,1.0,2023-09-01,2023Q3
Ireland,IRL,EUR,HIC,2023,9,65+,34.0,2023-09-01,2023Q3
Ireland,IRL,EUR,HIC,2023,8,65+,78.0,2023-08-01,2023Q3
Ireland,IRL,EUR,HIC,2023,7,65+,23.0,2023-07-01,2023Q3
Ireland,IRL,EUR,HIC,2023,12,65+,48.0,2023-12-01,2023Q4
Turks and Caicos Islands,TCA,AMR,HIC,2023,6,65+,1.0,2023-06-01,2023Q2
Turks and Caicos Islands,TCA,AMR,HIC,2023,7,65+,0.0,2023-07-01,2023Q3
Turks and Caicos Islands,TCA,AMR,HIC,2023,10,65+,0.0,2023-10-01,2023Q4
Turks and Caicos Islands,TCA,AMR,HIC,2023,12,65+,0.0,2023-12-01,2023Q4
Turks and Caicos Islands,TCA,AMR,HIC,2023,11,65+,0.0,2023-11-01,2023Q4
Turks and Caicos Islands,TCA,AMR,HIC,2023,5,65+,0.0,2023-05-01,2023Q2
Turks and Caicos Islands,TCA,AMR,HIC,2023,4,65+,0.0,2023-04-01,2023Q2
Burundi,BDI,AFR,LIC,2023,6,65+,0.0,2023-06-01,2023Q2
Burundi,BDI,AFR,LIC,2023,9,65+,0.0,2023-09-01,2023Q3
Burundi,BDI,AFR,LIC,2023,2,65+,0.0,2023-02-01,2023Q1
Burundi,BDI,AFR,LIC,2023,10,65+,0.0,2023-10-01,2023Q4
Burundi,BDI,AFR,LIC,2023,7,65+,0.0,2023-07-01,2023Q3
Canada,CAN,AMR,HIC,2023,10,65+,362.0,2023-10-01,2023Q4
Canada,CAN,AMR,HIC,2023,11,65+,442.0,2023-11-01,2023Q4
United Kingdom of Great Britain and Northern Ireland,GBR,EUR,HIC,2023,2,65+,0.0,2023-02-01,2023Q1
United Kingdom of Great Britain and Northern Ireland,GBR,EUR,HIC,2023,3,65+,0.0,2023-03-01,2023Q1
Burundi,BDI,AFR,LIC,2023,8,65+,0.0,2023-08-01,2023Q3
Burundi,BDI,AFR,LIC,2023,12,65+,0.0,2023-12-01,2023Q4
Burundi,BDI,AFR,LIC,2023,11,65+,0.0,2023-11-01,2023Q4
Burundi,BDI,AFR,LIC,2023,4,65+,0.0,2023-04-01,2023Q2
Burundi,BDI,AFR,LIC,2023,1,65+,0.0,2023-01-01,2023Q1
Burundi,BDI,AFR,LIC,2023,3,65+,0.0,2023-03-01,2023Q1
Burundi,BDI,AFR,LIC,2023,5,65+,0.0,2023-05-01,2023Q2
Malta,MLT,EUR,HIC,2023,8,65+,26.0,2023-08-01,2023Q3
Malta,MLT,EUR,HIC,2023,12,65+,6.0,2023-12-01,2023Q4
Belgium,BEL,EUR,HIC,2023,4,65+,89.0,2023-04-01,2023Q2
Belgium,BEL,EUR,HIC,2023,2,65+,174.0,2023-02-01,2023Q1
Malta,MLT,EUR,HIC,2023,7,65+,13.0,2023-07-01,2023Q3
Malta,MLT,EUR,HIC,2023,11,65+,3.0,2023-11-01,2023Q4
Malta,MLT,EUR,HIC,2023,1,65+,13.0,2023-01-01,2023Q1
Malta,MLT,EUR,HIC,2023,3,65+,17.0,2023-03-01,2023Q1
Malta,MLT,EUR,HIC,2023,9,65+,12.0,2023-09-01,2023Q3
Malta,MLT,EUR,HIC,2023,5,65+,10.0,2023-05-01,2023Q2
Belgium,BEL,EUR,HIC,2023,9,65+,0.0,2023-09-01,2023Q3
Malta,MLT,EUR,HIC,2023,10,65+,5.0,2023-10-01,2023Q4
Venezuela (Bolivarian Republic of),VEN,AMR,,2023,1,65+,0.0,2023-01-01,2023Q1
Mauritania,MRT,AFR,LMC,2023,8,65+,0.0,2023-08-01,2023Q3
Mauritania,MRT,AFR,LMC,2023,9,65+,0.0,2023-09-01,2023Q3
Mauritania,MRT,AFR,LMC,2023,10,65+,0.0,2023-10-01,2023Q4
Malta,MLT,EUR,HIC,2023,6,65+,6.0,2023-06-01,2023Q2
Malaysia,MYS,WPR,UMC,2023,7,65+,7.0,2023-07-01,2023Q3
Malaysia,MYS,WPR,UMC,2023,1,65+,68.0,2023-01-01,2023Q1
Malaysia,MYS,WPR,UMC,2023,8,65+,2.0,2023-08-01,2023Q3
Malaysia,MYS,WPR,UMC,2023,4,65+,30.0,2023-04-01,2023Q2
Malaysia,MYS,WPR,UMC,2023,10,65+,4.0,2023-10-01,2023Q4
Malaysia,MYS,WPR,UMC,2023,11,65+,18.0,2023-11-01,2023Q4
Malaysia,MYS,WPR,UMC,2023,12,65+,57.0,2023-12-01,2023Q4
Malaysia,MYS,WPR,UMC,2023,6,65+,28.0,2023-06-01,2023Q2
Malaysia,MYS,WPR,UMC,2023,3,65+,20.0,2023-03-01,2023Q1
Malaysia,MYS,WPR,UMC,2023,2,65+,14.0,2023-02-01,2023Q1
Malaysia,MYS,WPR,UMC,2023,9,65+,8.0,2023-09-01,2023Q3
Malaysia,MYS,WPR,UMC,2023,5,65+,77.0,2023-05-01,2023Q2
Belgium,BEL,EUR,HIC,2023,11,65+,0.0,2023-11-01,2023Q4
Belgium,BEL,EUR,HIC,2023,7,65+,0.0,2023-07-01,2023Q3
Belgium,BEL,EUR,HIC,2023,6,65+,13.0,2023-06-01,2023Q2
Belgium,BEL,EUR,HIC,2023,8,65+,0.0,2023-08-01,2023Q3
Belgium,BEL,EUR,HIC,2023,5,65+,43.0,2023-05-01,2023Q2
Belgium,BEL,EUR,HIC,2023,3,65+,215.0,2023-03-01,2023Q1
Belgium,BEL,EUR,HIC,2023,1,65+,168.0,2023-01-01,2023Q1
Venezuela (Bolivarian Republic of),VEN,AMR,,2023,2,65+,2.0,2023-02-01,2023Q1
Nepal,NPL,SEAR,LMC,2023,5,65+,0.0,2023-05-01,2023Q2
Nepal,NPL,SEAR,LMC,2023,1,65+,0.0,2023-01-01,2023Q1
Malta,MLT,EUR,HIC,2023,4,65+,6.0,2023-04-01,2023Q2
Nepal,NPL,SEAR,LMC,2023,2,65+,0.0,2023-02-01,2023Q1
Malta,MLT,EUR,HIC,2023,2,65+,9.0,2023-02-01,2023Q1
Belgium,BEL,EUR,HIC,2023,10,65+,0.0,2023-10-01,2023Q4
Nepal,NPL,SEAR,LMC,2023,6,65+,0.0,2023-06-01,2023Q2
Nepal,NPL,SEAR,LMC,2023,4,65+,5.0,2023-04-01,2023Q2
Nepal,NPL,SEAR,LMC,2023,3,65+,0.0,2023-03-01,2023Q1
Nepal,NPL,SEAR,LMC,2023,9,65+,0.0,2023-09-01,2023Q3
Nepal,NPL,SEAR,LMC,2023,8,65+,0.0,2023-08-01,2023Q3
Netherlands (Kingdom of the),NLD,EUR,HIC,2023,1,65+,0.0,2023-01-01,2023Q1
Netherlands (Kingdom of the),NLD,EUR,HIC,2023,3,65+,0.0,2023-03-01,2023Q1
Netherlands (Kingdom of the),NLD,EUR,HIC,2023,2,65+,0.0,2023-02-01,2023Q1
Mauritania,MRT,AFR,LMC,2023,11,65+,0.0,2023-11-01,2023Q4
Azerbaijan,AZE,EUR,UMC,2023,1,65+,0.0,2023-01-01,2023Q1
Azerbaijan,AZE,EUR,UMC,2023,3,65+,0.0,2023-03-01,2023Q1
Azerbaijan,AZE,EUR,UMC,2023,4,65+,0.0,2023-04-01,2023Q2
Azerbaijan,AZE,EUR,UMC,2023,11,65+,0.0,2023-11-01,2023Q4
Azerbaijan,AZE,EUR,UMC,2023,10,65+,0.0,2023-10-01,2023Q4
Azerbaijan,AZE,EUR,UMC,2023,8,65+,0.0,2023-08-01,2023Q3
Azerbaijan,AZE,EUR,UMC,2023,2,65+,0.0,2023-02-01,2023Q1
Azerbaijan,AZE,EUR,UMC,2023,9,65+,0.0,2023-09-01,2023Q3
Azerbaijan,AZE,EUR,UMC,2023,5,65+,0.0,2023-05-01,2023Q2
Azerbaijan,AZE,EUR,UMC,2023,7,65+,0.0,2023-07-01,2023Q3
Azerbaijan,AZE,EUR,UMC,2023,6,65+,0.0,2023-06-01,2023Q2
Montenegro,MNE,EUR,UMC,2023,4,65+,11.0,2023-04-01,2023Q2
Montenegro,MNE,EUR,UMC,2023,3,65+,13.0,2023-03-01,2023Q1
Montenegro,MNE,EUR,UMC,2023,2,65+,5.0,2023-02-01,2023Q1
Montenegro,MNE,EUR,UMC,2023,1,65+,4.0,2023-01-01,2023Q1
Montenegro,MNE,EUR,UMC,2023,5,65+,2.0,2023-05-01,2023Q2
Austria,AUT,EUR,HIC,2023,6,65+,15.0,2023-06-01,2023Q2
Austria,AUT,EUR,HIC,2023,4,65+,118.0,2023-04-01,2023Q2
Austria,AUT,EUR,HIC,2023,1,65+,192.0,2023-01-01,2023Q1
Austria,AUT,EUR,HIC,2023,3,65+,264.0,2023-03-01,2023Q1
Austria,AUT,EUR,HIC,2023,5,65+,63.0,2023-05-01,2023Q2
Austria,AUT,EUR,HIC,2023,2,65+,161.0,2023-02-01,2023Q1
Bahrain,BHR,EMR,HIC,2023,4,65+,3.0,2023-04-01,2023Q2
Bahrain,BHR,EMR,HIC,2023,7,65+,1.0,2023-07-01,2023Q3
Bahrain,BHR,EMR,HIC,2023,8,65+,0.0,2023-08-01,2023Q3
Mauritania,MRT,AFR,LMC,2023,12,65+,0.0,2023-12-01,2023Q4
Mexico,MEX,AMR,UMC,2023,5,65+,130.0,2023-05-01,2023Q2
Mexico,MEX,AMR,UMC,2023,6,65+,54.0,2023-06-01,2023Q2
Bahamas,BHS,AMR,HIC,2023,10,65+,1.0,2023-10-01,2023Q4
Mexico,MEX,AMR,UMC,2023,1,65+,665.0,2023-01-01,2023Q1
Mexico,MEX,AMR,UMC,2023,4,65+,170.0,2023-04-01,2023Q2
Mexico,MEX,AMR,UMC,2023,7,65+,61.0,2023-07-01,2023Q3
Mexico,MEX,AMR,UMC,2023,9,65+,12.0,2023-09-01,2023Q3
Bahamas,BHS,AMR,HIC,2023,12,65+,0.0,2023-12-01,2023Q4
Bahamas,BHS,AMR,HIC,2023,11,65+,0.0,2023-11-01,2023Q4
Mexico,MEX,AMR,UMC,2023,2,65+,312.0,2023-02-01,2023Q1
Mexico,MEX,AMR,UMC,2023,3,65+,279.0,2023-03-01,2023Q1
Mexico,MEX,AMR,UMC,2023,8,65+,99.0,2023-08-01,2023Q3
Bahrain,BHR,EMR,HIC,2023,5,65+,0.0,2023-05-01,2023Q2
Bahrain,BHR,EMR,HIC,2023,6,65+,0.0,2023-06-01,2023Q2
Bahrain,BHR,EMR,HIC,2023,2,65+,5.0,2023-02-01,2023Q1
Bahrain,BHR,EMR,HIC,2023,1,65+,1.0,2023-01-01,2023Q1
Bahrain,BHR,EMR,HIC,2023,3,65+,6.0,2023-03-01,2023Q1
Latvia,LVA,EUR,HIC,2023,10,65+,14.0,2023-10-01,2023Q4
Bosnia and Herzegovina,BIH,EUR,UMC,2023,11,65+,7.0,2023-11-01,2023Q4
Bosnia and Herzegovina,BIH,EUR,UMC,2023,9,65+,3.0,2023-09-01,2023Q3
Bosnia and Herzegovina,BIH,EUR,UMC,2023,4,65+,11.0,2023-04-01,2023Q2
Bosnia and Herzegovina,BIH,EUR,UMC,2023,10,65+,6.0,2023-10-01,2023Q4
Bosnia and Herzegovina,BIH,EUR,UMC,2023,3,65+,29.0,2023-03-01,2023Q1
Bosnia and Herzegovina,BIH,EUR,UMC,2023,7,65+,0.0,2023-07-01,2023Q3
Bosnia and Herzegovina,BIH,EUR,UMC,2023,12,65+,6.0,2023-12-01,2023Q4
Bosnia and Herzegovina,BIH,EUR,UMC,2023,8,65+,0.0,2023-08-01,2023Q3
Bosnia and Herzegovina,BIH,EUR,UMC,2023,6,65+,4.0,2023-06-01,2023Q2
Bosnia and Herzegovina,BIH,EUR,UMC,2023,1,65+,26.0,2023-01-01,2023Q1
Bosnia and Herzegovina,BIH,EUR,UMC,2023,5,65+,10.0,2023-05-01,2023Q2
Bosnia and Herzegovina,BIH,EUR,UMC,2023,2,65+,15.0,2023-02-01,2023Q1
Kyrgyzstan,KGZ,EUR,LMC,2023,5,65+,0.0,2023-05-01,2023Q2
Kyrgyzstan,KGZ,EUR,LMC,2023,4,65+,0.0,2023-04-01,2023Q2
Kyrgyzstan,KGZ,EUR,LMC,2023,1,65+,0.0,2023-01-01,2023Q1
Kyrgyzstan,KGZ,EUR,LMC,2023,11,65+,0.0,2023-11-01,2023Q4
Kyrgyzstan,KGZ,EUR,LMC,2023,9,65+,0.0,2023-09-01,2023Q3
Kyrgyzstan,KGZ,EUR,LMC,2023,3,65+,0.0,2023-03-01,2023Q1
Kyrgyzstan,KGZ,EUR,LMC,2023,2,65+,0.0,2023-02-01,2023Q1
Kyrgyzstan,KGZ,EUR,LMC,2023,10,65+,0.0,2023-10-01,2023Q4
Kyrgyzstan,KGZ,EUR,LMC,2023,8,65+,0.0,2023-08-01,2023Q3
Kyrgyzstan,KGZ,EUR,LMC,2023,6,65+,0.0,2023-06-01,2023Q2
Kyrgyzstan,KGZ,EUR,LMC,2023,7,65+,0.0,2023-07-01,2023Q3
British Virgin Islands,VGB,AMR,HIC,2023,11,65+,0.0,2023-11-01,2023Q4
British Virgin Islands,VGB,AMR,HIC,2023,10,65+,0.0,2023-10-01,2023Q4
British Virgin Islands,VGB,AMR,HIC,2023,7,65+,0.0,2023-07-01,2023Q3
British Virgin Islands,VGB,AMR,HIC,2023,6,65+,0.0,2023-06-01,2023Q2
British Virgin Islands,VGB,AMR,HIC,2023,12,65+,0.0,2023-12-01,2023Q4
British Virgin Islands,VGB,AMR,HIC,2023,9,65+,0.0,2023-09-01,2023Q3
British Virgin Islands,VGB,AMR,HIC,2023,1,65+,0.0,2023-01-01,2023Q1
British Virgin Islands,VGB,AMR,HIC,2023,3,65+,0.0,2023-03-01,2023Q1
British Virgin Islands,VGB,AMR,HIC,2023,5,65+,0.0,2023-05-01,2023Q2
British Virgin Islands,VGB,AMR,HIC,2023,2,65+,0.0,2023-02-01,2023Q1
British Virgin Islands,VGB,AMR,HIC,2023,8,65+,0.0,2023-08-01,2023Q3
British Virgin Islands,VGB,AMR,HIC,2023,4,65+,0.0,2023-04-01,2023Q2
North Macedonia,MKD,EUR,UMC,2023,7,65+,0.0,2023-07-01,2023Q3
North Macedonia,MKD,EUR,UMC,2023,3,65+,12.0,2023-03-01,2023Q1
Latvia,LVA,EUR,HIC,2023,3,65+,32.0,2023-03-01,2023Q1
Latvia,LVA,EUR,HIC,2023,4,65+,24.0,2023-04-01,2023Q2
Latvia,LVA,EUR,HIC,2023,2,65+,16.0,2023-02-01,2023Q1
Latvia,LVA,EUR,HIC,2023,7,65+,0.0,2023-07-01,2023Q3
Latvia,LVA,EUR,HIC,2023,9,65+,8.0,2023-09-01,2023Q3
Latvia,LVA,EUR,HIC,2023,11,65+,23.0,2023-11-01,2023Q4
Latvia,LVA,EUR,HIC,2023,1,65+,26.0,2023-01-01,2023Q1
North Macedonia,MKD,EUR,UMC,2023,5,65+,5.0,2023-05-01,2023Q2
North Macedonia,MKD,EUR,UMC,2023,9,65+,6.0,2023-09-01,2023Q3
North Macedonia,MKD,EUR,UMC,2023,4,65+,15.0,2023-04-01,2023Q2
North Macedonia,MKD,EUR,UMC,2023,2,65+,10.0,2023-02-01,2023Q1
North Macedonia,MKD,EUR,UMC,2023,1,65+,18.0,2023-01-01,2023Q1
Latvia,LVA,EUR,HIC,2023,5,65+,15.0,2023-05-01,2023Q2
Latvia,LVA,EUR,HIC,2023,6,65+,7.0,2023-06-01,2023Q2
Latvia,LVA,EUR,HIC,2023,8,65+,2.0,2023-08-01,2023Q3
North Macedonia,MKD,EUR,UMC,2023,6,65+,2.0,2023-06-01,2023Q2
North Macedonia,MKD,EUR,UMC,2023,12,65+,2.0,2023-12-01,2023Q4
North Macedonia,MKD,EUR,UMC,2023,10,65+,12.0,2023-10-01,2023Q4
North Macedonia,MKD,EUR,UMC,2023,11,65+,5.0,2023-11-01,2023Q4
North Macedonia,MKD,EUR,UMC,2023,8,65+,0.0,2023-08-01,2023Q3
United States of America,USA,AMR,HIC,2023,3,65+,6698.0,2023-03-01,2023Q1
Luxembourg,LUX,EUR,HIC,2023,7,65+,0.0,2023-07-01,2023Q3
Luxembourg,LUX,EUR,HIC,2023,11,65+,0.0,2023-11-01,2023Q4
Luxembourg,LUX,EUR,HIC,2023,6,65+,0.0,2023-06-01,2023Q2
Bolivia (Plurinational State of),BOL,AMR,LMC,2023,3,65+,0.0,2023-03-01,2023Q1
Bolivia (Plurinational State of),BOL,AMR,LMC,2023,1,65+,0.0,2023-01-01,2023Q1
Bolivia (Plurinational State of),BOL,AMR,LMC,2023,10,65+,1.0,2023-10-01,2023Q4
Bolivia (Plurinational State of),BOL,AMR,LMC,2023,8,65+,0.0,2023-08-01,2023Q3
Bolivia (Plurinational State of),BOL,AMR,LMC,2023,5,65+,1.0,2023-05-01,2023Q2
Luxembourg,LUX,EUR,HIC,2023,4,65+,0.0,2023-04-01,2023Q2
Luxembourg,LUX,EUR,HIC,2023,5,65+,0.0,2023-05-01,2023Q2
Luxembourg,LUX,EUR,HIC,2023,9,65+,0.0,2023-09-01,2023Q3
Luxembourg,LUX,EUR,HIC,2023,10,65+,0.0,2023-10-01,2023Q4
Luxembourg,LUX,EUR,HIC,2023,2,65+,2.0,2023-02-01,2023Q1
Luxembourg,LUX,EUR,HIC,2023,8,65+,0.0,2023-08-01,2023Q3
Luxembourg,LUX,EUR,HIC,2023,1,65+,13.0,2023-01-01,2023Q1
Luxembourg,LUX,EUR,HIC,2023,3,65+,8.0,2023-03-01,2023Q1
United States of America,USA,AMR,HIC,2023,11,65+,5548.0,2023-11-01,2023Q4
United States of America,USA,AMR,HIC,2023,12,65+,7660.0,2023-12-01,2023Q4
United States of America,USA,AMR,HIC,2023,2,65+,7788.0,2023-02-01,2023Q1
United States of America,USA,AMR,HIC,2023,6,65+,2250.0,2023-06-01,2023Q2
United States of America,USA,AMR,HIC,2023,5,65+,3070.0,2023-05-01,2023Q2
United States of America,USA,AMR,HIC,2023,4,65+,4532.0,2023-04-01,2023Q2
United States of America,USA,AMR,HIC,2023,8,65+,3524.0,2023-08-01,2023Q3
United States of America,USA,AMR,HIC,2023,7,65+,2059.0,2023-07-01,2023Q3
United States of America,USA,AMR,HIC,2023,9,65+,5244.0,2023-09-01,2023Q3
United States of America,USA,AMR,HIC,2023,1,65+,13006.0,2023-01-01,2023Q1
United States of America,USA,AMR,HIC,2023,10,65+,5252.0,2023-10-01,2023Q4
Lithuania,LTU,EUR,HIC,2023,2,65+,14.0,2023-02-01,2023Q1
Lithuania,LTU,EUR,HIC,2023,7,65+,0.0,2023-07-01,2023Q3
Lithuania,LTU,EUR,HIC,2023,10,65+,9.0,2023-10-01,2023Q4
Lithuania,LTU,EUR,HIC,2023,11,65+,20.0,2023-11-01,2023Q4
Bolivia (Plurinational State of),BOL,AMR,LMC,2023,9,65+,0.0,2023-09-01,2023Q3
Bolivia (Plurinational State of),BOL,AMR,LMC,2023,12,65+,0.0,2023-12-01,2023Q4
Bolivia (Plurinational State of),BOL,AMR,LMC,2023,6,65+,0.0,2023-06-01,2023Q2
Bolivia (Plurinational State of),BOL,AMR,LMC,2023,11,65+,0.0,2023-11-01,2023Q4
Bolivia (Plurinational State of),BOL,AMR,LMC,2023,7,65+,0.0,2023-07-01,2023Q3
Bolivia (Plurinational State of),BOL,AMR,LMC,2023,2,65+,0.0,2023-02-01,2023Q1
Bolivia (Plurinational State of),BOL,AMR,LMC,2023,4,65+,0.0,2023-04-01,2023Q2
Lithuania,LTU,EUR,HIC,2023,1,65+,38.0,2023-01-01,2023Q1
Lithuania,LTU,EUR,HIC,2023,12,65+,4.0,2023-12-01,2023Q4
Lithuania,LTU,EUR,HIC,2023,3,65+,14.0,2023-03-01,2023Q1
Lithuania,LTU,EUR,HIC,2023,4,65+,9.0,2023-04-01,2023Q2
Lithuania,LTU,EUR,HIC,2023,6,65+,2.0,2023-06-01,2023Q2
Lithuania,LTU,EUR,HIC,2023,5,65+,12.0,2023-05-01,2023Q2
Lithuania,LTU,EUR,HIC,2023,8,65+,5.0,2023-08-01,2023Q3
Lithuania,LTU,EUR,HIC,2023,9,65+,2.0,2023-09-01,2023Q3
Liechtenstein,LIE,EUR,HIC,2023,4,65+,0.0,2023-04-01,2023Q2
Liechtenstein,LIE,EUR,HIC,2023,5,65+,0.0,2023-05-01,2023Q2
Liechtenstein,LIE,EUR,HIC,2023,10,65+,0.0,2023-10-01,2023Q4
Liechtenstein,LIE,EUR,HIC,2023,2,65+,0.0,2023-02-01,2023Q1
Liechtenstein,LIE,EUR,HIC,2023,3,65+,4.0,2023-03-01,2023Q1
Liechtenstein,LIE,EUR,HIC,2023,8,65+,0.0,2023-08-01,2023Q3
Liechtenstein,LIE,EUR,HIC,2023,6,65+,0.0,2023-06-01,2023Q2
Liechtenstein,LIE,EUR,HIC,2023,7,65+,0.0,2023-07-01,2023Q3
Liechtenstein,LIE,EUR,HIC,2023,11,65+,0.0,2023-11-01,2023Q4
Liechtenstein,LIE,EUR,HIC,2023,1,65+,0.0,2023-01-01,2023Q1
Liechtenstein,LIE,EUR,HIC,2023,9,65+,0.0,2023-09-01,2023Q3
Liechtenstein,LIE,EUR,HIC,2023,12,65+,1.0,2023-12-01,2023Q4
Suriname,SUR,AMR,UMC,2023,1,65+,0.0,2023-01-01,2023Q1
Suriname,SUR,AMR,UMC,2023,8,65+,0.0,2023-08-01,2023Q3
Suriname,SUR,AMR,UMC,2023,2,65+,0.0,2023-02-01,2023Q1
Suriname,SUR,AMR,UMC,2023,3,65+,0.0,2023-03-01,2023Q1
Suriname,SUR,AMR,UMC,2023,4,65+,0.0,2023-04-01,2023Q2
Suriname,SUR,AMR,UMC,2023,5,65+,0.0,2023-05-01,2023Q2
Suriname,SUR,AMR,UMC,2023,11,65+,0.0,2023-11-01,2023Q4
Suriname,SUR,AMR,UMC,2023,9,65+,0.0,2023-09-01,2023Q3
Suriname,SUR,AMR,UMC,2023,12,65+,0.0,2023-12-01,2023Q4
Suriname,SUR,AMR,UMC,2023,10,65+,0.0,2023-10-01,2023Q4
Suriname,SUR,AMR,UMC,2023,6,65+,0.0,2023-06-01,2023Q2
Suriname,SUR,AMR,UMC,2023,7,65+,0.0,2023-07-01,2023Q3
Cyprus,CYP,EUR,HIC,2023,4,65+,0.0,2023-04-01,2023Q2
Cyprus,CYP,EUR,HIC,2023,1,65+,0.0,2023-01-01,2023Q1
Cyprus,CYP,EUR,HIC,2023,3,65+,0.0,2023-03-01,2023Q1
Cyprus,CYP,EUR,HIC,2023,5,65+,0.0,2023-05-01,2023Q2
Cyprus,CYP,EUR,HIC,2023,10,65+,0.0,2023-10-01,2023Q4
Cyprus,CYP,EUR,HIC,2023,7,65+,0.0,2023-07-01,2023Q3
Cyprus,CYP,EUR,HIC,2023,6,65+,0.0,2023-06-01,2023Q2
Cyprus,CYP,EUR,HIC,2023,9,65+,0.0,2023-09-01,2023Q3
Cyprus,CYP,EUR,HIC,2023,2,65+,0.0,2023-02-01,2023Q1
Cyprus,CYP,EUR,HIC,2023,8,65+,0.0,2023-08-01,2023Q3
Czechia,CZE,EUR,HIC,2023,4,65+,87.0,2023-04-01,2023Q2
Czechia,CZE,EUR,HIC,2023,11,65+,167.0,2023-11-01,2023Q4
Czechia,CZE,EUR,HIC,2023,10,65+,66.0,2023-10-01,2023Q4
Czechia,CZE,EUR,HIC,2023,9,65+,25.0,2023-09-01,2023Q3
Czechia,CZE,EUR,HIC,2023,8,65+,8.0,2023-08-01,2023Q3
Czechia,CZE,EUR,HIC,2023,1,65+,128.0,2023-01-01,2023Q1
Czechia,CZE,EUR,HIC,2023,7,65+,3.0,2023-07-01,2023Q3
Czechia,CZE,EUR,HIC,2023,3,65+,222.0,2023-03-01,2023Q1
Czechia,CZE,EUR,HIC,2023,12,65+,251.0,2023-12-01,2023Q4
Czechia,CZE,EUR,HIC,2023,6,65+,3.0,2023-06-01,2023Q2
Saint Lucia,LCA,AMR,UMC,2023,10,65+,0.0,2023-10-01,2023Q4
Saint Lucia,LCA,AMR,UMC,2023,2,65+,0.0,2023-02-01,2023Q1
Saint Lucia,LCA,AMR,UMC,2023,3,65+,0.0,2023-03-01,2023Q1
Saint Lucia,LCA,AMR,UMC,2023,5,65+,0.0,2023-05-01,2023Q2
Saint Lucia,LCA,AMR,UMC,2023,4,65+,0.0,2023-04-01,2023Q2
Saint Lucia,LCA,AMR,UMC,2023,1,65+,0.0,2023-01-01,2023Q1
Czechia,CZE,EUR,HIC,2023,5,65+,34.0,2023-05-01,2023Q2
Czechia,CZE,EUR,HIC,2023,2,65+,122.0,2023-02-01,2023Q1
Saint Lucia,LCA,AMR,UMC,2023,12,65+,0.0,2023-12-01,2023Q4
Saint Lucia,LCA,AMR,UMC,2023,7,65+,0.0,2023-07-01,2023Q3
Saint Lucia,LCA,AMR,UMC,2023,11,65+,0.0,2023-11-01,2023Q4
Saint Lucia,LCA,AMR,UMC,2023,6,65+,0.0,2023-06-01,2023Q2
Saint Lucia,LCA,AMR,UMC,2023,9,65+,1.0,2023-09-01,2023Q3
Saint Lucia,LCA,AMR,UMC,2023,8,65+,0.0,2023-08-01,2023Q3
Greece,GRC,EUR,HIC,2023,9,65+,181.0,2023-09-01,2023Q3
Greece,GRC,EUR,HIC,2023,5,65+,256.0,2023-05-01,2023Q2
Greece,GRC,EUR,HIC,2023,7,65+,71.0,2023-07-01,2023Q3
Greece,GRC,EUR,HIC,2023,12,65+,303.0,2023-12-01,2023Q4
Greece,GRC,EUR,HIC,2023,10,65+,232.0,2023-10-01,2023Q4
Greece,GRC,EUR,HIC,2023,8,65+,164.0,2023-08-01,2023Q3
Greece,GRC,EUR,HIC,2023,1,65+,710.0,2023-01-01,2023Q1
Greece,GRC,EUR,HIC,2023,6,65+,94.0,2023-06-01,2023Q2
Greece,GRC,EUR,HIC,2023,11,65+,234.0,2023-11-01,2023Q4
Denmark,DNK,EUR,HIC,2023,3,65+,153.0,2023-03-01,2023Q1
Denmark,DNK,EUR,HIC,2023,6,65+,20.0,2023-06-01,2023Q2
Denmark,DNK,EUR,HIC,2023,1,65+,164.0,2023-01-01,2023Q1
Denmark,DNK,EUR,HIC,2023,5,65+,104.0,2023-05-01,2023Q2
Denmark,DNK,EUR,HIC,2023,2,65+,94.0,2023-02-01,2023Q1
Argentina,ARG,AMR,UMC,2023,4,65+,0.0,2023-04-01,2023Q2
Denmark,DNK,EUR,HIC,2023,10,65+,115.0,2023-10-01,2023Q4
Denmark,DNK,EUR,HIC,2023,9,65+,54.0,2023-09-01,2023Q3
Denmark,DNK,EUR,HIC,2023,8,65+,40.0,2023-08-01,2023Q3
Denmark,DNK,EUR,HIC,2023,7,65+,16.0,2023-07-01,2023Q3
Denmark,DNK,EUR,HIC,2023,12,65+,352.0,2023-12-01,2023Q4
Denmark,DNK,EUR,HIC,2023,11,65+,252.0,2023-11-01,2023Q4
Denmark,DNK,EUR,HIC,2023,4,65+,150.0,2023-04-01,2023Q2
Greece,GRC,EUR,HIC,2023,4,65+,194.0,2023-04-01,2023Q2
Greece,GRC,EUR,HIC,2023,2,65+,413.0,2023-02-01,2023Q1
Greece,GRC,EUR,HIC,2023,3,65+,350.0,2023-03-01,2023Q1
Argentina,ARG,AMR,UMC,2023,5,65+,0.0,2023-05-01,2023Q2
Croatia,HRV,EUR,HIC,2023,4,65+,104.0,2023-04-01,2023Q2
Guyana,GUY,AMR,HIC,2023,3,65+,0.0,2023-03-01,2023Q1
Guyana,GUY,AMR,HIC,2023,7,65+,0.0,2023-07-01,2023Q3
Croatia,HRV,EUR,HIC,2023,1,65+,222.0,2023-01-01,2023Q1
Switzerland,CHE,EUR,HIC,2023,8,65+,9.0,2023-08-01,2023Q3
Guyana,GUY,AMR,HIC,2023,11,65+,0.0,2023-11-01,2023Q4
Switzerland,CHE,EUR,HIC,2023,10,65+,17.0,2023-10-01,2023Q4
Guyana,GUY,AMR,HIC,2023,12,65+,0.0,2023-12-01,2023Q4
Guyana,GUY,AMR,HIC,2023,2,65+,2.0,2023-02-01,2023Q1
Guyana,GUY,AMR,HIC,2023,6,65+,0.0,2023-06-01,2023Q2
Guyana,GUY,AMR,HIC,2023,1,65+,4.0,2023-01-01,2023Q1
Guyana,GUY,AMR,HIC,2023,4,65+,0.0,2023-04-01,2023Q2
Guyana,GUY,AMR,HIC,2023,9,65+,0.0,2023-09-01,2023Q3
Guyana,GUY,AMR,HIC,2023,10,65+,0.0,2023-10-01,2023Q4
Guyana,GUY,AMR,HIC,2023,5,65+,0.0,2023-05-01,2023Q2
Guyana,GUY,AMR,HIC,2023,8,65+,0.0,2023-08-01,2023Q3
Switzerland,CHE,EUR,HIC,2023,11,65+,53.0,2023-11-01,2023Q4
Switzerland,CHE,EUR,HIC,2023,12,65+,31.0,2023-12-01,2023Q4
Croatia,HRV,EUR,HIC,2023,2,65+,97.0,2023-02-01,2023Q1
Sweden,SWE,EUR,HIC,2023,7,65+,67.0,2023-07-01,2023Q3
Sweden,SWE,EUR,HIC,2023,3,65+,222.0,2023-03-01,2023Q1
Saint Kitts and Nevis,KNA,AMR,HIC,2023,1,65+,0.0,2023-01-01,2023Q1
Sweden,SWE,EUR,HIC,2023,4,65+,244.0,2023-04-01,2023Q2
Sweden,SWE,EUR,HIC,2023,1,65+,1013.0,2023-01-01,2023Q1
Sweden,SWE,EUR,HIC,2023,8,65+,73.0,2023-08-01,2023Q3
Sweden,SWE,EUR,HIC,2023,2,65+,243.0,2023-02-01,2023Q1
Sweden,SWE,EUR,HIC,2023,5,65+,270.0,2023-05-01,2023Q2
Sweden,SWE,EUR,HIC,2023,6,65+,114.0,2023-06-01,2023Q2
Sweden,SWE,EUR,HIC,2023,9,65+,123.0,2023-09-01,2023Q3
Sweden,SWE,EUR,HIC,2023,10,65+,213.0,2023-10-01,2023Q4
Sweden,SWE,EUR,HIC,2023,11,65+,889.0,2023-11-01,2023Q4
Sweden,SWE,EUR,HIC,2023,12,65+,709.0,2023-12-01,2023Q4
Saint Kitts and Nevis,KNA,AMR,HIC,2023,2,65+,1.0,2023-02-01,2023Q1
Saint Kitts and Nevis,KNA,AMR,HIC,2023,6,65+,0.0,2023-06-01,2023Q2
Saint Kitts and Nevis,KNA,AMR,HIC,2023,3,65+,0.0,2023-03-01,2023Q1
Cura�ao,CUW,AMR,HIC,2023,2,65+,0.0,2023-02-01,2023Q1
Cura�ao,CUW,AMR,HIC,2023,1,65+,2.0,2023-01-01,2023Q1
Switzerland,CHE,EUR,HIC,2023,7,65+,5.0,2023-07-01,2023Q3
Switzerland,CHE,EUR,HIC,2023,3,65+,31.0,2023-03-01,2023Q1
Switzerland,CHE,EUR,HIC,2023,5,65+,19.0,2023-05-01,2023Q2
Croatia,HRV,EUR,HIC,2023,12,65+,148.0,2023-12-01,2023Q4
Croatia,HRV,EUR,HIC,2023,11,65+,100.0,2023-11-01,2023Q4
Croatia,HRV,EUR,HIC,2023,10,65+,67.0,2023-10-01,2023Q4
Croatia,HRV,EUR,HIC,2023,9,65+,44.0,2023-09-01,2023Q3
Switzerland,CHE,EUR,HIC,2023,2,65+,17.0,2023-02-01,2023Q1
Switzerland,CHE,EUR,HIC,2023,1,65+,40.0,2023-01-01,2023Q1
Switzerland,CHE,EUR,HIC,2023,4,65+,17.0,2023-04-01,2023Q2
Switzerland,CHE,EUR,HIC,2023,6,65+,3.0,2023-06-01,2023Q2
Switzerland,CHE,EUR,HIC,2023,9,65+,13.0,2023-09-01,2023Q3
Croatia,HRV,EUR,HIC,2023,8,65+,17.0,2023-08-01,2023Q3
Croatia,HRV,EUR,HIC,2023,7,65+,11.0,2023-07-01,2023Q3
Croatia,HRV,EUR,HIC,2023,6,65+,13.0,2023-06-01,2023Q2
Croatia,HRV,EUR,HIC,2023,3,65+,89.0,2023-03-01,2023Q1
Croatia,HRV,EUR,HIC,2023,5,65+,62.0,2023-05-01,2023Q2
Cuba,CUB,AMR,UMC,2023,3,65+,0.0,2023-03-01,2023Q1
Cuba,CUB,AMR,UMC,2023,8,65+,0.0,2023-08-01,2023Q3
Cuba,CUB,AMR,UMC,2023,5,65+,0.0,2023-05-01,2023Q2
Cuba,CUB,AMR,UMC,2023,7,65+,0.0,2023-07-01,2023Q3
Cuba,CUB,AMR,UMC,2023,4,65+,0.0,2023-04-01,2023Q2
Cuba,CUB,AMR,UMC,2023,6,65+,0.0,2023-06-01,2023Q2
Cuba,CUB,AMR,UMC,2023,1,65+,0.0,2023-01-01,2023Q1
Cuba,CUB,AMR,UMC,2023,2,65+,0.0,2023-02-01,2023Q1
France,FRA,EUR,HIC,2023,12,65+,23.0,2023-12-01,2023Q4
France,FRA,EUR,HIC,2023,2,65+,700.0,2023-02-01,2023Q1
France,FRA,EUR,HIC,2023,4,65+,769.0,2023-04-01,2023Q2
France,FRA,EUR,HIC,2023,10,65+,18.0,2023-10-01,2023Q4
Estonia,EST,EUR,HIC,2023,3,65+,42.0,2023-03-01,2023Q1
Estonia,EST,EUR,HIC,2023,7,65+,4.0,2023-07-01,2023Q3
Estonia,EST,EUR,HIC,2023,2,65+,41.0,2023-02-01,2023Q1
Estonia,EST,EUR,HIC,2023,4,65+,45.0,2023-04-01,2023Q2
Slovenia,SVN,EUR,HIC,2023,8,65+,2.0,2023-08-01,2023Q3
Estonia,EST,EUR,HIC,2023,9,65+,4.0,2023-09-01,2023Q3
Estonia,EST,EUR,HIC,2023,8,65+,2.0,2023-08-01,2023Q3
Slovenia,SVN,EUR,HIC,2023,7,65+,7.0,2023-07-01,2023Q3
Slovenia,SVN,EUR,HIC,2023,9,65+,11.0,2023-09-01,2023Q3
Estonia,EST,EUR,HIC,2023,11,65+,68.0,2023-11-01,2023Q4
Estonia,EST,EUR,HIC,2023,6,65+,13.0,2023-06-01,2023Q2
Estonia,EST,EUR,HIC,2023,12,65+,89.0,2023-12-01,2023Q4
Estonia,EST,EUR,HIC,2023,5,65+,37.0,2023-05-01,2023Q2
Estonia,EST,EUR,HIC,2023,10,65+,14.0,2023-10-01,2023Q4
France,FRA,EUR,HIC,2023,9,65+,1.0,2023-09-01,2023Q3
France,FRA,EUR,HIC,2023,3,65+,724.0,2023-03-01,2023Q1
France,FRA,EUR,HIC,2023,11,65+,28.0,2023-11-01,2023Q4
France,FRA,EUR,HIC,2023,1,65+,1751.0,2023-01-01,2023Q1
France,FRA,EUR,HIC,2023,5,65+,677.0,2023-05-01,2023Q2
France,FRA,EUR,HIC,2023,6,65+,209.0,2023-06-01,2023Q2
Estonia,EST,EUR,HIC,2023,1,65+,65.0,2023-01-01,2023Q1
Slovenia,SVN,EUR,HIC,2023,6,65+,19.0,2023-06-01,2023Q2
Slovenia,SVN,EUR,HIC,2023,11,65+,87.0,2023-11-01,2023Q4
Slovenia,SVN,EUR,HIC,2023,12,65+,97.0,2023-12-01,2023Q4
Albania,ALB,EUR,UMC,2023,5,65+,0.0,2023-05-01,2023Q2
Albania,ALB,EUR,UMC,2023,3,65+,0.0,2023-03-01,2023Q1
Albania,ALB,EUR,UMC,2023,2,65+,0.0,2023-02-01,2023Q1
Slovakia,SVK,EUR,HIC,2023,8,65+,1.0,2023-08-01,2023Q3
Slovakia,SVK,EUR,HIC,2023,9,65+,13.0,2023-09-01,2023Q3
Slovakia,SVK,EUR,HIC,2023,3,65+,66.0,2023-03-01,2023Q1
Slovakia,SVK,EUR,HIC,2023,5,65+,16.0,2023-05-01,2023Q2
Slovakia,SVK,EUR,HIC,2023,1,65+,63.0,2023-01-01,2023Q1
Slovakia,SVK,EUR,HIC,2023,7,65+,1.0,2023-07-01,2023Q3
Sint Maarten (Dutch part),SXM,AMR,HIC,2023,2,65+,0.0,2023-02-01,2023Q1
Sint Maarten (Dutch part),SXM,AMR,HIC,2023,1,65+,1.0,2023-01-01,2023Q1
Sint Maarten (Dutch part),SXM,AMR,HIC,2023,4,65+,2.0,2023-04-01,2023Q2
Sint Maarten (Dutch part),SXM,AMR,HIC,2023,7,65+,0.0,2023-07-01,2023Q3
Albania,ALB,EUR,UMC,2023,8,65+,0.0,2023-08-01,2023Q3
Albania,ALB,EUR,UMC,2023,4,65+,0.0,2023-04-01,2023Q2
Albania,ALB,EUR,UMC,2023,7,65+,0.0,2023-07-01,2023Q3
Albania,ALB,EUR,UMC,2023,10,65+,0.0,2023-10-01,2023Q4
Albania,ALB,EUR,UMC,2023,9,65+,0.0,2023-09-01,2023Q3
Albania,ALB,EUR,UMC,2023,6,65+,0.0,2023-06-01,2023Q2
Albania,ALB,EUR,UMC,2023,1,65+,0.0,2023-01-01,2023Q1
Slovenia,SVN,EUR,HIC,2023,4,65+,52.0,2023-04-01,2023Q2
Finland,FIN,EUR,HIC,2023,4,65+,360.0,2023-04-01,2023Q2
Slovenia,SVN,EUR,HIC,2023,5,65+,42.0,2023-05-01,2023Q2
Finland,FIN,EUR,HIC,2023,9,65+,103.0,2023-09-01,2023Q3
Finland,FIN,EUR,HIC,2023,6,65+,291.0,2023-06-01,2023Q2
Slovenia,SVN,EUR,HIC,2023,2,65+,39.0,2023-02-01,2023Q1
Finland,FIN,EUR,HIC,2023,12,65+,53.0,2023-12-01,2023Q4
Slovenia,SVN,EUR,HIC,2023,3,65+,64.0,2023-03-01,2023Q1
Finland,FIN,EUR,HIC,2023,8,65+,109.0,2023-08-01,2023Q3
Finland,FIN,EUR,HIC,2023,3,65+,208.0,2023-03-01,2023Q1
Finland,FIN,EUR,HIC,2023,1,65+,295.0,2023-01-01,2023Q1
Finland,FIN,EUR,HIC,2023,5,65+,509.0,2023-05-01,2023Q2
Finland,FIN,EUR,HIC,2023,2,65+,186.0,2023-02-01,2023Q1
Finland,FIN,EUR,HIC,2023,7,65+,189.0,2023-07-01,2023Q3
Finland,FIN,EUR,HIC,2023,10,65+,285.0,2023-10-01,2023Q4
Finland,FIN,EUR,HIC,2023,11,65+,476.0,2023-11-01,2023Q4
Slovenia,SVN,EUR,HIC,2023,1,65+,84.0,2023-01-01,2023Q1
Slovenia,SVN,EUR,HIC,2023,10,65+,43.0,2023-10-01,2023Q4
Slovakia,SVK,EUR,HIC,2023,2,65+,56.0,2023-02-01,2023Q1
Slovakia,SVK,EUR,HIC,2023,4,65+,31.0,2023-04-01,2023Q2
Slovakia,SVK,EUR,HIC,2023,11,65+,27.0,2023-11-01,2023Q4
Slovakia,SVK,EUR,HIC,2023,10,65+,15.0,2023-10-01,2023Q4
Slovakia,SVK,EUR,HIC,2023,12,65+,34.0,2023-12-01,2023Q4
Slovakia,SVK,EUR,HIC,2023,6,65+,3.0,2023-06-01,2023Q2
Germany,DEU,EUR,HIC,2023,4,65+,912.0,2023-04-01,2023Q2
Germany,DEU,EUR,HIC,2023,1,65+,1855.0,2023-01-01,2023Q1
Germany,DEU,EUR,HIC,2023,6,65+,78.0,2023-06-01,2023Q2
Germany,DEU,EUR,HIC,2023,5,65+,448.0,2023-05-01,2023Q2
Germany,DEU,EUR,HIC,2023,2,65+,1875.0,2023-02-01,2023Q1
Germany,DEU,EUR,HIC,2023,3,65+,2520.0,2023-03-01,2023Q1
Georgia,GEO,EUR,UMC,2023,3,65+,0.0,2023-03-01,2023Q1
Georgia,GEO,EUR,UMC,2023,5,65+,0.0,2023-05-01,2023Q2
Georgia,GEO,EUR,UMC,2023,1,65+,0.0,2023-01-01,2023Q1
Georgia,GEO,EUR,UMC,2023,4,65+,0.0,2023-04-01,2023Q2
Georgia,GEO,EUR,UMC,2023,2,65+,0.0,2023-02-01,2023Q1
Spain,ESP,EUR,HIC,2023,4,65+,382.0,2023-04-01,2023Q2
Spain,ESP,EUR,HIC,2023,1,65+,662.0,2023-01-01,2023Q1
Spain,ESP,EUR,HIC,2023,2,65+,357.0,2023-02-01,2023Q1
Spain,ESP,EUR,HIC,2023,3,65+,447.0,2023-03-01,2023Q1
Spain,ESP,EUR,HIC,2023,5,65+,464.0,2023-05-01,2023Q2
Spain,ESP,EUR,HIC,2023,6,65+,193.0,2023-06-01,2023Q2
Argentina,ARG,AMR,UMC,2023,3,65+,0.0,2023-03-01,2023Q1
Argentina,ARG,AMR,UMC,2023,2,65+,0.0,2023-02-01,2023Q1
Dominica,DMA,AMR,UMC,2023,7,65+,0.0,2023-07-01,2023Q3
Dominica,DMA,AMR,UMC,2023,3,65+,0.0,2023-03-01,2023Q1
Dominica,DMA,AMR,UMC,2023,6,65+,0.0,2023-06-01,2023Q2
Dominica,DMA,AMR,UMC,2023,8,65+,0.0,2023-08-01,2023Q3
Dominica,DMA,AMR,UMC,2023,11,65+,0.0,2023-11-01,2023Q4
Dominica,DMA,AMR,UMC,2023,12,65+,0.0,2023-12-01,2023Q4
Argentina,ARG,AMR,UMC,2023,1,65+,0.0,2023-01-01,2023Q1
Dominica,DMA,AMR,UMC,2023,4,65+,0.0,2023-04-01,2023Q2
Dominica,DMA,AMR,UMC,2023,9,65+,0.0,2023-09-01,2023Q3
Dominica,DMA,AMR,UMC,2023,5,65+,0.0,2023-05-01,2023Q2
Dominica,DMA,AMR,UMC,2023,1,65+,0.0,2023-01-01,2023Q1
Dominica,DMA,AMR,UMC,2023,2,65+,0.0,2023-02-01,2023Q1
Dominica,DMA,AMR,UMC,2023,10,65+,0.0,2023-10-01,2023Q4
Ecuador,ECU,AMR,UMC,2023,11,65+,3.0,2023-11-01,2023Q4
Ecuador,ECU,AMR,UMC,2023,12,65+,2.0,2023-12-01,2023Q4
Romania,ROU,EUR,HIC,2023,12,65+,66.0,2023-12-01,2023Q4
Romania,ROU,EUR,HIC,2023,11,65+,101.0,2023-11-01,2023Q4
Romania,ROU,EUR,HIC,2023,6,65+,26.0,2023-06-01,2023Q2
Romania,ROU,EUR,HIC,2023,8,65+,25.0,2023-08-01,2023Q3
Romania,ROU,EUR,HIC,2023,2,65+,104.0,2023-02-01,2023Q1
Romania,ROU,EUR,HIC,2023,4,65+,155.0,2023-04-01,2023Q2
Romania,ROU,EUR,HIC,2023,5,65+,103.0,2023-05-01,2023Q2
Romania,ROU,EUR,HIC,2023,3,65+,189.0,2023-03-01,2023Q1
Romania,ROU,EUR,HIC,2023,1,65+,130.0,2023-01-01,2023Q1
Romania,ROU,EUR,HIC,2023,10,65+,136.0,2023-10-01,2023Q4
Romania,ROU,EUR,HIC,2023,7,65+,11.0,2023-07-01,2023Q3
Indonesia,IDN,WPR,UMC,2023,4,65+,114.0,2023-04-01,2023Q2
Indonesia,IDN,WPR,UMC,2023,2,65+,51.0,2023-02-01,2023Q1
Indonesia,IDN,WPR,UMC,2023,5,65+,213.0,2023-05-01,2023Q2
Indonesia,IDN,WPR,UMC,2023,3,65+,51.0,2023-03-01,2023Q1
Indonesia,IDN,WPR,UMC,2023,10,65+,0.0,2023-10-01,2023Q4
Indonesia,IDN,WPR,UMC,2023,1,65+,68.0,2023-01-01,2023Q1
Indonesia,IDN,WPR,UMC,2023,7,65+,14.0,2023-07-01,2023Q3
Indonesia,IDN,WPR,UMC,2023,8,65+,2.0,2023-08-01,2023Q3
Romania,ROU,EUR,HIC,2023,9,65+,91.0,2023-09-01,2023Q3
Indonesia,IDN,WPR,UMC,2023,11,65+,1.0,2023-11-01,2023Q4
Indonesia,IDN,WPR,UMC,2023,6,65+,40.0,2023-06-01,2023Q2
Indonesia,IDN,WPR,UMC,2023,12,65+,26.0,2023-12-01,2023Q4
Indonesia,IDN,WPR,UMC,2023,9,65+,1.0,2023-09-01,2023Q3
Iceland,ISL,EUR,HIC,2023,10,65+,0.0,2023-10-01,2023Q4
Iceland,ISL,EUR,HIC,2023,9,65+,0.0,2023-09-01,2023Q3
Iceland,ISL,EUR,HIC,2023,5,65+,0.0,2023-05-01,2023Q2
Iceland,ISL,EUR,HIC,2023,11,65+,0.0,2023-11-01,2023Q4
Iceland,ISL,EUR,HIC,2023,6,65+,0.0,2023-06-01,2023Q2
Iceland,ISL,EUR,HIC,2023,7,65+,0.0,2023-07-01,2023Q3
Iceland,ISL,EUR,HIC,2023,2,65+,0.0,2023-02-01,2023Q1
Iceland,ISL,EUR,HIC,2023,8,65+,0.0,2023-08-01,2023Q3
Portugal,PRT,EUR,HIC,2023,2,65+,175.0,2023-02-01,2023Q1
Portugal,PRT,EUR,HIC,2023,10,65+,152.0,2023-10-01,2023Q4
Portugal,PRT,EUR,HIC,2023,5,65+,191.0,2023-05-01,2023Q2
Portugal,PRT,EUR,HIC,2023,1,65+,203.0,2023-01-01,2023Q1
Portugal,PRT,EUR,HIC,2023,11,65+,95.0,2023-11-01,2023Q4
Portugal,PRT,EUR,HIC,2023,3,65+,216.0,2023-03-01,2023Q1
Portugal,PRT,EUR,HIC,2023,4,65+,132.0,2023-04-01,2023Q2
Portugal,PRT,EUR,HIC,2023,6,65+,129.0,2023-06-01,2023Q2
Portugal,PRT,EUR,HIC,2023,9,65+,217.0,2023-09-01,2023Q3
Portugal,PRT,EUR,HIC,2023,7,65+,113.0,2023-07-01,2023Q3
Portugal,PRT,EUR,HIC,2023,8,65+,240.0,2023-08-01,2023Q3
Portugal,PRT,EUR,HIC,2023,12,65+,122.0,2023-12-01,2023Q4
Republic of Moldova,MDA,EUR,UMC,2023,6,65+,0.0,2023-06-01,2023Q2
Republic of Moldova,MDA,EUR,UMC,2023,12,65+,12.0,2023-12-01,2023Q4
Republic of Moldova,MDA,EUR,UMC,2023,3,65+,58.0,2023-03-01,2023Q1
Republic of Moldova,MDA,EUR,UMC,2023,7,65+,1.0,2023-07-01,2023Q3
Republic of Moldova,MDA,EUR,UMC,2023,1,65+,14.0,2023-01-01,2023Q1
Republic of Moldova,MDA,EUR,UMC,2023,10,65+,5.0,2023-10-01,2023Q4
Republic of Moldova,MDA,EUR,UMC,2023,4,65+,21.0,2023-04-01,2023Q2
Republic of Moldova,MDA,EUR,UMC,2023,11,65+,8.0,2023-11-01,2023Q4
Republic of Moldova,MDA,EUR,UMC,2023,8,65+,0.0,2023-08-01,2023Q3
Republic of Moldova,MDA,EUR,UMC,2023,5,65+,6.0,2023-05-01,2023Q2
Republic of Moldova,MDA,EUR,UMC,2023,2,65+,27.0,2023-02-01,2023Q1
Republic of Moldova,MDA,EUR,UMC,2023,9,65+,0.0,2023-09-01,2023Q3
Hungary,HUN,EUR,HIC,2023,3,65+,55.0,2023-03-01,2023Q1
Hungary,HUN,EUR,HIC,2023,9,65+,11.0,2023-09-01,2023Q3
Hungary,HUN,EUR,HIC,2023,6,65+,4.0,2023-06-01,2023Q2
Hungary,HUN,EUR,HIC,2023,7,65+,2.0,2023-07-01,2023Q3
Hungary,HUN,EUR,HIC,2023,5,65+,15.0,2023-05-01,2023Q2
Hungary,HUN,EUR,HIC,2023,4,65+,31.0,2023-04-01,2023Q2
Hungary,HUN,EUR,HIC,2023,11,65+,68.0,2023-11-01,2023Q4
Hungary,HUN,EUR,HIC,2023,2,65+,29.0,2023-02-01,2023Q1
Chile,CHL,AMR,HIC,2023,6,65+,34.0,2023-06-01,2023Q2
Chile,CHL,AMR,HIC,2023,7,65+,21.0,2023-07-01,2023Q3
Honduras,HND,AMR,LMC,2023,1,65+,1.0,2023-01-01,2023Q1
Turkey,TUR,EUR,UMC,2023,3,65+,65.0,2023-03-01,2023Q1
Turkey,TUR,EUR,UMC,2023,2,65+,83.0,2023-02-01,2023Q1
Hungary,HUN,EUR,HIC,2023,10,65+,19.0,2023-10-01,2023Q4
Hungary,HUN,EUR,HIC,2023,12,65+,80.0,2023-12-01,2023Q4
Hungary,HUN,EUR,HIC,2023,8,65+,2.0,2023-08-01,2023Q3
Chile,CHL,AMR,HIC,2023,2,65+,272.0,2023-02-01,2023Q1
Honduras,HND,AMR,LMC,2023,12,65+,0.0,2023-12-01,2023Q4
Chile,CHL,AMR,HIC,2023,11,65+,222.0,2023-11-01,2023Q4
Honduras,HND,AMR,LMC,2023,8,65+,0.0,2023-08-01,2023Q3
Honduras,HND,AMR,LMC,2023,10,65+,0.0,2023-10-01,2023Q4
Honduras,HND,AMR,LMC,2023,6,65+,0.0,2023-06-01,2023Q2
Honduras,HND,AMR,LMC,2023,7,65+,0.0,2023-07-01,2023Q3
Honduras,HND,AMR,LMC,2023,11,65+,0.0,2023-11-01,2023Q4
Chile,CHL,AMR,HIC,2023,10,65+,124.0,2023-10-01,2023Q4
Chile,CHL,AMR,HIC,2023,5,65+,89.0,2023-05-01,2023Q2
Chile,CHL,AMR,HIC,2023,9,65+,50.0,2023-09-01,2023Q3
Chile,CHL,AMR,HIC,2023,12,65+,121.0,2023-12-01,2023Q4
Chile,CHL,AMR,HIC,2023,3,65+,374.0,2023-03-01,2023Q1
Chile,CHL,AMR,HIC,2023,1,65+,461.0,2023-01-01,2023Q1
Chile,CHL,AMR,HIC,2023,8,65+,23.0,2023-08-01,2023Q3
Chile,CHL,AMR,HIC,2023,4,65+,253.0,2023-04-01,2023Q2
Honduras,HND,AMR,LMC,2023,2,65+,0.0,2023-02-01,2023Q1
Honduras,HND,AMR,LMC,2023,4,65+,0.0,2023-04-01,2023Q2
Honduras,HND,AMR,LMC,2023,3,65+,0.0,2023-03-01,2023Q1
Honduras,HND,AMR,LMC,2023,5,65+,0.0,2023-05-01,2023Q2
Honduras,HND,AMR,LMC,2023,9,65+,0.0,2023-09-01,2023Q3
Hungary,HUN,EUR,HIC,2023,1,65+,81.0,2023-01-01,2023Q1
Turkey,TUR,EUR,UMC,2023,1,65+,189.0,2023-01-01,2023Q1
Iceland,ISL,EUR,HIC,2023,1,65+,0.0,2023-01-01,2023Q1
Iceland,ISL,EUR,HIC,2023,3,65+,0.0,2023-03-01,2023Q1
Iceland,ISL,EUR,HIC,2023,4,65+,0.0,2023-04-01,2023Q2
China,CHN,WPR,UMC,2023,1,65+,20.0,2023-01-01,2023Q1
Qatar,QAT,EMR,HIC,2022,6,65+,0.0,2022-06-01,2022Q2
Qatar,QAT,EMR,HIC,2022,2,65+,0.0,2022-02-01,2022Q1
Slovakia,SVK,EUR,HIC,2022,5,65+,36.0,2022-05-01,2022Q2
Paraguay,PRY,AMR,UMC,2022,4,65+,0.0,2022-04-01,2022Q2
Slovakia,SVK,EUR,HIC,2022,1,65+,564.0,2022-01-01,2022Q1
Slovakia,SVK,EUR,HIC,2022,2,65+,672.0,2022-02-01,2022Q1
Slovakia,SVK,EUR,HIC,2022,7,65+,64.0,2022-07-01,2022Q3
Slovakia,SVK,EUR,HIC,2022,3,65+,630.0,2022-03-01,2022Q1
Slovakia,SVK,EUR,HIC,2022,4,65+,165.0,2022-04-01,2022Q2
Paraguay,PRY,AMR,UMC,2022,2,65+,0.0,2022-02-01,2022Q1
Paraguay,PRY,AMR,UMC,2022,1,65+,0.0,2022-01-01,2022Q1
Paraguay,PRY,AMR,UMC,2022,3,65+,0.0,2022-03-01,2022Q1
Slovakia,SVK,EUR,HIC,2022,6,65+,30.0,2022-06-01,2022Q2
Slovakia,SVK,EUR,HIC,2022,10,65+,113.0,2022-10-01,2022Q4
Poland,POL,EUR,HIC,2022,2,65+,0.0,2022-02-01,2022Q1
Poland,POL,EUR,HIC,2022,1,65+,0.0,2022-01-01,2022Q1
Venezuela (Bolivarian Republic of),VEN,AMR,,2022,11,65+,1.0,2022-11-01,2022Q4
Venezuela (Bolivarian Republic of),VEN,AMR,,2022,4,65+,0.0,2022-04-01,2022Q2
Poland,POL,EUR,HIC,2022,3,65+,0.0,2022-03-01,2022Q1
Poland,POL,EUR,HIC,2022,7,65+,0.0,2022-07-01,2022Q3
Venezuela (Bolivarian Republic of),VEN,AMR,,2022,10,65+,0.0,2022-10-01,2022Q4
Slovakia,SVK,EUR,HIC,2022,8,65+,101.0,2022-08-01,2022Q3
Slovakia,SVK,EUR,HIC,2022,9,65+,77.0,2022-09-01,2022Q3
Slovakia,SVK,EUR,HIC,2022,11,65+,66.0,2022-11-01,2022Q4
Slovakia,SVK,EUR,HIC,2022,12,65+,61.0,2022-12-01,2022Q4
Venezuela (Bolivarian Republic of),VEN,AMR,,2022,12,65+,3.0,2022-12-01,2022Q4
Venezuela (Bolivarian Republic of),VEN,AMR,,2022,8,65+,6.0,2022-08-01,2022Q3
Montenegro,MNE,EUR,UMC,2022,2,65+,100.0,2022-02-01,2022Q1
Venezuela (Bolivarian Republic of),VEN,AMR,,2022,7,65+,9.0,2022-07-01,2022Q3
Venezuela (Bolivarian Republic of),VEN,AMR,,2022,6,65+,0.0,2022-06-01,2022Q2
Montenegro,MNE,EUR,UMC,2022,5,65+,5.0,2022-05-01,2022Q2
Sint Maarten (Dutch part),SXM,AMR,HIC,2022,5,65+,0.0,2022-05-01,2022Q2
Nepal,NPL,SEAR,LMC,2022,12,65+,0.0,2022-12-01,2022Q4
Nepal,NPL,SEAR,LMC,2022,6,65+,0.0,2022-06-01,2022Q2
Nepal,NPL,SEAR,LMC,2022,9,65+,7.0,2022-09-01,2022Q3
Nepal,NPL,SEAR,LMC,2022,10,65+,1.0,2022-10-01,2022Q4
Nepal,NPL,SEAR,LMC,2022,8,65+,21.0,2022-08-01,2022Q3
Nepal,NPL,SEAR,LMC,2022,11,65+,0.0,2022-11-01,2022Q4
Sint Maarten (Dutch part),SXM,AMR,HIC,2022,11,65+,0.0,2022-11-01,2022Q4
Qatar,QAT,EMR,HIC,2022,1,65+,6.0,2022-01-01,2022Q1
Qatar,QAT,EMR,HIC,2022,3,65+,0.0,2022-03-01,2022Q1
Qatar,QAT,EMR,HIC,2022,5,65+,0.0,2022-05-01,2022Q2
Sint Maarten (Dutch part),SXM,AMR,HIC,2022,2,65+,3.0,2022-02-01,2022Q1
Qatar,QAT,EMR,HIC,2022,4,65+,0.0,2022-04-01,2022Q2
Nepal,NPL,SEAR,LMC,2022,3,65+,11.0,2022-03-01,2022Q1
Nepal,NPL,SEAR,LMC,2022,7,65+,6.0,2022-07-01,2022Q3
Nepal,NPL,SEAR,LMC,2022,5,65+,0.0,2022-05-01,2022Q2
Nepal,NPL,SEAR,LMC,2022,1,65+,60.0,2022-01-01,2022Q1
Nepal,NPL,SEAR,LMC,2022,4,65+,0.0,2022-04-01,2022Q2
Sint Maarten (Dutch part),SXM,AMR,HIC,2022,1,65+,4.0,2022-01-01,2022Q1
Nepal,NPL,SEAR,LMC,2022,2,65+,116.0,2022-02-01,2022Q1
Montenegro,MNE,EUR,UMC,2022,12,65+,0.0,2022-12-01,2022Q4
Montenegro,MNE,EUR,UMC,2022,8,65+,28.0,2022-08-01,2022Q3
Sint Maarten (Dutch part),SXM,AMR,HIC,2022,6,65+,0.0,2022-06-01,2022Q2
Montenegro,MNE,EUR,UMC,2022,10,65+,3.0,2022-10-01,2022Q4
Sint Maarten (Dutch part),SXM,AMR,HIC,2022,9,65+,0.0,2022-09-01,2022Q3
Montenegro,MNE,EUR,UMC,2022,3,65+,40.0,2022-03-01,2022Q1
Montenegro,MNE,EUR,UMC,2022,1,65+,67.0,2022-01-01,2022Q1
Montenegro,MNE,EUR,UMC,2022,4,65+,6.0,2022-04-01,2022Q2
Montenegro,MNE,EUR,UMC,2022,7,65+,5.0,2022-07-01,2022Q3
Sint Maarten (Dutch part),SXM,AMR,HIC,2022,10,65+,3.0,2022-10-01,2022Q4
Montenegro,MNE,EUR,UMC,2022,6,65+,7.0,2022-06-01,2022Q2
Sint Maarten (Dutch part),SXM,AMR,HIC,2022,12,65+,0.0,2022-12-01,2022Q4
Sint Maarten (Dutch part),SXM,AMR,HIC,2022,7,65+,0.0,2022-07-01,2022Q3
Sint Maarten (Dutch part),SXM,AMR,HIC,2022,8,65+,0.0,2022-08-01,2022Q3
Sint Maarten (Dutch part),SXM,AMR,HIC,2022,4,65+,0.0,2022-04-01,2022Q2
Sint Maarten (Dutch part),SXM,AMR,HIC,2022,3,65+,0.0,2022-03-01,2022Q1
Albania,ALB,EUR,UMC,2022,4,65+,0.0,2022-04-01,2022Q2
Albania,ALB,EUR,UMC,2022,1,65+,4.0,2022-01-01,2022Q1
Montenegro,MNE,EUR,UMC,2022,9,65+,4.0,2022-09-01,2022Q3
Albania,ALB,EUR,UMC,2022,3,65+,0.0,2022-03-01,2022Q1
Montenegro,MNE,EUR,UMC,2022,11,65+,5.0,2022-11-01,2022Q4
Philippines,PHL,WPR,LMC,2022,3,65+,240.0,2022-03-01,2022Q1
Slovenia,SVN,EUR,HIC,2022,11,65+,146.0,2022-11-01,2022Q4
Peru,PER,AMR,UMC,2022,12,65+,578.0,2022-12-01,2022Q4
Peru,PER,AMR,UMC,2022,11,65+,379.0,2022-11-01,2022Q4
Philippines,PHL,WPR,LMC,2022,4,65+,64.0,2022-04-01,2022Q2
Philippines,PHL,WPR,LMC,2022,5,65+,15.0,2022-05-01,2022Q2
Portugal,PRT,EUR,HIC,2022,12,65+,240.0,2022-12-01,2022Q4
Portugal,PRT,EUR,HIC,2022,9,65+,159.0,2022-09-01,2022Q3
Slovenia,SVN,EUR,HIC,2022,10,65+,140.0,2022-10-01,2022Q4
Philippines,PHL,WPR,LMC,2022,7,65+,123.0,2022-07-01,2022Q3
Peru,PER,AMR,UMC,2022,9,65+,509.0,2022-09-01,2022Q3
Slovenia,SVN,EUR,HIC,2022,3,65+,281.0,2022-03-01,2022Q1
Slovenia,SVN,EUR,HIC,2022,5,65+,101.0,2022-05-01,2022Q2
Albania,ALB,EUR,UMC,2022,11,65+,0.0,2022-11-01,2022Q4
Philippines,PHL,WPR,LMC,2022,6,65+,34.0,2022-06-01,2022Q2
Peru,PER,AMR,UMC,2022,10,65+,200.0,2022-10-01,2022Q4
Philippines,PHL,WPR,LMC,2022,11,65+,105.0,2022-11-01,2022Q4
Slovenia,SVN,EUR,HIC,2022,8,65+,161.0,2022-08-01,2022Q3
Slovenia,SVN,EUR,HIC,2022,7,65+,120.0,2022-07-01,2022Q3
Slovenia,SVN,EUR,HIC,2022,9,65+,89.0,2022-09-01,2022Q3
Philippines,PHL,WPR,LMC,2022,12,65+,83.0,2022-12-01,2022Q4
Philippines,PHL,WPR,LMC,2022,10,65+,104.0,2022-10-01,2022Q4
Albania,ALB,EUR,UMC,2022,6,65+,0.0,2022-06-01,2022Q2
Philippines,PHL,WPR,LMC,2022,8,65+,292.0,2022-08-01,2022Q3
Philippines,PHL,WPR,LMC,2022,9,65+,94.0,2022-09-01,2022Q3
Turkey,TUR,EUR,UMC,2022,4,65+,528.0,2022-04-01,2022Q2
Turkey,TUR,EUR,UMC,2022,1,65+,3768.0,2022-01-01,2022Q1
Portugal,PRT,EUR,HIC,2022,5,65+,742.0,2022-05-01,2022Q2
Portugal,PRT,EUR,HIC,2022,6,65+,1055.0,2022-06-01,2022Q2
Portugal,PRT,EUR,HIC,2022,7,65+,371.0,2022-07-01,2022Q3
Portugal,PRT,EUR,HIC,2022,8,65+,242.0,2022-08-01,2022Q3
Portugal,PRT,EUR,HIC,2022,2,65+,1066.0,2022-02-01,2022Q1
Portugal,PRT,EUR,HIC,2022,3,65+,691.0,2022-03-01,2022Q1
Turkey,TUR,EUR,UMC,2022,11,65+,180.0,2022-11-01,2022Q4
Turkey,TUR,EUR,UMC,2022,5,65+,148.0,2022-05-01,2022Q2
Turkey,TUR,EUR,UMC,2022,10,65+,108.0,2022-10-01,2022Q4
Turkey,TUR,EUR,UMC,2022,12,65+,193.0,2022-12-01,2022Q4
Turkey,TUR,EUR,UMC,2022,3,65+,3394.0,2022-03-01,2022Q1
Turkey,TUR,EUR,UMC,2022,2,65+,6050.0,2022-02-01,2022Q1
Slovenia,SVN,EUR,HIC,2022,12,65+,182.0,2022-12-01,2022Q4
Albania,ALB,EUR,UMC,2022,12,65+,0.0,2022-12-01,2022Q4
Turkey,TUR,EUR,UMC,2022,6,65+,77.0,2022-06-01,2022Q2
Turkey,TUR,EUR,UMC,2022,7,65+,545.0,2022-07-01,2022Q3
Albania,ALB,EUR,UMC,2022,7,65+,0.0,2022-07-01,2022Q3
Turkey,TUR,EUR,UMC,2022,9,65+,195.0,2022-09-01,2022Q3
Portugal,PRT,EUR,HIC,2022,1,65+,822.0,2022-01-01,2022Q1
Philippines,PHL,WPR,LMC,2022,2,65+,765.0,2022-02-01,2022Q1
Philippines,PHL,WPR,LMC,2022,1,65+,1323.0,2022-01-01,2022Q1
Portugal,PRT,EUR,HIC,2022,11,65+,269.0,2022-11-01,2022Q4
Portugal,PRT,EUR,HIC,2022,10,65+,176.0,2022-10-01,2022Q4
Slovenia,SVN,EUR,HIC,2022,6,65+,69.0,2022-06-01,2022Q2
Turkey,TUR,EUR,UMC,2022,8,65+,1130.0,2022-08-01,2022Q3
Slovenia,SVN,EUR,HIC,2022,4,65+,158.0,2022-04-01,2022Q2
Portugal,PRT,EUR,HIC,2022,4,65+,523.0,2022-04-01,2022Q2
Albania,ALB,EUR,UMC,2022,5,65+,0.0,2022-05-01,2022Q2
Albania,ALB,EUR,UMC,2022,2,65+,0.0,2022-02-01,2022Q1
Albania,ALB,EUR,UMC,2022,9,65+,0.0,2022-09-01,2022Q3
Albania,ALB,EUR,UMC,2022,8,65+,0.0,2022-08-01,2022Q3
Peru,PER,AMR,UMC,2022,8,65+,1108.0,2022-08-01,2022Q3
Poland,POL,EUR,HIC,2022,5,65+,0.0,2022-05-01,2022Q2
Peru,PER,AMR,UMC,2022,3,65+,951.0,2022-03-01,2022Q1
Peru,PER,AMR,UMC,2022,7,65+,702.0,2022-07-01,2022Q3
Albania,ALB,EUR,UMC,2022,10,65+,0.0,2022-10-01,2022Q4
Slovenia,SVN,EUR,HIC,2022,1,65+,236.0,2022-01-01,2022Q1
Slovenia,SVN,EUR,HIC,2022,2,65+,425.0,2022-02-01,2022Q1
Turks and Caicos Islands,TCA,AMR,HIC,2022,7,65+,0.0,2022-07-01,2022Q3
Turks and Caicos Islands,TCA,AMR,HIC,2022,11,65+,0.0,2022-11-01,2022Q4
Poland,POL,EUR,HIC,2022,10,65+,0.0,2022-10-01,2022Q4
Poland,POL,EUR,HIC,2022,9,65+,0.0,2022-09-01,2022Q3
Turks and Caicos Islands,TCA,AMR,HIC,2022,5,65+,0.0,2022-05-01,2022Q2
Peru,PER,AMR,UMC,2022,4,65+,408.0,2022-04-01,2022Q2
Peru,PER,AMR,UMC,2022,1,65+,2290.0,2022-01-01,2022Q1
Peru,PER,AMR,UMC,2022,2,65+,2694.0,2022-02-01,2022Q1
Turks and Caicos Islands,TCA,AMR,HIC,2022,3,65+,0.0,2022-03-01,2022Q1
Turks and Caicos Islands,TCA,AMR,HIC,2022,6,65+,0.0,2022-06-01,2022Q2
Turks and Caicos Islands,TCA,AMR,HIC,2022,2,65+,2.0,2022-02-01,2022Q1
Turks and Caicos Islands,TCA,AMR,HIC,2022,8,65+,0.0,2022-08-01,2022Q3
Turks and Caicos Islands,TCA,AMR,HIC,2022,9,65+,0.0,2022-09-01,2022Q3
Turks and Caicos Islands,TCA,AMR,HIC,2022,12,65+,1.0,2022-12-01,2022Q4
Poland,POL,EUR,HIC,2022,8,65+,0.0,2022-08-01,2022Q3
Turks and Caicos Islands,TCA,AMR,HIC,2022,4,65+,0.0,2022-04-01,2022Q2
Turks and Caicos Islands,TCA,AMR,HIC,2022,10,65+,0.0,2022-10-01,2022Q4
Turks and Caicos Islands,TCA,AMR,HIC,2022,1,65+,5.0,2022-01-01,2022Q1
Peru,PER,AMR,UMC,2022,6,65+,403.0,2022-06-01,2022Q2
Peru,PER,AMR,UMC,2022,5,65+,321.0,2022-05-01,2022Q2
Poland,POL,EUR,HIC,2022,4,65+,0.0,2022-04-01,2022Q2
Poland,POL,EUR,HIC,2022,6,65+,0.0,2022-06-01,2022Q2
Sweden,SWE,EUR,HIC,2022,10,65+,353.0,2022-10-01,2022Q4
Sweden,SWE,EUR,HIC,2022,11,65+,441.0,2022-11-01,2022Q4
Sweden,SWE,EUR,HIC,2022,6,65+,140.0,2022-06-01,2022Q2
Sweden,SWE,EUR,HIC,2022,12,65+,1122.0,2022-12-01,2022Q4
Sweden,SWE,EUR,HIC,2022,7,65+,317.0,2022-07-01,2022Q3
Sweden,SWE,EUR,HIC,2022,8,65+,533.0,2022-08-01,2022Q3
Oman,OMN,EMR,HIC,2022,4,65+,0.0,2022-04-01,2022Q2
Sweden,SWE,EUR,HIC,2022,3,65+,886.0,2022-03-01,2022Q1
Oman,OMN,EMR,HIC,2022,7,65+,0.0,2022-07-01,2022Q3
Saint Kitts and Nevis,KNA,AMR,HIC,2022,8,65+,0.0,2022-08-01,2022Q3
Oman,OMN,EMR,HIC,2022,5,65+,0.0,2022-05-01,2022Q2
Saint Kitts and Nevis,KNA,AMR,HIC,2022,4,65+,0.0,2022-04-01,2022Q2
Saint Kitts and Nevis,KNA,AMR,HIC,2022,5,65+,0.0,2022-05-01,2022Q2
Switzerland,CHE,EUR,HIC,2022,1,65+,367.0,2022-01-01,2022Q1
Switzerland,CHE,EUR,HIC,2022,2,65+,327.0,2022-02-01,2022Q1
Switzerland,CHE,EUR,HIC,2022,7,65+,136.0,2022-07-01,2022Q3
Switzerland,CHE,EUR,HIC,2022,3,65+,327.0,2022-03-01,2022Q1
Switzerland,CHE,EUR,HIC,2022,5,65+,44.0,2022-05-01,2022Q2
Switzerland,CHE,EUR,HIC,2022,6,65+,53.0,2022-06-01,2022Q2
Switzerland,CHE,EUR,HIC,2022,4,65+,126.0,2022-04-01,2022Q2
Switzerland,CHE,EUR,HIC,2022,9,65+,38.0,2022-09-01,2022Q3
Oman,OMN,EMR,HIC,2022,2,65+,0.0,2022-02-01,2022Q1
Oman,OMN,EMR,HIC,2022,6,65+,0.0,2022-06-01,2022Q2
Oman,OMN,EMR,HIC,2022,3,65+,0.0,2022-03-01,2022Q1
Oman,OMN,EMR,HIC,2022,1,65+,2.0,2022-01-01,2022Q1
United Kingdom of Great Britain and Northern Ireland,GBR,EUR,HIC,2022,9,65+,0.0,2022-09-01,2022Q3
Saint Lucia,LCA,AMR,UMC,2022,12,65+,0.0,2022-12-01,2022Q4
United Kingdom of Great Britain and Northern Ireland,GBR,EUR,HIC,2022,12,65+,0.0,2022-12-01,2022Q4
United Kingdom of Great Britain and Northern Ireland,GBR,EUR,HIC,2022,11,65+,0.0,2022-11-01,2022Q4
United Kingdom of Great Britain and Northern Ireland,GBR,EUR,HIC,2022,10,65+,0.0,2022-10-01,2022Q4
United States of America,USA,AMR,HIC,2022,2,65+,38823.0,2022-02-01,2022Q1
Saint Kitts and Nevis,KNA,AMR,HIC,2022,10,65+,0.0,2022-10-01,2022Q4
Saint Kitts and Nevis,KNA,AMR,HIC,2022,9,65+,0.0,2022-09-01,2022Q3
Saint Kitts and Nevis,KNA,AMR,HIC,2022,7,65+,1.0,2022-07-01,2022Q3
United States of America,USA,AMR,HIC,2022,4,65+,4934.0,2022-04-01,2022Q2
United States of America,USA,AMR,HIC,2022,8,65+,11964.0,2022-08-01,2022Q3
United States of America,USA,AMR,HIC,2022,11,65+,8695.0,2022-11-01,2022Q4
United States of America,USA,AMR,HIC,2022,3,65+,12179.0,2022-03-01,2022Q1
United States of America,USA,AMR,HIC,2022,9,65+,9496.0,2022-09-01,2022Q3
United States of America,USA,AMR,HIC,2022,1,65+,61589.0,2022-01-01,2022Q1
Saint Kitts and Nevis,KNA,AMR,HIC,2022,12,65+,0.0,2022-12-01,2022Q4
Saint Kitts and Nevis,KNA,AMR,HIC,2022,6,65+,1.0,2022-06-01,2022Q2
Saint Kitts and Nevis,KNA,AMR,HIC,2022,11,65+,0.0,2022-11-01,2022Q4
Sweden,SWE,EUR,HIC,2022,4,65+,298.0,2022-04-01,2022Q2
Sweden,SWE,EUR,HIC,2022,1,65+,732.0,2022-01-01,2022Q1
Sweden,SWE,EUR,HIC,2022,2,65+,1218.0,2022-02-01,2022Q1
Sweden,SWE,EUR,HIC,2022,9,65+,355.0,2022-09-01,2022Q3
Saint Kitts and Nevis,KNA,AMR,HIC,2022,3,65+,1.0,2022-03-01,2022Q1
Saint Kitts and Nevis,KNA,AMR,HIC,2022,2,65+,4.0,2022-02-01,2022Q1
Saint Kitts and Nevis,KNA,AMR,HIC,2022,1,65+,9.0,2022-01-01,2022Q1
Sweden,SWE,EUR,HIC,2022,5,65+,152.0,2022-05-01,2022Q2
United States of America,USA,AMR,HIC,2022,10,65+,8371.0,2022-10-01,2022Q4
United States of America,USA,AMR,HIC,2022,12,65+,12526.0,2022-12-01,2022Q4
United States of America,USA,AMR,HIC,2022,5,65+,6300.0,2022-05-01,2022Q2
United States of America,USA,AMR,HIC,2022,7,65+,11237.0,2022-07-01,2022Q3
United States of America,USA,AMR,HIC,2022,6,65+,8012.0,2022-06-01,2022Q2
Syrian Arab Republic,SYR,EMR,LIC,2022,6,65+,0.0,2022-06-01,2022Q2
Norway,NOR,EUR,HIC,2022,7,65+,0.0,2022-07-01,2022Q3
Norway,NOR,EUR,HIC,2022,2,65+,0.0,2022-02-01,2022Q1
Norway,NOR,EUR,HIC,2022,1,65+,0.0,2022-01-01,2022Q1
Norway,NOR,EUR,HIC,2022,6,65+,0.0,2022-06-01,2022Q2
Norway,NOR,EUR,HIC,2022,3,65+,0.0,2022-03-01,2022Q1
Norway,NOR,EUR,HIC,2022,9,65+,0.0,2022-09-01,2022Q3
Norway,NOR,EUR,HIC,2022,5,65+,0.0,2022-05-01,2022Q2
Norway,NOR,EUR,HIC,2022,10,65+,0.0,2022-10-01,2022Q4
Norway,NOR,EUR,HIC,2022,12,65+,0.0,2022-12-01,2022Q4
Norway,NOR,EUR,HIC,2022,4,65+,0.0,2022-04-01,2022Q2
Norway,NOR,EUR,HIC,2022,11,65+,0.0,2022-11-01,2022Q4
Norway,NOR,EUR,HIC,2022,8,65+,0.0,2022-08-01,2022Q3
Timor-Leste,TLS,SEAR,LMC,2022,5,65+,0.0,2022-05-01,2022Q2
Switzerland,CHE,EUR,HIC,2022,12,65+,90.0,2022-12-01,2022Q4
Switzerland,CHE,EUR,HIC,2022,8,65+,74.0,2022-08-01,2022Q3
Switzerland,CHE,EUR,HIC,2022,11,65+,88.0,2022-11-01,2022Q4
Switzerland,CHE,EUR,HIC,2022,10,65+,88.0,2022-10-01,2022Q4
Timor-Leste,TLS,SEAR,LMC,2022,4,65+,0.0,2022-04-01,2022Q2
Timor-Leste,TLS,SEAR,LMC,2022,2,65+,0.0,2022-02-01,2022Q1
Timor-Leste,TLS,SEAR,LMC,2022,3,65+,0.0,2022-03-01,2022Q1
North Macedonia,MKD,EUR,UMC,2022,4,65+,31.0,2022-04-01,2022Q2
North Macedonia,MKD,EUR,UMC,2022,8,65+,119.0,2022-08-01,2022Q3
North Macedonia,MKD,EUR,UMC,2022,3,65+,140.0,2022-03-01,2022Q1
North Macedonia,MKD,EUR,UMC,2022,5,65+,7.0,2022-05-01,2022Q2
Syrian Arab Republic,SYR,EMR,LIC,2022,2,65+,15.0,2022-02-01,2022Q1
Syrian Arab Republic,SYR,EMR,LIC,2022,3,65+,32.0,2022-03-01,2022Q1
Syrian Arab Republic,SYR,EMR,LIC,2022,4,65+,0.0,2022-04-01,2022Q2
Syrian Arab Republic,SYR,EMR,LIC,2022,5,65+,0.0,2022-05-01,2022Q2
North Macedonia,MKD,EUR,UMC,2022,1,65+,343.0,2022-01-01,2022Q1
North Macedonia,MKD,EUR,UMC,2022,2,65+,522.0,2022-02-01,2022Q1
North Macedonia,MKD,EUR,UMC,2022,9,65+,22.0,2022-09-01,2022Q3
Syrian Arab Republic,SYR,EMR,LIC,2022,1,65+,5.0,2022-01-01,2022Q1
North Macedonia,MKD,EUR,UMC,2022,12,65+,7.0,2022-12-01,2022Q4
North Macedonia,MKD,EUR,UMC,2022,6,65+,10.0,2022-06-01,2022Q2
North Macedonia,MKD,EUR,UMC,2022,7,65+,37.0,2022-07-01,2022Q3
North Macedonia,MKD,EUR,UMC,2022,11,65+,11.0,2022-11-01,2022Q4
North Macedonia,MKD,EUR,UMC,2022,10,65+,10.0,2022-10-01,2022Q4
Spain,ESP,EUR,HIC,2022,5,65+,1890.0,2022-05-01,2022Q2
Spain,ESP,EUR,HIC,2022,2,65+,4263.0,2022-02-01,2022Q1
Spain,ESP,EUR,HIC,2022,6,65+,2356.0,2022-06-01,2022Q2
Spain,ESP,EUR,HIC,2022,7,65+,3504.0,2022-07-01,2022Q3
Spain,ESP,EUR,HIC,2022,3,65+,1764.0,2022-03-01,2022Q1
Spain,ESP,EUR,HIC,2022,9,65+,525.0,2022-09-01,2022Q3
Spain,ESP,EUR,HIC,2022,1,65+,5132.0,2022-01-01,2022Q1
Spain,ESP,EUR,HIC,2022,8,65+,1865.0,2022-08-01,2022Q3
Spain,ESP,EUR,HIC,2022,4,65+,1434.0,2022-04-01,2022Q2
Spain,ESP,EUR,HIC,2022,10,65+,599.0,2022-10-01,2022Q4
Spain,ESP,EUR,HIC,2022,11,65+,743.0,2022-11-01,2022Q4
Spain,ESP,EUR,HIC,2022,12,65+,805.0,2022-12-01,2022Q4
Republic of Moldova,MDA,EUR,UMC,2022,2,65+,450.0,2022-02-01,2022Q1
Republic of Moldova,MDA,EUR,UMC,2022,3,65+,196.0,2022-03-01,2022Q1
Republic of Moldova,MDA,EUR,UMC,2022,4,65+,46.0,2022-04-01,2022Q2
Republic of Moldova,MDA,EUR,UMC,2022,1,65+,267.0,2022-01-01,2022Q1
Netherlands (Kingdom of the),NLD,EUR,HIC,2022,2,65+,281.0,2022-02-01,2022Q1
Netherlands (Kingdom of the),NLD,EUR,HIC,2022,10,65+,147.0,2022-10-01,2022Q4
Netherlands (Kingdom of the),NLD,EUR,HIC,2022,11,65+,81.0,2022-11-01,2022Q4
Netherlands (Kingdom of the),NLD,EUR,HIC,2022,8,65+,95.0,2022-08-01,2022Q3
Netherlands (Kingdom of the),NLD,EUR,HIC,2022,3,65+,396.0,2022-03-01,2022Q1
Netherlands (Kingdom of the),NLD,EUR,HIC,2022,4,65+,157.0,2022-04-01,2022Q2
Netherlands (Kingdom of the),NLD,EUR,HIC,2022,5,65+,38.0,2022-05-01,2022Q2
Netherlands (Kingdom of the),NLD,EUR,HIC,2022,1,65+,217.0,2022-01-01,2022Q1
Netherlands (Kingdom of the),NLD,EUR,HIC,2022,7,65+,107.0,2022-07-01,2022Q3
Netherlands (Kingdom of the),NLD,EUR,HIC,2022,9,65+,63.0,2022-09-01,2022Q3
Ukraine,UKR,EUR,UMC,2022,6,65+,65.0,2022-06-01,2022Q2
Netherlands (Kingdom of the),NLD,EUR,HIC,2022,12,65+,55.0,2022-12-01,2022Q4
Ukraine,UKR,EUR,UMC,2022,1,65+,2954.0,2022-01-01,2022Q1
Ukraine,UKR,EUR,UMC,2022,3,65+,1654.0,2022-03-01,2022Q1
Netherlands (Kingdom of the),NLD,EUR,HIC,2022,6,65+,63.0,2022-06-01,2022Q2
Venezuela (Bolivarian Republic of),VEN,AMR,,2022,5,65+,1.0,2022-05-01,2022Q2
Venezuela (Bolivarian Republic of),VEN,AMR,,2022,3,65+,1.0,2022-03-01,2022Q1
Venezuela (Bolivarian Republic of),VEN,AMR,,2022,2,65+,29.0,2022-02-01,2022Q1
Venezuela (Bolivarian Republic of),VEN,AMR,,2022,1,65+,9.0,2022-01-01,2022Q1
Ukraine,UKR,EUR,UMC,2022,10,65+,649.0,2022-10-01,2022Q4
Ukraine,UKR,EUR,UMC,2022,2,65+,4514.0,2022-02-01,2022Q1
Ukraine,UKR,EUR,UMC,2022,8,65+,112.0,2022-08-01,2022Q3
Ukraine,UKR,EUR,UMC,2022,7,65+,48.0,2022-07-01,2022Q3
Ukraine,UKR,EUR,UMC,2022,4,65+,310.0,2022-04-01,2022Q2
Ukraine,UKR,EUR,UMC,2022,9,65+,399.0,2022-09-01,2022Q3
Ukraine,UKR,EUR,UMC,2022,5,65+,108.0,2022-05-01,2022Q2
Ukraine,UKR,EUR,UMC,2022,12,65+,169.0,2022-12-01,2022Q4
Ukraine,UKR,EUR,UMC,2022,11,65+,362.0,2022-11-01,2022Q4
Venezuela (Bolivarian Republic of),VEN,AMR,,2022,9,65+,0.0,2022-09-01,2022Q3
Romania,ROU,EUR,HIC,2022,8,65+,646.0,2022-08-01,2022Q3
Suriname,SUR,AMR,UMC,2022,1,65+,0.0,2022-01-01,2022Q1
Suriname,SUR,AMR,UMC,2022,3,65+,0.0,2022-03-01,2022Q1
Suriname,SUR,AMR,UMC,2022,5,65+,0.0,2022-05-01,2022Q2
Suriname,SUR,AMR,UMC,2022,7,65+,0.0,2022-07-01,2022Q3
Romania,ROU,EUR,HIC,2022,2,65+,2991.0,2022-02-01,2022Q1
Romania,ROU,EUR,HIC,2022,9,65+,202.0,2022-09-01,2022Q3
Romania,ROU,EUR,HIC,2022,10,65+,119.0,2022-10-01,2022Q4
Romania,ROU,EUR,HIC,2022,12,65+,113.0,2022-12-01,2022Q4
Romania,ROU,EUR,HIC,2022,5,65+,124.0,2022-05-01,2022Q2
Romania,ROU,EUR,HIC,2022,11,65+,88.0,2022-11-01,2022Q4
Romania,ROU,EUR,HIC,2022,7,65+,258.0,2022-07-01,2022Q3
Romania,ROU,EUR,HIC,2022,3,65+,1150.0,2022-03-01,2022Q1
Romania,ROU,EUR,HIC,2022,6,65+,62.0,2022-06-01,2022Q2
Romania,ROU,EUR,HIC,2022,1,65+,1063.0,2022-01-01,2022Q1
Romania,ROU,EUR,HIC,2022,4,65+,315.0,2022-04-01,2022Q2
Suriname,SUR,AMR,UMC,2022,2,65+,0.0,2022-02-01,2022Q1
United Kingdom of Great Britain and Northern Ireland,GBR,EUR,HIC,2022,6,65+,64.0,2022-06-01,2022Q2
United Kingdom of Great Britain and Northern Ireland,GBR,EUR,HIC,2022,5,65+,243.0,2022-05-01,2022Q2
United Kingdom of Great Britain and Northern Ireland,GBR,EUR,HIC,2022,8,65+,33.0,2022-08-01,2022Q3
Suriname,SUR,AMR,UMC,2022,9,65+,0.0,2022-09-01,2022Q3
Suriname,SUR,AMR,UMC,2022,10,65+,0.0,2022-10-01,2022Q4
Suriname,SUR,AMR,UMC,2022,11,65+,0.0,2022-11-01,2022Q4
Suriname,SUR,AMR,UMC,2022,12,65+,0.0,2022-12-01,2022Q4
Suriname,SUR,AMR,UMC,2022,4,65+,0.0,2022-04-01,2022Q2
Suriname,SUR,AMR,UMC,2022,8,65+,0.0,2022-08-01,2022Q3
Suriname,SUR,AMR,UMC,2022,6,65+,0.0,2022-06-01,2022Q2
United Kingdom of Great Britain and Northern Ireland,GBR,EUR,HIC,2022,4,65+,636.0,2022-04-01,2022Q2
United Kingdom of Great Britain and Northern Ireland,GBR,EUR,HIC,2022,1,65+,661.0,2022-01-01,2022Q1
United Kingdom of Great Britain and Northern Ireland,GBR,EUR,HIC,2022,3,65+,878.0,2022-03-01,2022Q1
United Kingdom of Great Britain and Northern Ireland,GBR,EUR,HIC,2022,7,65+,120.0,2022-07-01,2022Q3
United Kingdom of Great Britain and Northern Ireland,GBR,EUR,HIC,2022,2,65+,479.0,2022-02-01,2022Q1
Saint Vincent and the Grenadines,VCT,AMR,UMC,2022,1,65+,0.0,2022-01-01,2022Q1
Republic of Moldova,MDA,EUR,UMC,2022,5,65+,34.0,2022-05-01,2022Q2
Republic of Moldova,MDA,EUR,UMC,2022,7,65+,45.0,2022-07-01,2022Q3
Republic of Moldova,MDA,EUR,UMC,2022,12,65+,12.0,2022-12-01,2022Q4
Republic of Moldova,MDA,EUR,UMC,2022,8,65+,128.0,2022-08-01,2022Q3
Republic of Moldova,MDA,EUR,UMC,2022,9,65+,54.0,2022-09-01,2022Q3
Republic of Moldova,MDA,EUR,UMC,2022,11,65+,24.0,2022-11-01,2022Q4
Republic of Moldova,MDA,EUR,UMC,2022,6,65+,14.0,2022-06-01,2022Q2
Republic of Moldova,MDA,EUR,UMC,2022,10,65+,25.0,2022-10-01,2022Q4
Canada,CAN,AMR,HIC,2022,5,65+,1080.0,2022-05-01,2022Q2
Croatia,HRV,EUR,HIC,2022,9,65+,31.0,2022-09-01,2022Q3
Canada,CAN,AMR,HIC,2022,7,65+,1040.0,2022-07-01,2022Q3
Honduras,HND,AMR,LMC,2022,8,65+,0.0,2022-08-01,2022Q3
Honduras,HND,AMR,LMC,2022,2,65+,0.0,2022-02-01,2022Q1
Canada,CAN,AMR,HIC,2022,3,65+,1389.0,2022-03-01,2022Q1
Croatia,HRV,EUR,HIC,2022,6,65+,8.0,2022-06-01,2022Q2
Honduras,HND,AMR,LMC,2022,3,65+,0.0,2022-03-01,2022Q1
Canada,CAN,AMR,HIC,2022,8,65+,1192.0,2022-08-01,2022Q3
Honduras,HND,AMR,LMC,2022,1,65+,0.0,2022-01-01,2022Q1
Canada,CAN,AMR,HIC,2022,1,65+,4493.0,2022-01-01,2022Q1
Latvia,LVA,EUR,HIC,2022,2,65+,360.0,2022-02-01,2022Q1
Latvia,LVA,EUR,HIC,2022,3,65+,400.0,2022-03-01,2022Q1
Croatia,HRV,EUR,HIC,2022,12,65+,158.0,2022-12-01,2022Q4
Latvia,LVA,EUR,HIC,2022,4,65+,128.0,2022-04-01,2022Q2
Latvia,LVA,EUR,HIC,2022,6,65+,23.0,2022-06-01,2022Q2
Latvia,LVA,EUR,HIC,2022,7,65+,30.0,2022-07-01,2022Q3
Latvia,LVA,EUR,HIC,2022,11,65+,32.0,2022-11-01,2022Q4
Croatia,HRV,EUR,HIC,2022,7,65+,27.0,2022-07-01,2022Q3
Latvia,LVA,EUR,HIC,2022,1,65+,240.0,2022-01-01,2022Q1
Latvia,LVA,EUR,HIC,2022,9,65+,40.0,2022-09-01,2022Q3
Latvia,LVA,EUR,HIC,2022,8,65+,29.0,2022-08-01,2022Q3
Honduras,HND,AMR,LMC,2022,4,65+,0.0,2022-04-01,2022Q2
Croatia,HRV,EUR,HIC,2022,8,65+,49.0,2022-08-01,2022Q3
Canada,CAN,AMR,HIC,2022,12,65+,35.0,2022-12-01,2022Q4
Croatia,HRV,EUR,HIC,2022,11,65+,189.0,2022-11-01,2022Q4
Croatia,HRV,EUR,HIC,2022,4,65+,44.0,2022-04-01,2022Q2
Croatia,HRV,EUR,HIC,2022,5,65+,22.0,2022-05-01,2022Q2
Canada,CAN,AMR,HIC,2022,6,65+,806.0,2022-06-01,2022Q2
Honduras,HND,AMR,LMC,2022,9,65+,0.0,2022-09-01,2022Q3
Honduras,HND,AMR,LMC,2022,7,65+,0.0,2022-07-01,2022Q3
Honduras,HND,AMR,LMC,2022,6,65+,0.0,2022-06-01,2022Q2
Honduras,HND,AMR,LMC,2022,11,65+,0.0,2022-11-01,2022Q4
Honduras,HND,AMR,LMC,2022,5,65+,0.0,2022-05-01,2022Q2
Honduras,HND,AMR,LMC,2022,12,65+,0.0,2022-12-01,2022Q4
Canada,CAN,AMR,HIC,2022,10,65+,1118.0,2022-10-01,2022Q4
Canada,CAN,AMR,HIC,2022,11,65+,706.0,2022-11-01,2022Q4
Canada,CAN,AMR,HIC,2022,9,65+,832.0,2022-09-01,2022Q3
Canada,CAN,AMR,HIC,2022,2,65+,1440.0,2022-02-01,2022Q1
Canada,CAN,AMR,HIC,2022,4,65+,2007.0,2022-04-01,2022Q2
Honduras,HND,AMR,LMC,2022,10,65+,0.0,2022-10-01,2022Q4
Latvia,LVA,EUR,HIC,2022,5,65+,30.0,2022-05-01,2022Q2
Latvia,LVA,EUR,HIC,2022,10,65+,39.0,2022-10-01,2022Q4
Ecuador,ECU,AMR,UMC,2022,4,65+,14.0,2022-04-01,2022Q2
Ecuador,ECU,AMR,UMC,2022,6,65+,1.0,2022-06-01,2022Q2
Ecuador,ECU,AMR,UMC,2022,2,65+,349.0,2022-02-01,2022Q1
Ireland,IRL,EUR,HIC,2022,9,65+,41.0,2022-09-01,2022Q3
Ireland,IRL,EUR,HIC,2022,5,65+,102.0,2022-05-01,2022Q2
Ireland,IRL,EUR,HIC,2022,4,65+,281.0,2022-04-01,2022Q2
Latvia,LVA,EUR,HIC,2022,12,65+,49.0,2022-12-01,2022Q4
Cuba,CUB,AMR,UMC,2022,1,65+,61.0,2022-01-01,2022Q1
Argentina,ARG,AMR,UMC,2022,1,65+,4280.0,2022-01-01,2022Q1
Argentina,ARG,AMR,UMC,2022,4,65+,79.0,2022-04-01,2022Q2
Argentina,ARG,AMR,UMC,2022,2,65+,1967.0,2022-02-01,2022Q1
Hungary,HUN,EUR,HIC,2022,2,65+,2183.0,2022-02-01,2022Q1
Hungary,HUN,EUR,HIC,2022,6,65+,84.0,2022-06-01,2022Q2
Hungary,HUN,EUR,HIC,2022,4,65+,593.0,2022-04-01,2022Q2
Hungary,HUN,EUR,HIC,2022,3,65+,1331.0,2022-03-01,2022Q1
Hungary,HUN,EUR,HIC,2022,1,65+,1370.0,2022-01-01,2022Q1
Hungary,HUN,EUR,HIC,2022,8,65+,426.0,2022-08-01,2022Q3
Hungary,HUN,EUR,HIC,2022,12,65+,236.0,2022-12-01,2022Q4
Hungary,HUN,EUR,HIC,2022,10,65+,397.0,2022-10-01,2022Q4
Hungary,HUN,EUR,HIC,2022,11,65+,245.0,2022-11-01,2022Q4
Hungary,HUN,EUR,HIC,2022,9,65+,239.0,2022-09-01,2022Q3
Kyrgyzstan,KGZ,EUR,LMC,2022,2,65+,57.0,2022-02-01,2022Q1
Hungary,HUN,EUR,HIC,2022,7,65+,246.0,2022-07-01,2022Q3
Hungary,HUN,EUR,HIC,2022,5,65+,213.0,2022-05-01,2022Q2
Kyrgyzstan,KGZ,EUR,LMC,2022,11,65+,0.0,2022-11-01,2022Q4
Kyrgyzstan,KGZ,EUR,LMC,2022,6,65+,0.0,2022-06-01,2022Q2
Kyrgyzstan,KGZ,EUR,LMC,2022,4,65+,0.0,2022-04-01,2022Q2
Kyrgyzstan,KGZ,EUR,LMC,2022,7,65+,0.0,2022-07-01,2022Q3
Kyrgyzstan,KGZ,EUR,LMC,2022,5,65+,0.0,2022-05-01,2022Q2
Kyrgyzstan,KGZ,EUR,LMC,2022,12,65+,0.0,2022-12-01,2022Q4
Kyrgyzstan,KGZ,EUR,LMC,2022,8,65+,0.0,2022-08-01,2022Q3
Kyrgyzstan,KGZ,EUR,LMC,2022,9,65+,0.0,2022-09-01,2022Q3
Kyrgyzstan,KGZ,EUR,LMC,2022,1,65+,37.0,2022-01-01,2022Q1
Kyrgyzstan,KGZ,EUR,LMC,2022,3,65+,20.0,2022-03-01,2022Q1
Kyrgyzstan,KGZ,EUR,LMC,2022,10,65+,0.0,2022-10-01,2022Q4
Cayman Islands,CYM,AMR,HIC,2022,8,65+,0.0,2022-08-01,2022Q3
Ireland,IRL,EUR,HIC,2022,8,65+,87.0,2022-08-01,2022Q3
Cayman Islands,CYM,AMR,HIC,2022,7,65+,0.0,2022-07-01,2022Q3
Ireland,IRL,EUR,HIC,2022,2,65+,187.0,2022-02-01,2022Q1
Ireland,IRL,EUR,HIC,2022,7,65+,143.0,2022-07-01,2022Q3
Croatia,HRV,EUR,HIC,2022,10,65+,27.0,2022-10-01,2022Q4
Ireland,IRL,EUR,HIC,2022,11,65+,72.0,2022-11-01,2022Q4
Ireland,IRL,EUR,HIC,2022,6,65+,107.0,2022-06-01,2022Q2
Ireland,IRL,EUR,HIC,2022,12,65+,105.0,2022-12-01,2022Q4
Ireland,IRL,EUR,HIC,2022,10,65+,30.0,2022-10-01,2022Q4
Croatia,HRV,EUR,HIC,2022,1,65+,179.0,2022-01-01,2022Q1
Croatia,HRV,EUR,HIC,2022,2,65+,834.0,2022-02-01,2022Q1
Croatia,HRV,EUR,HIC,2022,3,65+,292.0,2022-03-01,2022Q1
France,FRA,EUR,HIC,2022,11,65+,1923.0,2022-11-01,2022Q4
France,FRA,EUR,HIC,2022,8,65+,1810.0,2022-08-01,2022Q3
Liechtenstein,LIE,EUR,HIC,2022,2,65+,4.0,2022-02-01,2022Q1
Cura�ao,CUW,AMR,HIC,2022,3,65+,4.0,2022-03-01,2022Q1
Liechtenstein,LIE,EUR,HIC,2022,1,65+,4.0,2022-01-01,2022Q1
Liechtenstein,LIE,EUR,HIC,2022,7,65+,1.0,2022-07-01,2022Q3
France,FRA,EUR,HIC,2022,7,65+,2058.0,2022-07-01,2022Q3
France,FRA,EUR,HIC,2022,12,65+,2492.0,2022-12-01,2022Q4
France,FRA,EUR,HIC,2022,9,65+,783.0,2022-09-01,2022Q3
France,FRA,EUR,HIC,2022,2,65+,5867.0,2022-02-01,2022Q1
France,FRA,EUR,HIC,2022,4,65+,2894.0,2022-04-01,2022Q2
France,FRA,EUR,HIC,2022,5,65+,1844.0,2022-05-01,2022Q2
Liechtenstein,LIE,EUR,HIC,2022,9,65+,0.0,2022-09-01,2022Q3
Cuba,CUB,AMR,UMC,2022,11,65+,0.0,2022-11-01,2022Q4
Cuba,CUB,AMR,UMC,2022,9,65+,0.0,2022-09-01,2022Q3
Cuba,CUB,AMR,UMC,2022,12,65+,0.0,2022-12-01,2022Q4
Cuba,CUB,AMR,UMC,2022,10,65+,0.0,2022-10-01,2022Q4
France,FRA,EUR,HIC,2022,6,65+,1257.0,2022-06-01,2022Q2
France,FRA,EUR,HIC,2022,10,65+,1502.0,2022-10-01,2022Q4
France,FRA,EUR,HIC,2022,3,65+,3551.0,2022-03-01,2022Q1
France,FRA,EUR,HIC,2022,1,65+,5560.0,2022-01-01,2022Q1
Cura�ao,CUW,AMR,HIC,2022,4,65+,7.0,2022-04-01,2022Q2
Cura�ao,CUW,AMR,HIC,2022,11,65+,3.0,2022-11-01,2022Q4
Cura�ao,CUW,AMR,HIC,2022,8,65+,3.0,2022-08-01,2022Q3
Cura�ao,CUW,AMR,HIC,2022,9,65+,1.0,2022-09-01,2022Q3
Cura�ao,CUW,AMR,HIC,2022,12,65+,2.0,2022-12-01,2022Q4
Cura�ao,CUW,AMR,HIC,2022,6,65+,4.0,2022-06-01,2022Q2
Cura�ao,CUW,AMR,HIC,2022,1,65+,48.0,2022-01-01,2022Q1
Cura�ao,CUW,AMR,HIC,2022,10,65+,5.0,2022-10-01,2022Q4
Lithuania,LTU,EUR,HIC,2022,4,65+,40.0,2022-04-01,2022Q2
Lithuania,LTU,EUR,HIC,2022,5,65+,7.0,2022-05-01,2022Q2
Lithuania,LTU,EUR,HIC,2022,8,65+,39.0,2022-08-01,2022Q3
Lithuania,LTU,EUR,HIC,2022,6,65+,11.0,2022-06-01,2022Q2
Lithuania,LTU,EUR,HIC,2022,9,65+,11.0,2022-09-01,2022Q3
Lithuania,LTU,EUR,HIC,2022,3,65+,200.0,2022-03-01,2022Q1
Lithuania,LTU,EUR,HIC,2022,1,65+,248.0,2022-01-01,2022Q1
Cura�ao,CUW,AMR,HIC,2022,2,65+,12.0,2022-02-01,2022Q1
Cura�ao,CUW,AMR,HIC,2022,5,65+,2.0,2022-05-01,2022Q2
Liechtenstein,LIE,EUR,HIC,2022,12,65+,2.0,2022-12-01,2022Q4
Liechtenstein,LIE,EUR,HIC,2022,11,65+,0.0,2022-11-01,2022Q4
Liechtenstein,LIE,EUR,HIC,2022,4,65+,0.0,2022-04-01,2022Q2
Liechtenstein,LIE,EUR,HIC,2022,3,65+,4.0,2022-03-01,2022Q1
Liechtenstein,LIE,EUR,HIC,2022,10,65+,0.0,2022-10-01,2022Q4
Liechtenstein,LIE,EUR,HIC,2022,5,65+,0.0,2022-05-01,2022Q2
Liechtenstein,LIE,EUR,HIC,2022,6,65+,2.0,2022-06-01,2022Q2
Liechtenstein,LIE,EUR,HIC,2022,8,65+,0.0,2022-08-01,2022Q3
Cura�ao,CUW,AMR,HIC,2022,7,65+,6.0,2022-07-01,2022Q3
Cuba,CUB,AMR,UMC,2022,3,65+,16.0,2022-03-01,2022Q1
Finland,FIN,EUR,HIC,2022,1,65+,398.0,2022-01-01,2022Q1
Finland,FIN,EUR,HIC,2022,3,65+,879.0,2022-03-01,2022Q1
Cuba,CUB,AMR,UMC,2022,2,65+,80.0,2022-02-01,2022Q1
Finland,FIN,EUR,HIC,2022,2,65+,449.0,2022-02-01,2022Q1
Ecuador,ECU,AMR,UMC,2022,3,65+,52.0,2022-03-01,2022Q1
Ireland,IRL,EUR,HIC,2022,3,65+,341.0,2022-03-01,2022Q1
Ireland,IRL,EUR,HIC,2022,1,65+,245.0,2022-01-01,2022Q1
Ecuador,ECU,AMR,UMC,2022,1,65+,575.0,2022-01-01,2022Q1
Cuba,CUB,AMR,UMC,2022,8,65+,0.0,2022-08-01,2022Q3
Ecuador,ECU,AMR,UMC,2022,5,65+,5.0,2022-05-01,2022Q2
Finland,FIN,EUR,HIC,2022,7,65+,284.0,2022-07-01,2022Q3
Cuba,CUB,AMR,UMC,2022,6,65+,0.0,2022-06-01,2022Q2
Cuba,CUB,AMR,UMC,2022,5,65+,1.0,2022-05-01,2022Q2
Cuba,CUB,AMR,UMC,2022,7,65+,0.0,2022-07-01,2022Q3
Finland,FIN,EUR,HIC,2022,12,65+,409.0,2022-12-01,2022Q4
Cuba,CUB,AMR,UMC,2022,4,65+,8.0,2022-04-01,2022Q2
Finland,FIN,EUR,HIC,2022,8,65+,472.0,2022-08-01,2022Q3
Finland,FIN,EUR,HIC,2022,4,65+,740.0,2022-04-01,2022Q2
Finland,FIN,EUR,HIC,2022,10,65+,644.0,2022-10-01,2022Q4
Finland,FIN,EUR,HIC,2022,5,65+,388.0,2022-05-01,2022Q2
Finland,FIN,EUR,HIC,2022,6,65+,285.0,2022-06-01,2022Q2
Finland,FIN,EUR,HIC,2022,9,65+,340.0,2022-09-01,2022Q3
Finland,FIN,EUR,HIC,2022,11,65+,718.0,2022-11-01,2022Q4
Costa Rica,CRI,AMR,UMC,2022,1,65+,218.0,2022-01-01,2022Q1
Indonesia,IDN,WPR,UMC,2022,8,65+,330.0,2022-08-01,2022Q3
Indonesia,IDN,WPR,UMC,2022,6,65+,29.0,2022-06-01,2022Q2
Indonesia,IDN,WPR,UMC,2022,5,65+,96.0,2022-05-01,2022Q2
Indonesia,IDN,WPR,UMC,2022,4,65+,394.0,2022-04-01,2022Q2
Indonesia,IDN,WPR,UMC,2022,3,65+,2556.0,2022-03-01,2022Q1
Indonesia,IDN,WPR,UMC,2022,1,65+,0.0,2022-01-01,2022Q1
Indonesia,IDN,WPR,UMC,2022,9,65+,245.0,2022-09-01,2022Q3
Indonesia,IDN,WPR,UMC,2022,11,65+,611.0,2022-11-01,2022Q4
Indonesia,IDN,WPR,UMC,2022,10,65+,154.0,2022-10-01,2022Q4
Indonesia,IDN,WPR,UMC,2022,7,65+,111.0,2022-07-01,2022Q3
Indonesia,IDN,WPR,UMC,2022,12,65+,270.0,2022-12-01,2022Q4
Argentina,ARG,AMR,UMC,2022,3,65+,293.0,2022-03-01,2022Q1
Colombia,COL,AMR,UMC,2022,3,65+,32.0,2022-03-01,2022Q1
Costa Rica,CRI,AMR,UMC,2022,4,65+,36.0,2022-04-01,2022Q2
Egypt,EGY,EMR,LMC,2022,2,65+,0.0,2022-02-01,2022Q1
Costa Rica,CRI,AMR,UMC,2022,2,65+,325.0,2022-02-01,2022Q1
Costa Rica,CRI,AMR,UMC,2022,5,65+,2.0,2022-05-01,2022Q2
Indonesia,IDN,WPR,UMC,2022,2,65+,510.0,2022-02-01,2022Q1
Cook Islands,COK,WPR,,2022,5,65+,0.0,2022-05-01,2022Q2
Jamaica,JAM,AMR,UMC,2022,11,65+,9.0,2022-11-01,2022Q4
Jamaica,JAM,AMR,UMC,2022,2,65+,65.0,2022-02-01,2022Q1
Jamaica,JAM,AMR,UMC,2022,12,65+,1.0,2022-12-01,2022Q4
Jamaica,JAM,AMR,UMC,2022,3,65+,8.0,2022-03-01,2022Q1
Jamaica,JAM,AMR,UMC,2022,4,65+,4.0,2022-04-01,2022Q2
Jamaica,JAM,AMR,UMC,2022,9,65+,27.0,2022-09-01,2022Q3
Jamaica,JAM,AMR,UMC,2022,1,65+,209.0,2022-01-01,2022Q1
Jamaica,JAM,AMR,UMC,2022,5,65+,21.0,2022-05-01,2022Q2
Jamaica,JAM,AMR,UMC,2022,8,65+,30.0,2022-08-01,2022Q3
Jamaica,JAM,AMR,UMC,2022,6,65+,31.0,2022-06-01,2022Q2
Jamaica,JAM,AMR,UMC,2022,7,65+,18.0,2022-07-01,2022Q3
Jamaica,JAM,AMR,UMC,2022,10,65+,5.0,2022-10-01,2022Q4
Italy,ITA,EUR,HIC,2022,10,65+,1875.0,2022-10-01,2022Q4
Italy,ITA,EUR,HIC,2022,7,65+,3538.0,2022-07-01,2022Q3
Italy,ITA,EUR,HIC,2022,12,65+,2731.0,2022-12-01,2022Q4
Italy,ITA,EUR,HIC,2022,11,65+,2674.0,2022-11-01,2022Q4
Italy,ITA,EUR,HIC,2022,9,65+,984.0,2022-09-01,2022Q3
Italy,ITA,EUR,HIC,2022,6,65+,1725.0,2022-06-01,2022Q2
Italy,ITA,EUR,HIC,2022,2,65+,7202.0,2022-02-01,2022Q1
Italy,ITA,EUR,HIC,2022,4,65+,3549.0,2022-04-01,2022Q2
Italy,ITA,EUR,HIC,2022,3,65+,4497.0,2022-03-01,2022Q1
Italy,ITA,EUR,HIC,2022,1,65+,8212.0,2022-01-01,2022Q1
Italy,ITA,EUR,HIC,2022,5,65+,2476.0,2022-05-01,2022Q2
Italy,ITA,EUR,HIC,2022,8,65+,3055.0,2022-08-01,2022Q3
Cook Islands,COK,WPR,,2022,2,65+,0.0,2022-02-01,2022Q1
Colombia,COL,AMR,UMC,2022,2,65+,1479.0,2022-02-01,2022Q1
Colombia,COL,AMR,UMC,2022,1,65+,3776.0,2022-01-01,2022Q1
Cook Islands,COK,WPR,,2022,4,65+,0.0,2022-04-01,2022Q2
Cook Islands,COK,WPR,,2022,3,65+,0.0,2022-03-01,2022Q1
Iceland,ISL,EUR,HIC,2022,4,65+,15.0,2022-04-01,2022Q2
Iceland,ISL,EUR,HIC,2022,5,65+,0.0,2022-05-01,2022Q2
Iceland,ISL,EUR,HIC,2022,10,65+,0.0,2022-10-01,2022Q4
Iceland,ISL,EUR,HIC,2022,8,65+,0.0,2022-08-01,2022Q3
Iceland,ISL,EUR,HIC,2022,9,65+,0.0,2022-09-01,2022Q3
Iceland,ISL,EUR,HIC,2022,12,65+,0.0,2022-12-01,2022Q4
Iceland,ISL,EUR,HIC,2022,7,65+,0.0,2022-07-01,2022Q3
Iceland,ISL,EUR,HIC,2022,11,65+,0.0,2022-11-01,2022Q4
China,CHN,WPR,UMC,2022,12,65+,11.0,2022-12-01,2022Q4
China,CHN,WPR,UMC,2022,4,65+,411.0,2022-04-01,2022Q2
China,CHN,WPR,UMC,2022,11,65+,8.0,2022-11-01,2022Q4
China,CHN,WPR,UMC,2022,3,65+,2.0,2022-03-01,2022Q1
China,CHN,WPR,UMC,2022,10,65+,0.0,2022-10-01,2022Q4
China,CHN,WPR,UMC,2022,8,65+,0.0,2022-08-01,2022Q3
China,CHN,WPR,UMC,2022,1,65+,0.0,2022-01-01,2022Q1
China,CHN,WPR,UMC,2022,9,65+,0.0,2022-09-01,2022Q3
China,CHN,WPR,UMC,2022,5,65+,123.0,2022-05-01,2022Q2
China,CHN,WPR,UMC,2022,6,65+,0.0,2022-06-01,2022Q2
China,CHN,WPR,UMC,2022,7,65+,0.0,2022-07-01,2022Q3
Chile,CHL,AMR,HIC,2022,3,65+,1357.0,2022-03-01,2022Q1
Chile,CHL,AMR,HIC,2022,5,65+,242.0,2022-05-01,2022Q2
Chile,CHL,AMR,HIC,2022,4,65+,232.0,2022-04-01,2022Q2
Iceland,ISL,EUR,HIC,2022,1,65+,4.0,2022-01-01,2022Q1
Iceland,ISL,EUR,HIC,2022,3,65+,32.0,2022-03-01,2022Q1
Iceland,ISL,EUR,HIC,2022,2,65+,14.0,2022-02-01,2022Q1
Chile,CHL,AMR,HIC,2022,2,65+,3208.0,2022-02-01,2022Q1
Chile,CHL,AMR,HIC,2022,1,65+,960.0,2022-01-01,2022Q1
Chile,CHL,AMR,HIC,2022,10,65+,404.0,2022-10-01,2022Q4
Chile,CHL,AMR,HIC,2022,7,65+,678.0,2022-07-01,2022Q3
Chile,CHL,AMR,HIC,2022,6,65+,767.0,2022-06-01,2022Q2
Iceland,ISL,EUR,HIC,2022,6,65+,6.0,2022-06-01,2022Q2
China,CHN,WPR,UMC,2022,2,65+,0.0,2022-02-01,2022Q1
Kosovo (in accordance with UN Security Council resolution 1244 (1999)),XKX,EUR,UMC,2022,1,65+,15.0,2022-01-01,2022Q1
Kosovo (in accordance with UN Security Council resolution 1244 (1999)),XKX,EUR,UMC,2022,11,65+,0.0,2022-11-01,2022Q4
Kosovo (in accordance with UN Security Council resolution 1244 (1999)),XKX,EUR,UMC,2022,8,65+,22.0,2022-08-01,2022Q3
Kosovo (in accordance with UN Security Council resolution 1244 (1999)),XKX,EUR,UMC,2022,9,65+,1.0,2022-09-01,2022Q3
Kosovo (in accordance with UN Security Council resolution 1244 (1999)),XKX,EUR,UMC,2022,12,65+,0.0,2022-12-01,2022Q4
Kosovo (in accordance with UN Security Council resolution 1244 (1999)),XKX,EUR,UMC,2022,10,65+,1.0,2022-10-01,2022Q4
Chile,CHL,AMR,HIC,2022,11,65+,683.0,2022-11-01,2022Q4
Chile,CHL,AMR,HIC,2022,12,65+,480.0,2022-12-01,2022Q4
Chile,CHL,AMR,HIC,2022,9,65+,335.0,2022-09-01,2022Q3
Chile,CHL,AMR,HIC,2022,8,65+,698.0,2022-08-01,2022Q3
Kosovo (in accordance with UN Security Council resolution 1244 (1999)),XKX,EUR,UMC,2022,3,65+,13.0,2022-03-01,2022Q1
Kosovo (in accordance with UN Security Council resolution 1244 (1999)),XKX,EUR,UMC,2022,4,65+,1.0,2022-04-01,2022Q2
Kosovo (in accordance with UN Security Council resolution 1244 (1999)),XKX,EUR,UMC,2022,2,65+,82.0,2022-02-01,2022Q1
Kosovo (in accordance with UN Security Council resolution 1244 (1999)),XKX,EUR,UMC,2022,5,65+,1.0,2022-05-01,2022Q2
Kosovo (in accordance with UN Security Council resolution 1244 (1999)),XKX,EUR,UMC,2022,7,65+,12.0,2022-07-01,2022Q3
Kosovo (in accordance with UN Security Council resolution 1244 (1999)),XKX,EUR,UMC,2022,6,65+,0.0,2022-06-01,2022Q2
Estonia,EST,EUR,HIC,2022,2,65+,112.0,2022-02-01,2022Q1
Estonia,EST,EUR,HIC,2022,10,65+,64.0,2022-10-01,2022Q4
Estonia,EST,EUR,HIC,2022,11,65+,53.0,2022-11-01,2022Q4
Estonia,EST,EUR,HIC,2022,1,65+,41.0,2022-01-01,2022Q1
Estonia,EST,EUR,HIC,2022,3,65+,159.0,2022-03-01,2022Q1
Estonia,EST,EUR,HIC,2022,12,65+,78.0,2022-12-01,2022Q4
Estonia,EST,EUR,HIC,2022,9,65+,34.0,2022-09-01,2022Q3
Estonia,EST,EUR,HIC,2022,7,65+,21.0,2022-07-01,2022Q3
Estonia,EST,EUR,HIC,2022,4,65+,62.0,2022-04-01,2022Q2
Estonia,EST,EUR,HIC,2022,5,65+,30.0,2022-05-01,2022Q2
Estonia,EST,EUR,HIC,2022,8,65+,20.0,2022-08-01,2022Q3
Estonia,EST,EUR,HIC,2022,6,65+,25.0,2022-06-01,2022Q2
Egypt,EGY,EMR,LMC,2022,1,65+,0.0,2022-01-01,2022Q1
Costa Rica,CRI,AMR,UMC,2022,3,65+,134.0,2022-03-01,2022Q1
Lithuania,LTU,EUR,HIC,2022,10,65+,47.0,2022-10-01,2022Q4
Dominica,DMA,AMR,UMC,2022,12,65+,0.0,2022-12-01,2022Q4
Belarus,BLR,EUR,UMC,2022,5,65+,0.0,2022-05-01,2022Q2
Belarus,BLR,EUR,UMC,2022,3,65+,0.0,2022-03-01,2022Q1
Belarus,BLR,EUR,UMC,2022,1,65+,0.0,2022-01-01,2022Q1
Belarus,BLR,EUR,UMC,2022,2,65+,0.0,2022-02-01,2022Q1
Belarus,BLR,EUR,UMC,2022,4,65+,1042.0,2022-04-01,2022Q2
Belgium,BEL,EUR,HIC,2022,4,65+,534.0,2022-04-01,2022Q2
Belgium,BEL,EUR,HIC,2022,3,65+,675.0,2022-03-01,2022Q1
Belgium,BEL,EUR,HIC,2022,7,65+,282.0,2022-07-01,2022Q3
Belgium,BEL,EUR,HIC,2022,6,65+,205.0,2022-06-01,2022Q2
Belgium,BEL,EUR,HIC,2022,9,65+,111.0,2022-09-01,2022Q3
Bangladesh,BGD,SEAR,LMC,2022,11,65+,5.0,2022-11-01,2022Q4
Bangladesh,BGD,SEAR,LMC,2022,10,65+,20.0,2022-10-01,2022Q4
Bangladesh,BGD,SEAR,LMC,2022,9,65+,26.0,2022-09-01,2022Q3
Bermuda,BMU,AMR,HIC,2022,3,65+,2.0,2022-03-01,2022Q1
Bermuda,BMU,AMR,HIC,2022,7,65+,0.0,2022-07-01,2022Q3
Bermuda,BMU,AMR,HIC,2022,4,65+,1.0,2022-04-01,2022Q2
Bermuda,BMU,AMR,HIC,2022,2,65+,4.0,2022-02-01,2022Q1
Georgia,GEO,EUR,UMC,2022,12,65+,0.0,2022-12-01,2022Q4
Bermuda,BMU,AMR,HIC,2022,6,65+,0.0,2022-06-01,2022Q2
Bermuda,BMU,AMR,HIC,2022,10,65+,0.0,2022-10-01,2022Q4
Georgia,GEO,EUR,UMC,2022,11,65+,0.0,2022-11-01,2022Q4
Georgia,GEO,EUR,UMC,2022,1,65+,0.0,2022-01-01,2022Q1
Georgia,GEO,EUR,UMC,2022,10,65+,0.0,2022-10-01,2022Q4
Bermuda,BMU,AMR,HIC,2022,9,65+,0.0,2022-09-01,2022Q3
Bermuda,BMU,AMR,HIC,2022,8,65+,0.0,2022-08-01,2022Q3
Bermuda,BMU,AMR,HIC,2022,5,65+,0.0,2022-05-01,2022Q2
Georgia,GEO,EUR,UMC,2022,4,65+,0.0,2022-04-01,2022Q2
Georgia,GEO,EUR,UMC,2022,5,65+,0.0,2022-05-01,2022Q2
Bermuda,BMU,AMR,HIC,2022,1,65+,5.0,2022-01-01,2022Q1
Germany,DEU,EUR,HIC,2022,9,65+,1941.0,2022-09-01,2022Q3
Germany,DEU,EUR,HIC,2022,7,65+,3547.0,2022-07-01,2022Q3
Germany,DEU,EUR,HIC,2022,10,65+,5026.0,2022-10-01,2022Q4
Germany,DEU,EUR,HIC,2022,4,65+,3445.0,2022-04-01,2022Q2
Germany,DEU,EUR,HIC,2022,5,65+,1368.0,2022-05-01,2022Q2
Germany,DEU,EUR,HIC,2022,3,65+,8066.0,2022-03-01,2022Q1
Germany,DEU,EUR,HIC,2022,1,65+,3114.0,2022-01-01,2022Q1
Belgium,BEL,EUR,HIC,2022,10,65+,219.0,2022-10-01,2022Q4
Belgium,BEL,EUR,HIC,2022,11,65+,143.0,2022-11-01,2022Q4
Belgium,BEL,EUR,HIC,2022,8,65+,266.0,2022-08-01,2022Q3
Belgium,BEL,EUR,HIC,2022,5,65+,228.0,2022-05-01,2022Q2
Belgium,BEL,EUR,HIC,2022,2,65+,962.0,2022-02-01,2022Q1
Belgium,BEL,EUR,HIC,2022,1,65+,591.0,2022-01-01,2022Q1
Belgium,BEL,EUR,HIC,2022,12,65+,271.0,2022-12-01,2022Q4
Germany,DEU,EUR,HIC,2022,6,65+,1912.0,2022-06-01,2022Q2
Germany,DEU,EUR,HIC,2022,8,65+,2537.0,2022-08-01,2022Q3
Germany,DEU,EUR,HIC,2022,11,65+,3079.0,2022-11-01,2022Q4
Germany,DEU,EUR,HIC,2022,12,65+,4038.0,2022-12-01,2022Q4
Germany,DEU,EUR,HIC,2022,2,65+,6114.0,2022-02-01,2022Q1
Georgia,GEO,EUR,UMC,2022,9,65+,0.0,2022-09-01,2022Q3
Azerbaijan,AZE,EUR,UMC,2022,8,65+,0.0,2022-08-01,2022Q3
Azerbaijan,AZE,EUR,UMC,2022,12,65+,0.0,2022-12-01,2022Q4
Azerbaijan,AZE,EUR,UMC,2022,5,65+,0.0,2022-05-01,2022Q2
Denmark,DNK,EUR,HIC,2022,9,65+,0.0,2022-09-01,2022Q3
Azerbaijan,AZE,EUR,UMC,2022,4,65+,0.0,2022-04-01,2022Q2
Azerbaijan,AZE,EUR,UMC,2022,2,65+,0.0,2022-02-01,2022Q1
Denmark,DNK,EUR,HIC,2022,6,65+,0.0,2022-06-01,2022Q2
Denmark,DNK,EUR,HIC,2022,10,65+,182.0,2022-10-01,2022Q4
Denmark,DNK,EUR,HIC,2022,12,65+,366.0,2022-12-01,2022Q4
Denmark,DNK,EUR,HIC,2022,7,65+,0.0,2022-07-01,2022Q3
Azerbaijan,AZE,EUR,UMC,2022,3,65+,0.0,2022-03-01,2022Q1
Azerbaijan,AZE,EUR,UMC,2022,11,65+,0.0,2022-11-01,2022Q4
Azerbaijan,AZE,EUR,UMC,2022,10,65+,0.0,2022-10-01,2022Q4
Azerbaijan,AZE,EUR,UMC,2022,7,65+,0.0,2022-07-01,2022Q3
Azerbaijan,AZE,EUR,UMC,2022,9,65+,0.0,2022-09-01,2022Q3
Azerbaijan,AZE,EUR,UMC,2022,1,65+,0.0,2022-01-01,2022Q1
Azerbaijan,AZE,EUR,UMC,2022,6,65+,0.0,2022-06-01,2022Q2
Greece,GRC,EUR,HIC,2022,10,65+,519.0,2022-10-01,2022Q4
Greece,GRC,EUR,HIC,2022,6,65+,443.0,2022-06-01,2022Q2
Greece,GRC,EUR,HIC,2022,4,65+,1327.0,2022-04-01,2022Q2
Greece,GRC,EUR,HIC,2022,9,65+,407.0,2022-09-01,2022Q3
Greece,GRC,EUR,HIC,2022,11,65+,701.0,2022-11-01,2022Q4
Greece,GRC,EUR,HIC,2022,7,65+,1014.0,2022-07-01,2022Q3
Greece,GRC,EUR,HIC,2022,3,65+,1737.0,2022-03-01,2022Q1
Greece,GRC,EUR,HIC,2022,12,65+,606.0,2022-12-01,2022Q4
Greece,GRC,EUR,HIC,2022,8,65+,1256.0,2022-08-01,2022Q3
Denmark,DNK,EUR,HIC,2022,4,65+,0.0,2022-04-01,2022Q2
Austria,AUT,EUR,HIC,2022,6,65+,144.0,2022-06-01,2022Q2
Austria,AUT,EUR,HIC,2022,1,65+,292.0,2022-01-01,2022Q1
Austria,AUT,EUR,HIC,2022,12,65+,234.0,2022-12-01,2022Q4
Austria,AUT,EUR,HIC,2022,4,65+,544.0,2022-04-01,2022Q2
Austria,AUT,EUR,HIC,2022,5,65+,175.0,2022-05-01,2022Q2
Austria,AUT,EUR,HIC,2022,2,65+,669.0,2022-02-01,2022Q1
Denmark,DNK,EUR,HIC,2022,5,65+,0.0,2022-05-01,2022Q2
Denmark,DNK,EUR,HIC,2022,8,65+,0.0,2022-08-01,2022Q3
Denmark,DNK,EUR,HIC,2022,11,65+,160.0,2022-11-01,2022Q4
Argentina,ARG,AMR,UMC,2022,10,65+,0.0,2022-10-01,2022Q4
Austria,AUT,EUR,HIC,2022,7,65+,298.0,2022-07-01,2022Q3
Austria,AUT,EUR,HIC,2022,11,65+,236.0,2022-11-01,2022Q4
Austria,AUT,EUR,HIC,2022,9,65+,148.0,2022-09-01,2022Q3
Austria,AUT,EUR,HIC,2022,8,65+,269.0,2022-08-01,2022Q3
Austria,AUT,EUR,HIC,2022,10,65+,321.0,2022-10-01,2022Q4
Austria,AUT,EUR,HIC,2022,3,65+,1136.0,2022-03-01,2022Q1
Bangladesh,BGD,SEAR,LMC,2022,1,65+,164.0,2022-01-01,2022Q1
Bahrain,BHR,EMR,HIC,2022,4,65+,3.0,2022-04-01,2022Q2
Bahrain,BHR,EMR,HIC,2022,8,65+,6.0,2022-08-01,2022Q3
Bahrain,BHR,EMR,HIC,2022,5,65+,8.0,2022-05-01,2022Q2
Bahrain,BHR,EMR,HIC,2022,9,65+,3.0,2022-09-01,2022Q3
Bahrain,BHR,EMR,HIC,2022,12,65+,2.0,2022-12-01,2022Q4
Bahrain,BHR,EMR,HIC,2022,7,65+,12.0,2022-07-01,2022Q3
Bahrain,BHR,EMR,HIC,2022,11,65+,8.0,2022-11-01,2022Q4
Bahrain,BHR,EMR,HIC,2022,10,65+,3.0,2022-10-01,2022Q4
Bahrain,BHR,EMR,HIC,2022,6,65+,6.0,2022-06-01,2022Q2
Bangladesh,BGD,SEAR,LMC,2022,2,65+,418.0,2022-02-01,2022Q1
Bangladesh,BGD,SEAR,LMC,2022,7,65+,83.0,2022-07-01,2022Q3
Bangladesh,BGD,SEAR,LMC,2022,5,65+,1.0,2022-05-01,2022Q2
Bangladesh,BGD,SEAR,LMC,2022,6,65+,12.0,2022-06-01,2022Q2
Bangladesh,BGD,SEAR,LMC,2022,3,65+,38.0,2022-03-01,2022Q1
Bangladesh,BGD,SEAR,LMC,2022,4,65+,1.0,2022-04-01,2022Q2
Bangladesh,BGD,SEAR,LMC,2022,8,65+,18.0,2022-08-01,2022Q3
Mexico,MEX,AMR,UMC,2022,1,65+,5577.0,2022-01-01,2022Q1
Bahamas,BHS,AMR,HIC,2022,1,65+,22.0,2022-01-01,2022Q1
Bahamas,BHS,AMR,HIC,2022,2,65+,0.0,2022-02-01,2022Q1
Greece,GRC,EUR,HIC,2022,5,65+,523.0,2022-05-01,2022Q2
Denmark,DNK,EUR,HIC,2022,1,65+,0.0,2022-01-01,2022Q1
Mexico,MEX,AMR,UMC,2022,8,65+,736.0,2022-08-01,2022Q3
Mexico,MEX,AMR,UMC,2022,10,65+,47.0,2022-10-01,2022Q4
Mexico,MEX,AMR,UMC,2022,9,65+,119.0,2022-09-01,2022Q3
Mexico,MEX,AMR,UMC,2022,11,65+,117.0,2022-11-01,2022Q4
Mexico,MEX,AMR,UMC,2022,12,65+,411.0,2022-12-01,2022Q4
Bahrain,BHR,EMR,HIC,2022,3,65+,12.0,2022-03-01,2022Q1
Bahrain,BHR,EMR,HIC,2022,2,65+,32.0,2022-02-01,2022Q1
Mexico,MEX,AMR,UMC,2022,7,65+,1433.0,2022-07-01,2022Q3
Mexico,MEX,AMR,UMC,2022,2,65+,4669.0,2022-02-01,2022Q1
Mexico,MEX,AMR,UMC,2022,4,65+,145.0,2022-04-01,2022Q2
Mexico,MEX,AMR,UMC,2022,3,65+,723.0,2022-03-01,2022Q1
Mexico,MEX,AMR,UMC,2022,5,65+,91.0,2022-05-01,2022Q2
Mexico,MEX,AMR,UMC,2022,6,65+,595.0,2022-06-01,2022Q2
Denmark,DNK,EUR,HIC,2022,3,65+,0.0,2022-03-01,2022Q1
Denmark,DNK,EUR,HIC,2022,2,65+,0.0,2022-02-01,2022Q1
Greece,GRC,EUR,HIC,2022,2,65+,2031.0,2022-02-01,2022Q1
Greece,GRC,EUR,HIC,2022,1,65+,2093.0,2022-01-01,2022Q1
Bahrain,BHR,EMR,HIC,2022,1,65+,10.0,2022-01-01,2022Q1
Argentina,ARG,AMR,UMC,2022,9,65+,0.0,2022-09-01,2022Q3
Aruba,ABW,AMR,HIC,2022,8,65+,1.0,2022-08-01,2022Q3
Aruba,ABW,AMR,HIC,2022,11,65+,2.0,2022-11-01,2022Q4
Aruba,ABW,AMR,HIC,2022,9,65+,2.0,2022-09-01,2022Q3
Bosnia and Herzegovina,BIH,EUR,UMC,2022,6,65+,14.0,2022-06-01,2022Q2
Bosnia and Herzegovina,BIH,EUR,UMC,2022,8,65+,177.0,2022-08-01,2022Q3
Bosnia and Herzegovina,BIH,EUR,UMC,2022,4,65+,32.0,2022-04-01,2022Q2
Malaysia,MYS,WPR,UMC,2022,1,65+,206.0,2022-01-01,2022Q1
Malaysia,MYS,WPR,UMC,2022,2,65+,721.0,2022-02-01,2022Q1
Malaysia,MYS,WPR,UMC,2022,6,65+,86.0,2022-06-01,2022Q2
Malaysia,MYS,WPR,UMC,2022,3,65+,1649.0,2022-03-01,2022Q1
Bosnia and Herzegovina,BIH,EUR,UMC,2022,5,65+,19.0,2022-05-01,2022Q2
Bosnia and Herzegovina,BIH,EUR,UMC,2022,11,65+,24.0,2022-11-01,2022Q4
Bosnia and Herzegovina,BIH,EUR,UMC,2022,12,65+,22.0,2022-12-01,2022Q4
Bosnia and Herzegovina,BIH,EUR,UMC,2022,9,65+,58.0,2022-09-01,2022Q3
Bosnia and Herzegovina,BIH,EUR,UMC,2022,10,65+,23.0,2022-10-01,2022Q4
Malaysia,MYS,WPR,UMC,2022,8,65+,174.0,2022-08-01,2022Q3
Malaysia,MYS,WPR,UMC,2022,10,65+,70.0,2022-10-01,2022Q4
Bosnia and Herzegovina,BIH,EUR,UMC,2022,7,65+,58.0,2022-07-01,2022Q3
Bosnia and Herzegovina,BIH,EUR,UMC,2022,3,65+,194.0,2022-03-01,2022Q1
Malaysia,MYS,WPR,UMC,2022,12,65+,66.0,2022-12-01,2022Q4
Malaysia,MYS,WPR,UMC,2022,9,65+,85.0,2022-09-01,2022Q3
Malaysia,MYS,WPR,UMC,2022,5,65+,58.0,2022-05-01,2022Q2
Malaysia,MYS,WPR,UMC,2022,11,65+,180.0,2022-11-01,2022Q4
Malaysia,MYS,WPR,UMC,2022,4,65+,172.0,2022-04-01,2022Q2
Malaysia,MYS,WPR,UMC,2022,7,65+,148.0,2022-07-01,2022Q3
Aruba,ABW,AMR,HIC,2022,10,65+,2.0,2022-10-01,2022Q4
Cyprus,CYP,EUR,HIC,2022,9,65+,17.0,2022-09-01,2022Q3
Cyprus,CYP,EUR,HIC,2022,10,65+,27.0,2022-10-01,2022Q4
Cyprus,CYP,EUR,HIC,2022,11,65+,38.0,2022-11-01,2022Q4
Cyprus,CYP,EUR,HIC,2022,12,65+,19.0,2022-12-01,2022Q4
Aruba,ABW,AMR,HIC,2022,2,65+,2.0,2022-02-01,2022Q1
Aruba,ABW,AMR,HIC,2022,4,65+,0.0,2022-04-01,2022Q2
Aruba,ABW,AMR,HIC,2022,3,65+,0.0,2022-03-01,2022Q1
Luxembourg,LUX,EUR,HIC,2022,2,65+,48.0,2022-02-01,2022Q1
Luxembourg,LUX,EUR,HIC,2022,7,65+,9.0,2022-07-01,2022Q3
Luxembourg,LUX,EUR,HIC,2022,8,65+,7.0,2022-08-01,2022Q3
Luxembourg,LUX,EUR,HIC,2022,6,65+,16.0,2022-06-01,2022Q2
Luxembourg,LUX,EUR,HIC,2022,10,65+,12.0,2022-10-01,2022Q4
Luxembourg,LUX,EUR,HIC,2022,3,65+,61.0,2022-03-01,2022Q1
Luxembourg,LUX,EUR,HIC,2022,4,65+,30.0,2022-04-01,2022Q2
Lithuania,LTU,EUR,HIC,2022,2,65+,447.0,2022-02-01,2022Q1
Lithuania,LTU,EUR,HIC,2022,7,65+,14.0,2022-07-01,2022Q3
Lithuania,LTU,EUR,HIC,2022,12,65+,13.0,2022-12-01,2022Q4
Lithuania,LTU,EUR,HIC,2022,11,65+,24.0,2022-11-01,2022Q4
Argentina,ARG,AMR,UMC,2022,5,65+,115.0,2022-05-01,2022Q2
Argentina,ARG,AMR,UMC,2022,7,65+,0.0,2022-07-01,2022Q3
Argentina,ARG,AMR,UMC,2022,8,65+,0.0,2022-08-01,2022Q3
Aruba,ABW,AMR,HIC,2022,1,65+,17.0,2022-01-01,2022Q1
Cyprus,CYP,EUR,HIC,2022,1,65+,107.0,2022-01-01,2022Q1
Cyprus,CYP,EUR,HIC,2022,6,65+,28.0,2022-06-01,2022Q2
Cyprus,CYP,EUR,HIC,2022,8,65+,31.0,2022-08-01,2022Q3
Cyprus,CYP,EUR,HIC,2022,7,65+,51.0,2022-07-01,2022Q3
Cyprus,CYP,EUR,HIC,2022,3,65+,113.0,2022-03-01,2022Q1
Cyprus,CYP,EUR,HIC,2022,4,65+,60.0,2022-04-01,2022Q2
Cyprus,CYP,EUR,HIC,2022,5,65+,21.0,2022-05-01,2022Q2
Cyprus,CYP,EUR,HIC,2022,2,65+,102.0,2022-02-01,2022Q1
Guyana,GUY,AMR,HIC,2022,11,65+,1.0,2022-11-01,2022Q4
Guyana,GUY,AMR,HIC,2022,5,65+,3.0,2022-05-01,2022Q2
Guyana,GUY,AMR,HIC,2022,7,65+,11.0,2022-07-01,2022Q3
Guyana,GUY,AMR,HIC,2022,3,65+,5.0,2022-03-01,2022Q1
Guyana,GUY,AMR,HIC,2022,6,65+,13.0,2022-06-01,2022Q2
Luxembourg,LUX,EUR,HIC,2022,1,65+,45.0,2022-01-01,2022Q1
Luxembourg,LUX,EUR,HIC,2022,12,65+,13.0,2022-12-01,2022Q4
Luxembourg,LUX,EUR,HIC,2022,5,65+,19.0,2022-05-01,2022Q2
Luxembourg,LUX,EUR,HIC,2022,9,65+,4.0,2022-09-01,2022Q3
Luxembourg,LUX,EUR,HIC,2022,11,65+,12.0,2022-11-01,2022Q4
Guyana,GUY,AMR,HIC,2022,12,65+,2.0,2022-12-01,2022Q4
Guyana,GUY,AMR,HIC,2022,10,65+,0.0,2022-10-01,2022Q4
Guyana,GUY,AMR,HIC,2022,9,65+,1.0,2022-09-01,2022Q3
Aruba,ABW,AMR,HIC,2022,6,65+,4.0,2022-06-01,2022Q2
Aruba,ABW,AMR,HIC,2022,5,65+,1.0,2022-05-01,2022Q2
Aruba,ABW,AMR,HIC,2022,7,65+,3.0,2022-07-01,2022Q3
Guyana,GUY,AMR,HIC,2022,8,65+,7.0,2022-08-01,2022Q3
Guyana,GUY,AMR,HIC,2022,4,65+,2.0,2022-04-01,2022Q2
Guyana,GUY,AMR,HIC,2022,1,65+,54.0,2022-01-01,2022Q1
Guyana,GUY,AMR,HIC,2022,2,65+,32.0,2022-02-01,2022Q1
Bosnia and Herzegovina,BIH,EUR,UMC,2022,1,65+,797.0,2022-01-01,2022Q1
Czechia,CZE,EUR,HIC,2022,9,65+,253.0,2022-09-01,2022Q3
Czechia,CZE,EUR,HIC,2022,12,65+,233.0,2022-12-01,2022Q4
Czechia,CZE,EUR,HIC,2022,7,65+,173.0,2022-07-01,2022Q3
Czechia,CZE,EUR,HIC,2022,5,65+,92.0,2022-05-01,2022Q2
Czechia,CZE,EUR,HIC,2022,10,65+,401.0,2022-10-01,2022Q4
Bolivia (Plurinational State of),BOL,AMR,LMC,2022,12,65+,0.0,2022-12-01,2022Q4
Czechia,CZE,EUR,HIC,2022,8,65+,339.0,2022-08-01,2022Q3
Czechia,CZE,EUR,HIC,2022,11,65+,223.0,2022-11-01,2022Q4
Georgia,GEO,EUR,UMC,2022,3,65+,0.0,2022-03-01,2022Q1
Georgia,GEO,EUR,UMC,2022,2,65+,0.0,2022-02-01,2022Q1
Czechia,CZE,EUR,HIC,2022,6,65+,33.0,2022-06-01,2022Q2
Czechia,CZE,EUR,HIC,2022,2,65+,1320.0,2022-02-01,2022Q1
Malta,MLT,EUR,HIC,2022,1,65+,61.0,2022-01-01,2022Q1
Malta,MLT,EUR,HIC,2022,5,65+,22.0,2022-05-01,2022Q2
Malta,MLT,EUR,HIC,2022,11,65+,3.0,2022-11-01,2022Q4
Malta,MLT,EUR,HIC,2022,2,65+,51.0,2022-02-01,2022Q1
Bhutan,BTN,SEAR,LMC,2022,2,65+,0.0,2022-02-01,2022Q1
Bhutan,BTN,SEAR,LMC,2022,7,65+,0.0,2022-07-01,2022Q3
Malta,MLT,EUR,HIC,2022,4,65+,55.0,2022-04-01,2022Q2
Malta,MLT,EUR,HIC,2022,7,65+,36.0,2022-07-01,2022Q3
Malta,MLT,EUR,HIC,2022,6,65+,25.0,2022-06-01,2022Q2
Malta,MLT,EUR,HIC,2022,3,65+,33.0,2022-03-01,2022Q1
Argentina,ARG,AMR,UMC,2022,11,65+,0.0,2022-11-01,2022Q4
Argentina,ARG,AMR,UMC,2022,6,65+,20.0,2022-06-01,2022Q2
Argentina,ARG,AMR,UMC,2022,12,65+,0.0,2022-12-01,2022Q4
Bhutan,BTN,SEAR,LMC,2022,1,65+,0.0,2022-01-01,2022Q1
Bhutan,BTN,SEAR,LMC,2022,3,65+,0.0,2022-03-01,2022Q1
Georgia,GEO,EUR,UMC,2022,8,65+,0.0,2022-08-01,2022Q3
Maldives,MDV,SEAR,UMC,2022,2,65+,0.0,2022-02-01,2022Q1
Georgia,GEO,EUR,UMC,2022,6,65+,0.0,2022-06-01,2022Q2
Maldives,MDV,SEAR,UMC,2022,1,65+,0.0,2022-01-01,2022Q1
Malta,MLT,EUR,HIC,2022,10,65+,3.0,2022-10-01,2022Q4
Malta,MLT,EUR,HIC,2022,12,65+,12.0,2022-12-01,2022Q4
Malta,MLT,EUR,HIC,2022,9,65+,3.0,2022-09-01,2022Q3
Czechia,CZE,EUR,HIC,2022,4,65+,396.0,2022-04-01,2022Q2
Dominican Republic,DOM,AMR,UMC,2022,1,65+,33.0,2022-01-01,2022Q1
Georgia,GEO,EUR,UMC,2022,7,65+,0.0,2022-07-01,2022Q3
Czechia,CZE,EUR,HIC,2022,3,65+,962.0,2022-03-01,2022Q1
Czechia,CZE,EUR,HIC,2022,1,65+,761.0,2022-01-01,2022Q1
Dominican Republic,DOM,AMR,UMC,2022,2,65+,0.0,2022-02-01,2022Q1
Bosnia and Herzegovina,BIH,EUR,UMC,2022,2,65+,863.0,2022-02-01,2022Q1
Malta,MLT,EUR,HIC,2022,8,65+,8.0,2022-08-01,2022Q3
Albania,ALB,EUR,UMC,2021,11,65+,125.0,2021-11-01,2021Q4
Albania,ALB,EUR,UMC,2021,6,65+,2.0,2021-06-01,2021Q2
Albania,ALB,EUR,UMC,2021,2,65+,212.0,2021-02-01,2021Q1
Albania,ALB,EUR,UMC,2021,3,65+,225.0,2021-03-01,2021Q1
Albania,ALB,EUR,UMC,2021,1,65+,55.0,2021-01-01,2021Q1
Dominican Republic,DOM,AMR,UMC,2021,10,65+,49.0,2021-10-01,2021Q4
Dominican Republic,DOM,AMR,UMC,2021,11,65+,35.0,2021-11-01,2021Q4
Dominican Republic,DOM,AMR,UMC,2021,6,65+,109.0,2021-06-01,2021Q2
Dominican Republic,DOM,AMR,UMC,2021,9,65+,39.0,2021-09-01,2021Q3
Dominican Republic,DOM,AMR,UMC,2021,5,65+,82.0,2021-05-01,2021Q2
Dominican Republic,DOM,AMR,UMC,2021,4,65+,70.0,2021-04-01,2021Q2
Dominican Republic,DOM,AMR,UMC,2021,3,65+,123.0,2021-03-01,2021Q1
Dominican Republic,DOM,AMR,UMC,2021,7,65+,39.0,2021-07-01,2021Q3
Egypt,EGY,EMR,LMC,2021,3,65+,1132.0,2021-03-01,2021Q1
Egypt,EGY,EMR,LMC,2021,10,65+,0.0,2021-10-01,2021Q4
Egypt,EGY,EMR,LMC,2021,4,65+,1155.0,2021-04-01,2021Q2
Egypt,EGY,EMR,LMC,2021,9,65+,0.0,2021-09-01,2021Q3
Egypt,EGY,EMR,LMC,2021,2,65+,689.0,2021-02-01,2021Q1
Egypt,EGY,EMR,LMC,2021,1,65+,950.0,2021-01-01,2021Q1
Dominican Republic,DOM,AMR,UMC,2021,8,65+,12.0,2021-08-01,2021Q3
Dominican Republic,DOM,AMR,UMC,2021,1,65+,230.0,2021-01-01,2021Q1
Spain,ESP,EUR,HIC,2021,6,65+,518.0,2021-06-01,2021Q2
Spain,ESP,EUR,HIC,2021,12,65+,2118.0,2021-12-01,2021Q4
Argentina,ARG,AMR,UMC,2021,11,65+,241.0,2021-11-01,2021Q4
Argentina,ARG,AMR,UMC,2021,9,65+,766.0,2021-09-01,2021Q3
Ecuador,ECU,AMR,UMC,2021,11,65+,85.0,2021-11-01,2021Q4
Dominican Republic,DOM,AMR,UMC,2021,12,65+,16.0,2021-12-01,2021Q4
Egypt,EGY,EMR,LMC,2021,11,65+,0.0,2021-11-01,2021Q4
Egypt,EGY,EMR,LMC,2021,7,65+,0.0,2021-07-01,2021Q3
Egypt,EGY,EMR,LMC,2021,6,65+,0.0,2021-06-01,2021Q2
Egypt,EGY,EMR,LMC,2021,8,65+,0.0,2021-08-01,2021Q3
Egypt,EGY,EMR,LMC,2021,12,65+,0.0,2021-12-01,2021Q4
Ecuador,ECU,AMR,UMC,2021,9,65+,83.0,2021-09-01,2021Q3
Ecuador,ECU,AMR,UMC,2021,8,65+,132.0,2021-08-01,2021Q3
Ecuador,ECU,AMR,UMC,2021,4,65+,1257.0,2021-04-01,2021Q2
Ecuador,ECU,AMR,UMC,2021,10,65+,54.0,2021-10-01,2021Q4
Albania,ALB,EUR,UMC,2021,5,65+,20.0,2021-05-01,2021Q2
Albania,ALB,EUR,UMC,2021,9,65+,147.0,2021-09-01,2021Q3
Albania,ALB,EUR,UMC,2021,10,65+,161.0,2021-10-01,2021Q4
Ecuador,ECU,AMR,UMC,2021,2,65+,792.0,2021-02-01,2021Q1
Albania,ALB,EUR,UMC,2021,12,65+,124.0,2021-12-01,2021Q4
Argentina,ARG,AMR,UMC,2021,4,65+,7998.0,2021-04-01,2021Q2
Spain,ESP,EUR,HIC,2021,4,65+,1807.0,2021-04-01,2021Q2
Albania,ALB,EUR,UMC,2021,4,65+,43.0,2021-04-01,2021Q2
Albania,ALB,EUR,UMC,2021,7,65+,1.0,2021-07-01,2021Q3
Albania,ALB,EUR,UMC,2021,8,65+,26.0,2021-08-01,2021Q3
Spain,ESP,EUR,HIC,2021,2,65+,7906.0,2021-02-01,2021Q1
Ecuador,ECU,AMR,UMC,2021,12,65+,166.0,2021-12-01,2021Q4
Ecuador,ECU,AMR,UMC,2021,6,65+,447.0,2021-06-01,2021Q2
Spain,ESP,EUR,HIC,2021,5,65+,1013.0,2021-05-01,2021Q2
Ecuador,ECU,AMR,UMC,2021,7,65+,215.0,2021-07-01,2021Q3
Ecuador,ECU,AMR,UMC,2021,5,65+,767.0,2021-05-01,2021Q2
Spain,ESP,EUR,HIC,2021,10,65+,427.0,2021-10-01,2021Q4
Spain,ESP,EUR,HIC,2021,9,65+,1550.0,2021-09-01,2021Q3
Spain,ESP,EUR,HIC,2021,11,65+,546.0,2021-11-01,2021Q4
Spain,ESP,EUR,HIC,2021,7,65+,1004.0,2021-07-01,2021Q3
Ecuador,ECU,AMR,UMC,2021,1,65+,913.0,2021-01-01,2021Q1
Spain,ESP,EUR,HIC,2021,1,65+,10301.0,2021-01-01,2021Q1
Egypt,EGY,EMR,LMC,2021,5,65+,617.0,2021-05-01,2021Q2
Spain,ESP,EUR,HIC,2021,8,65+,2513.0,2021-08-01,2021Q3
Spain,ESP,EUR,HIC,2021,3,65+,2910.0,2021-03-01,2021Q1
Ecuador,ECU,AMR,UMC,2021,3,65+,1299.0,2021-03-01,2021Q1
Argentina,ARG,AMR,UMC,2021,12,65+,538.0,2021-12-01,2021Q4
Dominican Republic,DOM,AMR,UMC,2021,2,65+,130.0,2021-02-01,2021Q1
Gambia,GMB,AFR,LIC,2021,2,65+,1.0,2021-02-01,2021Q1
Saudi Arabia,SAU,EMR,HIC,2021,3,65+,6.0,2021-03-01,2021Q1
Saudi Arabia,SAU,EMR,HIC,2021,6,65+,0.0,2021-06-01,2021Q2
Germany,DEU,EUR,HIC,2021,4,65+,4998.0,2021-04-01,2021Q2
Germany,DEU,EUR,HIC,2021,3,65+,5509.0,2021-03-01,2021Q1
Germany,DEU,EUR,HIC,2021,2,65+,6114.0,2021-02-01,2021Q1
Germany,DEU,EUR,HIC,2021,1,65+,17054.0,2021-01-01,2021Q1
Georgia,GEO,EUR,UMC,2021,8,65+,0.0,2021-08-01,2021Q3
Georgia,GEO,EUR,UMC,2021,5,65+,0.0,2021-05-01,2021Q2
Georgia,GEO,EUR,UMC,2021,4,65+,0.0,2021-04-01,2021Q2
Georgia,GEO,EUR,UMC,2021,3,65+,0.0,2021-03-01,2021Q1
Georgia,GEO,EUR,UMC,2021,1,65+,0.0,2021-01-01,2021Q1
Georgia,GEO,EUR,UMC,2021,9,65+,0.0,2021-09-01,2021Q3
Georgia,GEO,EUR,UMC,2021,7,65+,0.0,2021-07-01,2021Q3
Georgia,GEO,EUR,UMC,2021,6,65+,0.0,2021-06-01,2021Q2
Georgia,GEO,EUR,UMC,2021,12,65+,0.0,2021-12-01,2021Q4
Georgia,GEO,EUR,UMC,2021,10,65+,0.0,2021-10-01,2021Q4
Georgia,GEO,EUR,UMC,2021,11,65+,0.0,2021-11-01,2021Q4
Georgia,GEO,EUR,UMC,2021,2,65+,0.0,2021-02-01,2021Q1
Seychelles,SYC,AFR,HIC,2021,1,65+,0.0,2021-01-01,2021Q1
Seychelles,SYC,AFR,HIC,2021,4,65+,0.0,2021-04-01,2021Q2
Seychelles,SYC,AFR,HIC,2021,5,65+,0.0,2021-05-01,2021Q2
Seychelles,SYC,AFR,HIC,2021,2,65+,0.0,2021-02-01,2021Q1
Seychelles,SYC,AFR,HIC,2021,3,65+,0.0,2021-03-01,2021Q1
Greece,GRC,EUR,HIC,2021,12,65+,2335.0,2021-12-01,2021Q4
Greece,GRC,EUR,HIC,2021,8,65+,594.0,2021-08-01,2021Q3
Greece,GRC,EUR,HIC,2021,11,65+,1671.0,2021-11-01,2021Q4
Greece,GRC,EUR,HIC,2021,5,65+,1174.0,2021-05-01,2021Q2
Greece,GRC,EUR,HIC,2021,1,65+,677.0,2021-01-01,2021Q1
Greece,GRC,EUR,HIC,2021,2,65+,631.0,2021-02-01,2021Q1
Greece,GRC,EUR,HIC,2021,4,65+,1737.0,2021-04-01,2021Q2
Greece,GRC,EUR,HIC,2021,6,65+,522.0,2021-06-01,2021Q2
Greece,GRC,EUR,HIC,2021,3,65+,1684.0,2021-03-01,2021Q1
Greece,GRC,EUR,HIC,2021,10,65+,866.0,2021-10-01,2021Q4
Greece,GRC,EUR,HIC,2021,9,65+,1020.0,2021-09-01,2021Q3
Greece,GRC,EUR,HIC,2021,7,65+,208.0,2021-07-01,2021Q3
Saint Vincent and the Grenadines,VCT,AMR,UMC,2021,12,65+,0.0,2021-12-01,2021Q4
Saint Vincent and the Grenadines,VCT,AMR,UMC,2021,6,65+,0.0,2021-06-01,2021Q2
Saint Vincent and the Grenadines,VCT,AMR,UMC,2021,9,65+,0.0,2021-09-01,2021Q3
Saint Vincent and the Grenadines,VCT,AMR,UMC,2021,7,65+,0.0,2021-07-01,2021Q3
Saint Vincent and the Grenadines,VCT,AMR,UMC,2021,10,65+,0.0,2021-10-01,2021Q4
Saint Vincent and the Grenadines,VCT,AMR,UMC,2021,1,65+,0.0,2021-01-01,2021Q1
Saint Vincent and the Grenadines,VCT,AMR,UMC,2021,3,65+,0.0,2021-03-01,2021Q1
Saint Vincent and the Grenadines,VCT,AMR,UMC,2021,4,65+,0.0,2021-04-01,2021Q2
Saint Vincent and the Grenadines,VCT,AMR,UMC,2021,5,65+,0.0,2021-05-01,2021Q2
Saint Vincent and the Grenadines,VCT,AMR,UMC,2021,8,65+,0.0,2021-08-01,2021Q3
Saint Vincent and the Grenadines,VCT,AMR,UMC,2021,2,65+,0.0,2021-02-01,2021Q1
Saint Vincent and the Grenadines,VCT,AMR,UMC,2021,11,65+,0.0,2021-11-01,2021Q4
Sao Tome and Principe,STP,AFR,LMC,2021,1,65+,0.0,2021-01-01,2021Q1
Sao Tome and Principe,STP,AFR,LMC,2021,2,65+,0.0,2021-02-01,2021Q1
Sao Tome and Principe,STP,AFR,LMC,2021,3,65+,0.0,2021-03-01,2021Q1
Germany,DEU,EUR,HIC,2021,11,65+,8486.0,2021-11-01,2021Q4
Germany,DEU,EUR,HIC,2021,9,65+,1612.0,2021-09-01,2021Q3
Germany,DEU,EUR,HIC,2021,5,65+,1983.0,2021-05-01,2021Q2
Germany,DEU,EUR,HIC,2021,10,65+,2904.0,2021-10-01,2021Q4
Germany,DEU,EUR,HIC,2021,8,65+,598.0,2021-08-01,2021Q3
Germany,DEU,EUR,HIC,2021,7,65+,123.0,2021-07-01,2021Q3
Germany,DEU,EUR,HIC,2021,6,65+,237.0,2021-06-01,2021Q2
Germany,DEU,EUR,HIC,2021,12,65+,8319.0,2021-12-01,2021Q4
Slovenia,SVN,EUR,HIC,2021,4,65+,172.0,2021-04-01,2021Q2
Eswatini,SWZ,AFR,LMC,2021,3,65+,0.0,2021-03-01,2021Q1
Slovenia,SVN,EUR,HIC,2021,6,65+,48.0,2021-06-01,2021Q2
Eswatini,SWZ,AFR,LMC,2021,1,65+,0.0,2021-01-01,2021Q1
Slovenia,SVN,EUR,HIC,2021,10,65+,144.0,2021-10-01,2021Q4
Eswatini,SWZ,AFR,LMC,2021,4,65+,0.0,2021-04-01,2021Q2
Slovenia,SVN,EUR,HIC,2021,2,65+,306.0,2021-02-01,2021Q1
Slovenia,SVN,EUR,HIC,2021,9,65+,113.0,2021-09-01,2021Q3
Slovenia,SVN,EUR,HIC,2021,1,65+,619.0,2021-01-01,2021Q1
Slovenia,SVN,EUR,HIC,2021,11,65+,380.0,2021-11-01,2021Q4
Slovenia,SVN,EUR,HIC,2021,7,65+,9.0,2021-07-01,2021Q3
Slovenia,SVN,EUR,HIC,2021,8,65+,23.0,2021-08-01,2021Q3
Slovenia,SVN,EUR,HIC,2021,3,65+,222.0,2021-03-01,2021Q1
Estonia,EST,EUR,HIC,2021,9,65+,18.0,2021-09-01,2021Q3
Estonia,EST,EUR,HIC,2021,3,65+,246.0,2021-03-01,2021Q1
Estonia,EST,EUR,HIC,2021,5,65+,72.0,2021-05-01,2021Q2
Estonia,EST,EUR,HIC,2021,2,65+,149.0,2021-02-01,2021Q1
Estonia,EST,EUR,HIC,2021,11,65+,68.0,2021-11-01,2021Q4
Estonia,EST,EUR,HIC,2021,10,65+,48.0,2021-10-01,2021Q4
Estonia,EST,EUR,HIC,2021,7,65+,3.0,2021-07-01,2021Q3
Estonia,EST,EUR,HIC,2021,12,65+,47.0,2021-12-01,2021Q4
Estonia,EST,EUR,HIC,2021,4,65+,182.0,2021-04-01,2021Q2
Slovenia,SVN,EUR,HIC,2021,12,65+,367.0,2021-12-01,2021Q4
Estonia,EST,EUR,HIC,2021,1,65+,159.0,2021-01-01,2021Q1
Estonia,EST,EUR,HIC,2021,8,65+,3.0,2021-08-01,2021Q3
Estonia,EST,EUR,HIC,2021,6,65+,10.0,2021-06-01,2021Q2
Slovenia,SVN,EUR,HIC,2021,5,65+,100.0,2021-05-01,2021Q2
Slovakia,SVK,EUR,HIC,2021,10,65+,468.0,2021-10-01,2021Q4
Slovakia,SVK,EUR,HIC,2021,11,65+,1529.0,2021-11-01,2021Q4
Slovakia,SVK,EUR,HIC,2021,12,65+,1811.0,2021-12-01,2021Q4
Slovakia,SVK,EUR,HIC,2021,4,65+,629.0,2021-04-01,2021Q2
Slovakia,SVK,EUR,HIC,2021,5,65+,206.0,2021-05-01,2021Q2
Slovakia,SVK,EUR,HIC,2021,6,65+,69.0,2021-06-01,2021Q2
Slovakia,SVK,EUR,HIC,2021,8,65+,10.0,2021-08-01,2021Q3
Slovakia,SVK,EUR,HIC,2021,7,65+,15.0,2021-07-01,2021Q3
Slovakia,SVK,EUR,HIC,2021,9,65+,182.0,2021-09-01,2021Q3
Eswatini,SWZ,AFR,LMC,2021,6,65+,0.0,2021-06-01,2021Q2
Eswatini,SWZ,AFR,LMC,2021,8,65+,0.0,2021-08-01,2021Q3
Eswatini,SWZ,AFR,LMC,2021,10,65+,0.0,2021-10-01,2021Q4
Eswatini,SWZ,AFR,LMC,2021,9,65+,0.0,2021-09-01,2021Q3
Eswatini,SWZ,AFR,LMC,2021,5,65+,0.0,2021-05-01,2021Q2
Eswatini,SWZ,AFR,LMC,2021,2,65+,0.0,2021-02-01,2021Q1
Eswatini,SWZ,AFR,LMC,2021,7,65+,0.0,2021-07-01,2021Q3
Argentina,ARG,AMR,UMC,2021,5,65+,8805.0,2021-05-01,2021Q2
Argentina,ARG,AMR,UMC,2021,6,65+,8442.0,2021-06-01,2021Q2
Argentina,ARG,AMR,UMC,2021,1,65+,3925.0,2021-01-01,2021Q1
Argentina,ARG,AMR,UMC,2021,7,65+,3876.0,2021-07-01,2021Q3
Argentina,ARG,AMR,UMC,2021,8,65+,2177.0,2021-08-01,2021Q3
Argentina,ARG,AMR,UMC,2021,2,65+,2660.0,2021-02-01,2021Q1
Argentina,ARG,AMR,UMC,2021,3,65+,4171.0,2021-03-01,2021Q1
Argentina,ARG,AMR,UMC,2021,10,65+,200.0,2021-10-01,2021Q4
Eritrea,ERI,AFR,LIC,2021,3,65+,1.0,2021-03-01,2021Q1
Slovakia,SVK,EUR,HIC,2021,3,65+,1831.0,2021-03-01,2021Q1
Finland,FIN,EUR,HIC,2021,12,65+,224.0,2021-12-01,2021Q4
Finland,FIN,EUR,HIC,2021,11,65+,163.0,2021-11-01,2021Q4
France,FRA,EUR,HIC,2021,2,65+,7481.0,2021-02-01,2021Q1
Finland,FIN,EUR,HIC,2021,2,65+,75.0,2021-02-01,2021Q1
Finland,FIN,EUR,HIC,2021,3,65+,97.0,2021-03-01,2021Q1
Finland,FIN,EUR,HIC,2021,10,65+,90.0,2021-10-01,2021Q4
Finland,FIN,EUR,HIC,2021,9,65+,61.0,2021-09-01,2021Q3
Finland,FIN,EUR,HIC,2021,6,65+,11.0,2021-06-01,2021Q2
Finland,FIN,EUR,HIC,2021,8,65+,30.0,2021-08-01,2021Q3
Finland,FIN,EUR,HIC,2021,7,65+,7.0,2021-07-01,2021Q3
Finland,FIN,EUR,HIC,2021,1,65+,97.0,2021-01-01,2021Q1
Finland,FIN,EUR,HIC,2021,5,65+,41.0,2021-05-01,2021Q2
Finland,FIN,EUR,HIC,2021,4,65+,51.0,2021-04-01,2021Q2
France,FRA,EUR,HIC,2021,5,65+,3753.0,2021-05-01,2021Q2
France,FRA,EUR,HIC,2021,7,65+,554.0,2021-07-01,2021Q3
France,FRA,EUR,HIC,2021,1,65+,7497.0,2021-01-01,2021Q1
France,FRA,EUR,HIC,2021,6,65+,1364.0,2021-06-01,2021Q2
France,FRA,EUR,HIC,2021,4,65+,7022.0,2021-04-01,2021Q2
France,FRA,EUR,HIC,2021,3,65+,8167.0,2021-03-01,2021Q1
France,FRA,EUR,HIC,2021,8,65+,1818.0,2021-08-01,2021Q3
France,FRA,EUR,HIC,2021,9,65+,1877.0,2021-09-01,2021Q3
France,FRA,EUR,HIC,2021,12,65+,4331.0,2021-12-01,2021Q4
France,FRA,EUR,HIC,2021,11,65+,1070.0,2021-11-01,2021Q4
France,FRA,EUR,HIC,2021,10,65+,651.0,2021-10-01,2021Q4
Sint Maarten (Dutch part),SXM,AMR,HIC,2021,3,65+,0.0,2021-03-01,2021Q1
Sint Maarten (Dutch part),SXM,AMR,HIC,2021,4,65+,0.0,2021-04-01,2021Q2
Sint Maarten (Dutch part),SXM,AMR,HIC,2021,9,65+,8.0,2021-09-01,2021Q3
Sint Maarten (Dutch part),SXM,AMR,HIC,2021,12,65+,1.0,2021-12-01,2021Q4
Sint Maarten (Dutch part),SXM,AMR,HIC,2021,5,65+,3.0,2021-05-01,2021Q2
Sint Maarten (Dutch part),SXM,AMR,HIC,2021,6,65+,0.0,2021-06-01,2021Q2
Sint Maarten (Dutch part),SXM,AMR,HIC,2021,7,65+,3.0,2021-07-01,2021Q3
Sint Maarten (Dutch part),SXM,AMR,HIC,2021,11,65+,4.0,2021-11-01,2021Q4
Sint Maarten (Dutch part),SXM,AMR,HIC,2021,2,65+,0.0,2021-02-01,2021Q1
Sint Maarten (Dutch part),SXM,AMR,HIC,2021,1,65+,0.0,2021-01-01,2021Q1
Sint Maarten (Dutch part),SXM,AMR,HIC,2021,8,65+,10.0,2021-08-01,2021Q3
Sint Maarten (Dutch part),SXM,AMR,HIC,2021,10,65+,3.0,2021-10-01,2021Q4
Slovakia,SVK,EUR,HIC,2021,2,65+,2035.0,2021-02-01,2021Q1
Slovakia,SVK,EUR,HIC,2021,1,65+,1916.0,2021-01-01,2021Q1
Colombia,COL,AMR,UMC,2021,11,65+,1020.0,2021-11-01,2021Q4
Brazil,BRA,AMR,UMC,2021,4,65+,6402.0,2021-04-01,2021Q2
Brazil,BRA,AMR,UMC,2021,1,65+,10723.0,2021-01-01,2021Q1
Brazil,BRA,AMR,UMC,2021,3,65+,16300.0,2021-03-01,2021Q1
Brazil,BRA,AMR,UMC,2021,5,65+,2365.0,2021-05-01,2021Q2
Brazil,BRA,AMR,UMC,2021,2,65+,7715.0,2021-02-01,2021Q1
Brazil,BRA,AMR,UMC,2021,6,65+,1207.0,2021-06-01,2021Q2
Brazil,BRA,AMR,UMC,2021,7,65+,2.0,2021-07-01,2021Q3
British Virgin Islands,VGB,AMR,HIC,2021,4,65+,0.0,2021-04-01,2021Q2
Aruba,ABW,AMR,HIC,2021,12,65+,7.0,2021-12-01,2021Q4
Bosnia and Herzegovina,BIH,EUR,UMC,2021,1,65+,404.0,2021-01-01,2021Q1
Bosnia and Herzegovina,BIH,EUR,UMC,2021,2,65+,319.0,2021-02-01,2021Q1
Bosnia and Herzegovina,BIH,EUR,UMC,2021,3,65+,1412.0,2021-03-01,2021Q1
Bosnia and Herzegovina,BIH,EUR,UMC,2021,5,65+,452.0,2021-05-01,2021Q2
United States of America,USA,AMR,HIC,2021,3,65+,16966.0,2021-03-01,2021Q1
United States of America,USA,AMR,HIC,2021,1,65+,85228.0,2021-01-01,2021Q1
United States of America,USA,AMR,HIC,2021,2,65+,37859.0,2021-02-01,2021Q1
Bosnia and Herzegovina,BIH,EUR,UMC,2021,12,65+,762.0,2021-12-01,2021Q4
Bosnia and Herzegovina,BIH,EUR,UMC,2021,9,65+,709.0,2021-09-01,2021Q3
Bosnia and Herzegovina,BIH,EUR,UMC,2021,10,65+,680.0,2021-10-01,2021Q4
Bosnia and Herzegovina,BIH,EUR,UMC,2021,11,65+,746.0,2021-11-01,2021Q4
United States of America,USA,AMR,HIC,2021,10,65+,26178.0,2021-10-01,2021Q4
United States of America,USA,AMR,HIC,2021,12,65+,30445.0,2021-12-01,2021Q4
Bosnia and Herzegovina,BIH,EUR,UMC,2021,4,65+,1311.0,2021-04-01,2021Q2
Bosnia and Herzegovina,BIH,EUR,UMC,2021,6,65+,118.0,2021-06-01,2021Q2
Bosnia and Herzegovina,BIH,EUR,UMC,2021,8,65+,66.0,2021-08-01,2021Q3
Bosnia and Herzegovina,BIH,EUR,UMC,2021,7,65+,21.0,2021-07-01,2021Q3
United States of America,USA,AMR,HIC,2021,11,65+,21466.0,2021-11-01,2021Q4
United States of America,USA,AMR,HIC,2021,5,65+,9717.0,2021-05-01,2021Q2
United States of America,USA,AMR,HIC,2021,7,65+,6721.0,2021-07-01,2021Q3
United States of America,USA,AMR,HIC,2021,4,65+,12700.0,2021-04-01,2021Q2
United States of America,USA,AMR,HIC,2021,6,65+,5056.0,2021-06-01,2021Q2
United States of America,USA,AMR,HIC,2021,8,65+,28214.0,2021-08-01,2021Q3
United States of America,USA,AMR,HIC,2021,9,65+,36562.0,2021-09-01,2021Q3
United Kingdom of Great Britain and Northern Ireland,GBR,EUR,HIC,2021,8,65+,183.0,2021-08-01,2021Q3
United Kingdom of Great Britain and Northern Ireland,GBR,EUR,HIC,2021,9,65+,746.0,2021-09-01,2021Q3
United Kingdom of Great Britain and Northern Ireland,GBR,EUR,HIC,2021,7,65+,182.0,2021-07-01,2021Q3
United Kingdom of Great Britain and Northern Ireland,GBR,EUR,HIC,2021,11,65+,476.0,2021-11-01,2021Q4
United Kingdom of Great Britain and Northern Ireland,GBR,EUR,HIC,2021,12,65+,367.0,2021-12-01,2021Q4
United Kingdom of Great Britain and Northern Ireland,GBR,EUR,HIC,2021,3,65+,281.0,2021-03-01,2021Q1
United Kingdom of Great Britain and Northern Ireland,GBR,EUR,HIC,2021,2,65+,1224.0,2021-02-01,2021Q1
United Kingdom of Great Britain and Northern Ireland,GBR,EUR,HIC,2021,1,65+,2221.0,2021-01-01,2021Q1
United Kingdom of Great Britain and Northern Ireland,GBR,EUR,HIC,2021,10,65+,623.0,2021-10-01,2021Q4
United Kingdom of Great Britain and Northern Ireland,GBR,EUR,HIC,2021,6,65+,65.0,2021-06-01,2021Q2
United Kingdom of Great Britain and Northern Ireland,GBR,EUR,HIC,2021,5,65+,26.0,2021-05-01,2021Q2
United Kingdom of Great Britain and Northern Ireland,GBR,EUR,HIC,2021,4,65+,45.0,2021-04-01,2021Q2
Burkina Faso,BFA,AFR,LIC,2021,6,65+,0.0,2021-06-01,2021Q2
Burkina Faso,BFA,AFR,LIC,2021,7,65+,0.0,2021-07-01,2021Q3
Aruba,ABW,AMR,HIC,2021,8,65+,44.0,2021-08-01,2021Q3
Aruba,ABW,AMR,HIC,2021,4,65+,8.0,2021-04-01,2021Q2
Aruba,ABW,AMR,HIC,2021,7,65+,4.0,2021-07-01,2021Q3
Aruba,ABW,AMR,HIC,2021,5,65+,2.0,2021-05-01,2021Q2
Aruba,ABW,AMR,HIC,2021,9,65+,12.0,2021-09-01,2021Q3
Aruba,ABW,AMR,HIC,2021,10,65+,2.0,2021-10-01,2021Q4
Aruba,ABW,AMR,HIC,2021,11,65+,5.0,2021-11-01,2021Q4
Aruba,ABW,AMR,HIC,2021,6,65+,2.0,2021-06-01,2021Q2
Aruba,ABW,AMR,HIC,2021,2,65+,13.0,2021-02-01,2021Q1
Burkina Faso,BFA,AFR,LIC,2021,1,65+,0.0,2021-01-01,2021Q1
Burkina Faso,BFA,AFR,LIC,2021,3,65+,0.0,2021-03-01,2021Q1
Aruba,ABW,AMR,HIC,2021,1,65+,13.0,2021-01-01,2021Q1
Aruba,ABW,AMR,HIC,2021,3,65+,10.0,2021-03-01,2021Q1
Burkina Faso,BFA,AFR,LIC,2021,4,65+,0.0,2021-04-01,2021Q2
Burkina Faso,BFA,AFR,LIC,2021,10,65+,0.0,2021-10-01,2021Q4
Burkina Faso,BFA,AFR,LIC,2021,5,65+,0.0,2021-05-01,2021Q2
Burkina Faso,BFA,AFR,LIC,2021,8,65+,0.0,2021-08-01,2021Q3
Burkina Faso,BFA,AFR,LIC,2021,11,65+,0.0,2021-11-01,2021Q4
Burkina Faso,BFA,AFR,LIC,2021,2,65+,0.0,2021-02-01,2021Q1
Burkina Faso,BFA,AFR,LIC,2021,9,65+,0.0,2021-09-01,2021Q3
Bangladesh,BGD,SEAR,LMC,2021,3,65+,468.0,2021-03-01,2021Q1
Bangladesh,BGD,SEAR,LMC,2021,1,65+,290.0,2021-01-01,2021Q1
Bangladesh,BGD,SEAR,LMC,2021,4,65+,1279.0,2021-04-01,2021Q2
Bahrain,BHR,EMR,HIC,2021,8,65+,2.0,2021-08-01,2021Q3
Bahrain,BHR,EMR,HIC,2021,12,65+,0.0,2021-12-01,2021Q4
Bahrain,BHR,EMR,HIC,2021,9,65+,0.0,2021-09-01,2021Q3
Bangladesh,BGD,SEAR,LMC,2021,2,65+,159.0,2021-02-01,2021Q1
Bangladesh,BGD,SEAR,LMC,2021,8,65+,2602.0,2021-08-01,2021Q3
Bangladesh,BGD,SEAR,LMC,2021,12,65+,25.0,2021-12-01,2021Q4
Bangladesh,BGD,SEAR,LMC,2021,10,65+,112.0,2021-10-01,2021Q4
Bangladesh,BGD,SEAR,LMC,2021,7,65+,2894.0,2021-07-01,2021Q3
Bangladesh,BGD,SEAR,LMC,2021,5,65+,506.0,2021-05-01,2021Q2
Bahrain,BHR,EMR,HIC,2021,11,65+,0.0,2021-11-01,2021Q4
Bahrain,BHR,EMR,HIC,2021,2,65+,46.0,2021-02-01,2021Q1
Bahrain,BHR,EMR,HIC,2021,10,65+,2.0,2021-10-01,2021Q4
Bahrain,BHR,EMR,HIC,2021,7,65+,13.0,2021-07-01,2021Q3
Bahrain,BHR,EMR,HIC,2021,1,65+,12.0,2021-01-01,2021Q1
Barbados,BRB,AMR,HIC,2021,7,65+,3.0,2021-07-01,2021Q3
Barbados,BRB,AMR,HIC,2021,9,65+,15.0,2021-09-01,2021Q3
Barbados,BRB,AMR,HIC,2021,11,65+,0.0,2021-11-01,2021Q4
Barbados,BRB,AMR,HIC,2021,12,65+,0.0,2021-12-01,2021Q4
Barbados,BRB,AMR,HIC,2021,3,65+,13.0,2021-03-01,2021Q1
Barbados,BRB,AMR,HIC,2021,10,65+,1.0,2021-10-01,2021Q4
Barbados,BRB,AMR,HIC,2021,6,65+,0.0,2021-06-01,2021Q2
Barbados,BRB,AMR,HIC,2021,5,65+,1.0,2021-05-01,2021Q2
Barbados,BRB,AMR,HIC,2021,8,65+,0.0,2021-08-01,2021Q3
Barbados,BRB,AMR,HIC,2021,1,65+,0.0,2021-01-01,2021Q1
Barbados,BRB,AMR,HIC,2021,2,65+,11.0,2021-02-01,2021Q1
Barbados,BRB,AMR,HIC,2021,4,65+,0.0,2021-04-01,2021Q2
Bangladesh,BGD,SEAR,LMC,2021,6,65+,1137.0,2021-06-01,2021Q2
Bangladesh,BGD,SEAR,LMC,2021,9,65+,754.0,2021-09-01,2021Q3
Bangladesh,BGD,SEAR,LMC,2021,11,65+,45.0,2021-11-01,2021Q4
Bahrain,BHR,EMR,HIC,2021,5,65+,130.0,2021-05-01,2021Q2
Zimbabwe,ZWE,AFR,LMC,2021,1,65+,0.0,2021-01-01,2021Q1
Azerbaijan,AZE,EUR,UMC,2021,3,65+,0.0,2021-03-01,2021Q1
Azerbaijan,AZE,EUR,UMC,2021,1,65+,0.0,2021-01-01,2021Q1
Zimbabwe,ZWE,AFR,LMC,2021,3,65+,0.0,2021-03-01,2021Q1
Zimbabwe,ZWE,AFR,LMC,2021,9,65+,0.0,2021-09-01,2021Q3
Zimbabwe,ZWE,AFR,LMC,2021,4,65+,0.0,2021-04-01,2021Q2
Zimbabwe,ZWE,AFR,LMC,2021,2,65+,0.0,2021-02-01,2021Q1
Azerbaijan,AZE,EUR,UMC,2021,4,65+,0.0,2021-04-01,2021Q2
Azerbaijan,AZE,EUR,UMC,2021,8,65+,0.0,2021-08-01,2021Q3
Azerbaijan,AZE,EUR,UMC,2021,6,65+,0.0,2021-06-01,2021Q2
Azerbaijan,AZE,EUR,UMC,2021,12,65+,0.0,2021-12-01,2021Q4
Azerbaijan,AZE,EUR,UMC,2021,10,65+,0.0,2021-10-01,2021Q4
Azerbaijan,AZE,EUR,UMC,2021,7,65+,0.0,2021-07-01,2021Q3
Azerbaijan,AZE,EUR,UMC,2021,9,65+,0.0,2021-09-01,2021Q3
Zimbabwe,ZWE,AFR,LMC,2021,5,65+,0.0,2021-05-01,2021Q2
Azerbaijan,AZE,EUR,UMC,2021,11,65+,0.0,2021-11-01,2021Q4
Azerbaijan,AZE,EUR,UMC,2021,5,65+,0.0,2021-05-01,2021Q2
Azerbaijan,AZE,EUR,UMC,2021,2,65+,0.0,2021-02-01,2021Q1
Zimbabwe,ZWE,AFR,LMC,2021,10,65+,0.0,2021-10-01,2021Q4
Austria,AUT,EUR,HIC,2021,7,65+,44.0,2021-07-01,2021Q3
Austria,AUT,EUR,HIC,2021,4,65+,759.0,2021-04-01,2021Q2
Austria,AUT,EUR,HIC,2021,8,65+,72.0,2021-08-01,2021Q3
Austria,AUT,EUR,HIC,2021,5,65+,331.0,2021-05-01,2021Q2
Austria,AUT,EUR,HIC,2021,3,65+,1001.0,2021-03-01,2021Q1
Austria,AUT,EUR,HIC,2021,1,65+,1560.0,2021-01-01,2021Q1
Austria,AUT,EUR,HIC,2021,2,65+,918.0,2021-02-01,2021Q1
Austria,AUT,EUR,HIC,2021,10,65+,367.0,2021-10-01,2021Q4
Zimbabwe,ZWE,AFR,LMC,2021,6,65+,0.0,2021-06-01,2021Q2
Zimbabwe,ZWE,AFR,LMC,2021,8,65+,0.0,2021-08-01,2021Q3
Zimbabwe,ZWE,AFR,LMC,2021,11,65+,0.0,2021-11-01,2021Q4
Austria,AUT,EUR,HIC,2021,6,65+,128.0,2021-06-01,2021Q2
Zimbabwe,ZWE,AFR,LMC,2021,7,65+,0.0,2021-07-01,2021Q3
Zimbabwe,ZWE,AFR,LMC,2021,12,65+,0.0,2021-12-01,2021Q4
Austria,AUT,EUR,HIC,2021,12,65+,1255.0,2021-12-01,2021Q4
Austria,AUT,EUR,HIC,2021,9,65+,275.0,2021-09-01,2021Q3
Austria,AUT,EUR,HIC,2021,11,65+,1247.0,2021-11-01,2021Q4
Bahamas,BHS,AMR,HIC,2021,8,65+,52.0,2021-08-01,2021Q3
Bahamas,BHS,AMR,HIC,2021,9,65+,79.0,2021-09-01,2021Q3
Bahamas,BHS,AMR,HIC,2021,5,65+,11.0,2021-05-01,2021Q2
Bahamas,BHS,AMR,HIC,2021,3,65+,13.0,2021-03-01,2021Q1
Bahamas,BHS,AMR,HIC,2021,11,65+,5.0,2021-11-01,2021Q4
Bahamas,BHS,AMR,HIC,2021,1,65+,1.0,2021-01-01,2021Q1
Bahamas,BHS,AMR,HIC,2021,2,65+,2.0,2021-02-01,2021Q1
Bahamas,BHS,AMR,HIC,2021,7,65+,27.0,2021-07-01,2021Q3
Bahrain,BHR,EMR,HIC,2021,4,65+,47.0,2021-04-01,2021Q2
Bahrain,BHR,EMR,HIC,2021,3,65+,35.0,2021-03-01,2021Q1
Bahrain,BHR,EMR,HIC,2021,6,65+,135.0,2021-06-01,2021Q2
Bahamas,BHS,AMR,HIC,2021,12,65+,3.0,2021-12-01,2021Q4
Zambia,ZMB,AFR,LMC,2021,9,65+,0.0,2021-09-01,2021Q3
Zambia,ZMB,AFR,LMC,2021,8,65+,0.0,2021-08-01,2021Q3
Zambia,ZMB,AFR,LMC,2021,10,65+,0.0,2021-10-01,2021Q4
Zambia,ZMB,AFR,LMC,2021,1,65+,0.0,2021-01-01,2021Q1
Bahamas,BHS,AMR,HIC,2021,4,65+,19.0,2021-04-01,2021Q2
Bahamas,BHS,AMR,HIC,2021,6,65+,14.0,2021-06-01,2021Q2
Bahamas,BHS,AMR,HIC,2021,10,65+,26.0,2021-10-01,2021Q4
Zambia,ZMB,AFR,LMC,2021,2,65+,0.0,2021-02-01,2021Q1
Zambia,ZMB,AFR,LMC,2021,7,65+,0.0,2021-07-01,2021Q3
Zambia,ZMB,AFR,LMC,2021,3,65+,0.0,2021-03-01,2021Q1
Zambia,ZMB,AFR,LMC,2021,6,65+,0.0,2021-06-01,2021Q2
Zambia,ZMB,AFR,LMC,2021,5,65+,0.0,2021-05-01,2021Q2
Zambia,ZMB,AFR,LMC,2021,4,65+,0.0,2021-04-01,2021Q2
Bermuda,BMU,AMR,HIC,2021,10,65+,0.0,2021-10-01,2021Q4
Bermuda,BMU,AMR,HIC,2021,11,65+,0.0,2021-11-01,2021Q4
Bermuda,BMU,AMR,HIC,2021,12,65+,0.0,2021-12-01,2021Q4
Bermuda,BMU,AMR,HIC,2021,5,65+,0.0,2021-05-01,2021Q2
Bermuda,BMU,AMR,HIC,2021,8,65+,0.0,2021-08-01,2021Q3
Bermuda,BMU,AMR,HIC,2021,6,65+,0.0,2021-06-01,2021Q2
Bermuda,BMU,AMR,HIC,2021,9,65+,0.0,2021-09-01,2021Q3
Bermuda,BMU,AMR,HIC,2021,7,65+,0.0,2021-07-01,2021Q3
Bermuda,BMU,AMR,HIC,2021,1,65+,0.0,2021-01-01,2021Q1
Bermuda,BMU,AMR,HIC,2021,2,65+,0.0,2021-02-01,2021Q1
Bermuda,BMU,AMR,HIC,2021,3,65+,5.0,2021-03-01,2021Q1
Bermuda,BMU,AMR,HIC,2021,4,65+,6.0,2021-04-01,2021Q2
Bhutan,BTN,SEAR,LMC,2021,4,65+,0.0,2021-04-01,2021Q2
Bhutan,BTN,SEAR,LMC,2021,7,65+,1.0,2021-07-01,2021Q3
Bhutan,BTN,SEAR,LMC,2021,3,65+,0.0,2021-03-01,2021Q1
Bhutan,BTN,SEAR,LMC,2021,1,65+,0.0,2021-01-01,2021Q1
Bhutan,BTN,SEAR,LMC,2021,6,65+,0.0,2021-06-01,2021Q2
Bhutan,BTN,SEAR,LMC,2021,5,65+,0.0,2021-05-01,2021Q2
Bhutan,BTN,SEAR,LMC,2021,9,65+,0.0,2021-09-01,2021Q3
Bhutan,BTN,SEAR,LMC,2021,10,65+,0.0,2021-10-01,2021Q4
Belgium,BEL,EUR,HIC,2021,2,65+,906.0,2021-02-01,2021Q1
Belgium,BEL,EUR,HIC,2021,6,65+,179.0,2021-06-01,2021Q2
Belgium,BEL,EUR,HIC,2021,1,65+,1326.0,2021-01-01,2021Q1
Belgium,BEL,EUR,HIC,2021,5,65+,526.0,2021-05-01,2021Q2
Belgium,BEL,EUR,HIC,2021,3,65+,876.0,2021-03-01,2021Q1
Belgium,BEL,EUR,HIC,2021,7,65+,39.0,2021-07-01,2021Q3
Belarus,BLR,EUR,UMC,2021,1,65+,0.0,2021-01-01,2021Q1
Belarus,BLR,EUR,UMC,2021,4,65+,0.0,2021-04-01,2021Q2
Belarus,BLR,EUR,UMC,2021,3,65+,0.0,2021-03-01,2021Q1
Belgium,BEL,EUR,HIC,2021,4,65+,959.0,2021-04-01,2021Q2
Belarus,BLR,EUR,UMC,2021,8,65+,0.0,2021-08-01,2021Q3
Belarus,BLR,EUR,UMC,2021,12,65+,0.0,2021-12-01,2021Q4
Belarus,BLR,EUR,UMC,2021,9,65+,0.0,2021-09-01,2021Q3
Belarus,BLR,EUR,UMC,2021,10,65+,0.0,2021-10-01,2021Q4
Belarus,BLR,EUR,UMC,2021,7,65+,0.0,2021-07-01,2021Q3
Belarus,BLR,EUR,UMC,2021,2,65+,0.0,2021-02-01,2021Q1
Belarus,BLR,EUR,UMC,2021,5,65+,0.0,2021-05-01,2021Q2
Belarus,BLR,EUR,UMC,2021,6,65+,0.0,2021-06-01,2021Q2
Belarus,BLR,EUR,UMC,2021,11,65+,0.0,2021-11-01,2021Q4
Venezuela (Bolivarian Republic of),VEN,AMR,,2021,1,65+,1.0,2021-01-01,2021Q1
Venezuela (Bolivarian Republic of),VEN,AMR,,2021,4,65+,1.0,2021-04-01,2021Q2
Venezuela (Bolivarian Republic of),VEN,AMR,,2021,12,65+,27.0,2021-12-01,2021Q4
Belgium,BEL,EUR,HIC,2021,8,65+,113.0,2021-08-01,2021Q3
Belgium,BEL,EUR,HIC,2021,9,65+,205.0,2021-09-01,2021Q3
Belgium,BEL,EUR,HIC,2021,10,65+,359.0,2021-10-01,2021Q4
Belgium,BEL,EUR,HIC,2021,12,65+,1099.0,2021-12-01,2021Q4
Belgium,BEL,EUR,HIC,2021,11,65+,826.0,2021-11-01,2021Q4
Venezuela (Bolivarian Republic of),VEN,AMR,,2021,11,65+,19.0,2021-11-01,2021Q4
Venezuela (Bolivarian Republic of),VEN,AMR,,2021,5,65+,11.0,2021-05-01,2021Q2
Venezuela (Bolivarian Republic of),VEN,AMR,,2021,3,65+,2.0,2021-03-01,2021Q1
Venezuela (Bolivarian Republic of),VEN,AMR,,2021,2,65+,1.0,2021-02-01,2021Q1
Venezuela (Bolivarian Republic of),VEN,AMR,,2021,7,65+,39.0,2021-07-01,2021Q3
Venezuela (Bolivarian Republic of),VEN,AMR,,2021,8,65+,72.0,2021-08-01,2021Q3
Venezuela (Bolivarian Republic of),VEN,AMR,,2021,10,65+,33.0,2021-10-01,2021Q4
Venezuela (Bolivarian Republic of),VEN,AMR,,2021,9,65+,29.0,2021-09-01,2021Q3
Venezuela (Bolivarian Republic of),VEN,AMR,,2021,6,65+,61.0,2021-06-01,2021Q2
Côte d’Ivoire,CIV,AFR,LMC,2021,2,65+,0.0,2021-02-01,2021Q1
Côte d’Ivoire,CIV,AFR,LMC,2021,9,65+,0.0,2021-09-01,2021Q3
Côte d’Ivoire,CIV,AFR,LMC,2021,4,65+,0.0,2021-04-01,2021Q2
Côte d’Ivoire,CIV,AFR,LMC,2021,10,65+,0.0,2021-10-01,2021Q4
Côte d’Ivoire,CIV,AFR,LMC,2021,5,65+,0.0,2021-05-01,2021Q2
Côte d’Ivoire,CIV,AFR,LMC,2021,11,65+,0.0,2021-11-01,2021Q4
Côte d’Ivoire,CIV,AFR,LMC,2021,3,65+,0.0,2021-03-01,2021Q1
Côte d’Ivoire,CIV,AFR,LMC,2021,1,65+,0.0,2021-01-01,2021Q1
Côte d’Ivoire,CIV,AFR,LMC,2021,6,65+,0.0,2021-06-01,2021Q2
Côte d’Ivoire,CIV,AFR,LMC,2021,7,65+,0.0,2021-07-01,2021Q3
Costa Rica,CRI,AMR,UMC,2021,3,65+,136.0,2021-03-01,2021Q1
Costa Rica,CRI,AMR,UMC,2021,6,65+,176.0,2021-06-01,2021Q2
Costa Rica,CRI,AMR,UMC,2021,10,65+,258.0,2021-10-01,2021Q4
Costa Rica,CRI,AMR,UMC,2021,2,65+,105.0,2021-02-01,2021Q1
Costa Rica,CRI,AMR,UMC,2021,9,65+,603.0,2021-09-01,2021Q3
Costa Rica,CRI,AMR,UMC,2021,5,65+,297.0,2021-05-01,2021Q2
Costa Rica,CRI,AMR,UMC,2021,4,65+,201.0,2021-04-01,2021Q2
Costa Rica,CRI,AMR,UMC,2021,8,65+,272.0,2021-08-01,2021Q3
Costa Rica,CRI,AMR,UMC,2021,7,65+,137.0,2021-07-01,2021Q3
Costa Rica,CRI,AMR,UMC,2021,11,65+,83.0,2021-11-01,2021Q4
Costa Rica,CRI,AMR,UMC,2021,12,65+,28.0,2021-12-01,2021Q4
Costa Rica,CRI,AMR,UMC,2021,1,65+,223.0,2021-01-01,2021Q1
Côte d’Ivoire,CIV,AFR,LMC,2021,12,65+,0.0,2021-12-01,2021Q4
Croatia,HRV,EUR,HIC,2021,8,65+,22.0,2021-08-01,2021Q3
Croatia,HRV,EUR,HIC,2021,11,65+,216.0,2021-11-01,2021Q4
Croatia,HRV,EUR,HIC,2021,6,65+,21.0,2021-06-01,2021Q2
Croatia,HRV,EUR,HIC,2021,12,65+,278.0,2021-12-01,2021Q4
Croatia,HRV,EUR,HIC,2021,2,65+,202.0,2021-02-01,2021Q1
Cuba,CUB,AMR,UMC,2021,11,65+,11.0,2021-11-01,2021Q4
Switzerland,CHE,EUR,HIC,2021,11,65+,276.0,2021-11-01,2021Q4
Syrian Arab Republic,SYR,EMR,LIC,2021,7,65+,2.0,2021-07-01,2021Q3
Syrian Arab Republic,SYR,EMR,LIC,2021,8,65+,33.0,2021-08-01,2021Q3
Croatia,HRV,EUR,HIC,2021,3,65+,69.0,2021-03-01,2021Q1
Syrian Arab Republic,SYR,EMR,LIC,2021,6,65+,15.0,2021-06-01,2021Q2
Syrian Arab Republic,SYR,EMR,LIC,2021,5,65+,5.0,2021-05-01,2021Q2
Côte d’Ivoire,CIV,AFR,LMC,2021,8,65+,0.0,2021-08-01,2021Q3
Syrian Arab Republic,SYR,EMR,LIC,2021,10,65+,107.0,2021-10-01,2021Q4
Syrian Arab Republic,SYR,EMR,LIC,2021,11,65+,70.0,2021-11-01,2021Q4
Syrian Arab Republic,SYR,EMR,LIC,2021,9,65+,145.0,2021-09-01,2021Q3
Syrian Arab Republic,SYR,EMR,LIC,2021,12,65+,10.0,2021-12-01,2021Q4
Croatia,HRV,EUR,HIC,2021,1,65+,415.0,2021-01-01,2021Q1
Croatia,HRV,EUR,HIC,2021,9,65+,26.0,2021-09-01,2021Q3
Croatia,HRV,EUR,HIC,2021,4,65+,197.0,2021-04-01,2021Q2
Croatia,HRV,EUR,HIC,2021,7,65+,12.0,2021-07-01,2021Q3
Croatia,HRV,EUR,HIC,2021,10,65+,16.0,2021-10-01,2021Q4
Croatia,HRV,EUR,HIC,2021,5,65+,170.0,2021-05-01,2021Q2
Syrian Arab Republic,SYR,EMR,LIC,2021,4,65+,11.0,2021-04-01,2021Q2
Syrian Arab Republic,SYR,EMR,LIC,2021,2,65+,1.0,2021-02-01,2021Q1
Syrian Arab Republic,SYR,EMR,LIC,2021,3,65+,0.0,2021-03-01,2021Q1
Syrian Arab Republic,SYR,EMR,LIC,2021,1,65+,15.0,2021-01-01,2021Q1
Timor-Leste,TLS,SEAR,LMC,2021,10,65+,0.0,2021-10-01,2021Q4
Timor-Leste,TLS,SEAR,LMC,2021,9,65+,0.0,2021-09-01,2021Q3
Timor-Leste,TLS,SEAR,LMC,2021,5,65+,1.0,2021-05-01,2021Q2
Timor-Leste,TLS,SEAR,LMC,2021,2,65+,0.0,2021-02-01,2021Q1
Timor-Leste,TLS,SEAR,LMC,2021,8,65+,2.0,2021-08-01,2021Q3
Timor-Leste,TLS,SEAR,LMC,2021,7,65+,0.0,2021-07-01,2021Q3
Timor-Leste,TLS,SEAR,LMC,2021,12,65+,0.0,2021-12-01,2021Q4
Timor-Leste,TLS,SEAR,LMC,2021,11,65+,0.0,2021-11-01,2021Q4
Timor-Leste,TLS,SEAR,LMC,2021,6,65+,1.0,2021-06-01,2021Q2
Timor-Leste,TLS,SEAR,LMC,2021,4,65+,0.0,2021-04-01,2021Q2
Timor-Leste,TLS,SEAR,LMC,2021,3,65+,0.0,2021-03-01,2021Q1
Switzerland,CHE,EUR,HIC,2021,12,65+,766.0,2021-12-01,2021Q4
Democratic Republic of the Congo,COD,AFR,LIC,2021,2,65+,0.0,2021-02-01,2021Q1
Democratic Republic of the Congo,COD,AFR,LIC,2021,3,65+,0.0,2021-03-01,2021Q1
Democratic Republic of the Congo,COD,AFR,LIC,2021,5,65+,0.0,2021-05-01,2021Q2
Democratic Republic of the Congo,COD,AFR,LIC,2021,4,65+,0.0,2021-04-01,2021Q2
Suriname,SUR,AMR,UMC,2021,2,65+,0.0,2021-02-01,2021Q1
Suriname,SUR,AMR,UMC,2021,3,65+,0.0,2021-03-01,2021Q1
Democratic Republic of the Congo,COD,AFR,LIC,2021,1,65+,0.0,2021-01-01,2021Q1
Democratic Republic of the Congo,COD,AFR,LIC,2021,6,65+,0.0,2021-06-01,2021Q2
Suriname,SUR,AMR,UMC,2021,8,65+,0.0,2021-08-01,2021Q3
Suriname,SUR,AMR,UMC,2021,6,65+,1.0,2021-06-01,2021Q2
Suriname,SUR,AMR,UMC,2021,5,65+,0.0,2021-05-01,2021Q2
Suriname,SUR,AMR,UMC,2021,1,65+,0.0,2021-01-01,2021Q1
Suriname,SUR,AMR,UMC,2021,12,65+,0.0,2021-12-01,2021Q4
Suriname,SUR,AMR,UMC,2021,10,65+,0.0,2021-10-01,2021Q4
Suriname,SUR,AMR,UMC,2021,11,65+,0.0,2021-11-01,2021Q4
Suriname,SUR,AMR,UMC,2021,9,65+,0.0,2021-09-01,2021Q3
Suriname,SUR,AMR,UMC,2021,7,65+,0.0,2021-07-01,2021Q3
Suriname,SUR,AMR,UMC,2021,4,65+,0.0,2021-04-01,2021Q2
Denmark,DNK,EUR,HIC,2021,7,65+,0.0,2021-07-01,2021Q3
Denmark,DNK,EUR,HIC,2021,6,65+,0.0,2021-06-01,2021Q2
Denmark,DNK,EUR,HIC,2021,1,65+,0.0,2021-01-01,2021Q1
Denmark,DNK,EUR,HIC,2021,3,65+,0.0,2021-03-01,2021Q1
Sudan,SDN,EMR,LIC,2021,1,65+,51.0,2021-01-01,2021Q1
Sudan,SDN,EMR,LIC,2021,2,65+,26.0,2021-02-01,2021Q1
Denmark,DNK,EUR,HIC,2021,8,65+,0.0,2021-08-01,2021Q3
Denmark,DNK,EUR,HIC,2021,11,65+,8.0,2021-11-01,2021Q4
Denmark,DNK,EUR,HIC,2021,9,65+,1.0,2021-09-01,2021Q3
Denmark,DNK,EUR,HIC,2021,10,65+,5.0,2021-10-01,2021Q4
Denmark,DNK,EUR,HIC,2021,12,65+,8.0,2021-12-01,2021Q4
Denmark,DNK,EUR,HIC,2021,4,65+,0.0,2021-04-01,2021Q2
Denmark,DNK,EUR,HIC,2021,2,65+,0.0,2021-02-01,2021Q1
Denmark,DNK,EUR,HIC,2021,5,65+,0.0,2021-05-01,2021Q2
Sweden,SWE,EUR,HIC,2021,10,65+,125.0,2021-10-01,2021Q4
Sweden,SWE,EUR,HIC,2021,9,65+,186.0,2021-09-01,2021Q3
Cura�ao,CUW,AMR,HIC,2021,11,65+,4.0,2021-11-01,2021Q4
Sweden,SWE,EUR,HIC,2021,12,65+,189.0,2021-12-01,2021Q4
Sweden,SWE,EUR,HIC,2021,11,65+,96.0,2021-11-01,2021Q4
Cura�ao,CUW,AMR,HIC,2021,10,65+,6.0,2021-10-01,2021Q4
Cura�ao,CUW,AMR,HIC,2021,9,65+,13.0,2021-09-01,2021Q3
Cura�ao,CUW,AMR,HIC,2021,4,65+,24.0,2021-04-01,2021Q2
Cura�ao,CUW,AMR,HIC,2021,6,65+,0.0,2021-06-01,2021Q2
Cura�ao,CUW,AMR,HIC,2021,12,65+,14.0,2021-12-01,2021Q4
Sweden,SWE,EUR,HIC,2021,8,65+,35.0,2021-08-01,2021Q3
Sweden,SWE,EUR,HIC,2021,4,65+,438.0,2021-04-01,2021Q2
Sweden,SWE,EUR,HIC,2021,3,65+,590.0,2021-03-01,2021Q1
Sweden,SWE,EUR,HIC,2021,2,65+,740.0,2021-02-01,2021Q1
Sweden,SWE,EUR,HIC,2021,1,65+,2053.0,2021-01-01,2021Q1
Cyprus,CYP,EUR,HIC,2021,4,65+,61.0,2021-04-01,2021Q2
Sweden,SWE,EUR,HIC,2021,6,65+,69.0,2021-06-01,2021Q2
Sweden,SWE,EUR,HIC,2021,7,65+,9.0,2021-07-01,2021Q3
Sweden,SWE,EUR,HIC,2021,5,65+,254.0,2021-05-01,2021Q2
Switzerland,CHE,EUR,HIC,2021,2,65+,404.0,2021-02-01,2021Q1
Switzerland,CHE,EUR,HIC,2021,5,65+,103.0,2021-05-01,2021Q2
Switzerland,CHE,EUR,HIC,2021,6,65+,49.0,2021-06-01,2021Q2
Switzerland,CHE,EUR,HIC,2021,3,65+,298.0,2021-03-01,2021Q1
Switzerland,CHE,EUR,HIC,2021,10,65+,129.0,2021-10-01,2021Q4
Switzerland,CHE,EUR,HIC,2021,4,65+,204.0,2021-04-01,2021Q2
Switzerland,CHE,EUR,HIC,2021,9,65+,176.0,2021-09-01,2021Q3
Switzerland,CHE,EUR,HIC,2021,7,65+,15.0,2021-07-01,2021Q3
Switzerland,CHE,EUR,HIC,2021,8,65+,72.0,2021-08-01,2021Q3
Cyprus,CYP,EUR,HIC,2021,7,65+,65.0,2021-07-01,2021Q3
Cura�ao,CUW,AMR,HIC,2021,2,65+,0.0,2021-02-01,2021Q1
Cura�ao,CUW,AMR,HIC,2021,7,65+,4.0,2021-07-01,2021Q3
Cura�ao,CUW,AMR,HIC,2021,8,65+,15.0,2021-08-01,2021Q3
Cura�ao,CUW,AMR,HIC,2021,5,65+,1.0,2021-05-01,2021Q2
Cura�ao,CUW,AMR,HIC,2021,3,65+,46.0,2021-03-01,2021Q1
Switzerland,CHE,EUR,HIC,2021,1,65+,1307.0,2021-01-01,2021Q1
Cuba,CUB,AMR,UMC,2021,12,65+,19.0,2021-12-01,2021Q4
Cura�ao,CUW,AMR,HIC,2021,1,65+,0.0,2021-01-01,2021Q1
Cyprus,CYP,EUR,HIC,2021,8,65+,76.0,2021-08-01,2021Q3
Czechia,CZE,EUR,HIC,2021,6,65+,76.0,2021-06-01,2021Q2
Czechia,CZE,EUR,HIC,2021,7,65+,11.0,2021-07-01,2021Q3
Czechia,CZE,EUR,HIC,2021,12,65+,2897.0,2021-12-01,2021Q4
Czechia,CZE,EUR,HIC,2021,9,65+,46.0,2021-09-01,2021Q3
Czechia,CZE,EUR,HIC,2021,10,65+,291.0,2021-10-01,2021Q4
Czechia,CZE,EUR,HIC,2021,8,65+,22.0,2021-08-01,2021Q3
Czechia,CZE,EUR,HIC,2021,11,65+,1992.0,2021-11-01,2021Q4
Cyprus,CYP,EUR,HIC,2021,10,65+,17.0,2021-10-01,2021Q4
Cyprus,CYP,EUR,HIC,2021,6,65+,22.0,2021-06-01,2021Q2
Cyprus,CYP,EUR,HIC,2021,2,65+,44.0,2021-02-01,2021Q1
Cyprus,CYP,EUR,HIC,2021,3,65+,38.0,2021-03-01,2021Q1
Cyprus,CYP,EUR,HIC,2021,5,65+,42.0,2021-05-01,2021Q2
Cyprus,CYP,EUR,HIC,2021,1,65+,85.0,2021-01-01,2021Q1
Cyprus,CYP,EUR,HIC,2021,11,65+,9.0,2021-11-01,2021Q4
Cyprus,CYP,EUR,HIC,2021,12,65+,68.0,2021-12-01,2021Q4
Czechia,CZE,EUR,HIC,2021,4,65+,1781.0,2021-04-01,2021Q2
Czechia,CZE,EUR,HIC,2021,5,65+,505.0,2021-05-01,2021Q2
Czechia,CZE,EUR,HIC,2021,3,65+,5785.0,2021-03-01,2021Q1
Cyprus,CYP,EUR,HIC,2021,9,65+,48.0,2021-09-01,2021Q3
Czechia,CZE,EUR,HIC,2021,2,65+,3734.0,2021-02-01,2021Q1
Czechia,CZE,EUR,HIC,2021,1,65+,4066.0,2021-01-01,2021Q1
Turks and Caicos Islands,TCA,AMR,HIC,2021,3,65+,2.0,2021-03-01,2021Q1
Turks and Caicos Islands,TCA,AMR,HIC,2021,6,65+,0.0,2021-06-01,2021Q2
Turks and Caicos Islands,TCA,AMR,HIC,2021,4,65+,0.0,2021-04-01,2021Q2
Turks and Caicos Islands,TCA,AMR,HIC,2021,7,65+,0.0,2021-07-01,2021Q3
Turks and Caicos Islands,TCA,AMR,HIC,2021,10,65+,0.0,2021-10-01,2021Q4
Turks and Caicos Islands,TCA,AMR,HIC,2021,5,65+,0.0,2021-05-01,2021Q2
Turks and Caicos Islands,TCA,AMR,HIC,2021,1,65+,0.0,2021-01-01,2021Q1
Turks and Caicos Islands,TCA,AMR,HIC,2021,2,65+,2.0,2021-02-01,2021Q1
Turks and Caicos Islands,TCA,AMR,HIC,2021,9,65+,2.0,2021-09-01,2021Q3
Turks and Caicos Islands,TCA,AMR,HIC,2021,8,65+,1.0,2021-08-01,2021Q3
Turks and Caicos Islands,TCA,AMR,HIC,2021,11,65+,0.0,2021-11-01,2021Q4
Turks and Caicos Islands,TCA,AMR,HIC,2021,12,65+,0.0,2021-12-01,2021Q4
China,CHN,WPR,UMC,2021,1,65+,2.0,2021-01-01,2021Q1
China,CHN,WPR,UMC,2021,4,65+,0.0,2021-04-01,2021Q2
China,CHN,WPR,UMC,2021,9,65+,0.0,2021-09-01,2021Q3
China,CHN,WPR,UMC,2021,12,65+,0.0,2021-12-01,2021Q4
China,CHN,WPR,UMC,2021,5,65+,0.0,2021-05-01,2021Q2
China,CHN,WPR,UMC,2021,6,65+,0.0,2021-06-01,2021Q2
China,CHN,WPR,UMC,2021,11,65+,0.0,2021-11-01,2021Q4
China,CHN,WPR,UMC,2021,2,65+,0.0,2021-02-01,2021Q1
China,CHN,WPR,UMC,2021,8,65+,0.0,2021-08-01,2021Q3
China,CHN,WPR,UMC,2021,3,65+,0.0,2021-03-01,2021Q1
Chile,CHL,AMR,HIC,2021,8,65+,517.0,2021-08-01,2021Q3
Chile,CHL,AMR,HIC,2021,3,65+,2586.0,2021-03-01,2021Q1
Chile,CHL,AMR,HIC,2021,9,65+,210.0,2021-09-01,2021Q3
Chile,CHL,AMR,HIC,2021,4,65+,1994.0,2021-04-01,2021Q2
Chile,CHL,AMR,HIC,2021,5,65+,2283.0,2021-05-01,2021Q2
Chile,CHL,AMR,HIC,2021,12,65+,494.0,2021-12-01,2021Q4
Chile,CHL,AMR,HIC,2021,1,65+,1847.0,2021-01-01,2021Q1
Chile,CHL,AMR,HIC,2021,2,65+,1808.0,2021-02-01,2021Q1
Chile,CHL,AMR,HIC,2021,7,65+,1109.0,2021-07-01,2021Q3
Chile,CHL,AMR,HIC,2021,6,65+,2904.0,2021-06-01,2021Q2
Chile,CHL,AMR,HIC,2021,10,65+,325.0,2021-10-01,2021Q4
Chile,CHL,AMR,HIC,2021,11,65+,530.0,2021-11-01,2021Q4
China,CHN,WPR,UMC,2021,10,65+,0.0,2021-10-01,2021Q4
Canada,CAN,AMR,HIC,2021,10,65+,530.0,2021-10-01,2021Q4
Canada,CAN,AMR,HIC,2021,5,65+,556.0,2021-05-01,2021Q2
Canada,CAN,AMR,HIC,2021,2,65+,857.0,2021-02-01,2021Q1
Canada,CAN,AMR,HIC,2021,6,65+,201.0,2021-06-01,2021Q2
Canada,CAN,AMR,HIC,2021,7,65+,66.0,2021-07-01,2021Q3
Canada,CAN,AMR,HIC,2021,3,65+,909.0,2021-03-01,2021Q1
Canada,CAN,AMR,HIC,2021,1,65+,3404.0,2021-01-01,2021Q1
Canada,CAN,AMR,HIC,2021,8,65+,247.0,2021-08-01,2021Q3
Canada,CAN,AMR,HIC,2021,9,65+,921.0,2021-09-01,2021Q3
Uganda,UGA,AFR,LIC,2021,7,65+,0.0,2021-07-01,2021Q3
Uganda,UGA,AFR,LIC,2021,6,65+,0.0,2021-06-01,2021Q2
Canada,CAN,AMR,HIC,2021,4,65+,1148.0,2021-04-01,2021Q2
Canada,CAN,AMR,HIC,2021,12,65+,1184.0,2021-12-01,2021Q4
Ukraine,UKR,EUR,UMC,2021,5,65+,4381.0,2021-05-01,2021Q2
Ukraine,UKR,EUR,UMC,2021,10,65+,7826.0,2021-10-01,2021Q4
Ukraine,UKR,EUR,UMC,2021,3,65+,5911.0,2021-03-01,2021Q1
Ukraine,UKR,EUR,UMC,2021,12,65+,7957.0,2021-12-01,2021Q4
Ukraine,UKR,EUR,UMC,2021,4,65+,7241.0,2021-04-01,2021Q2
Ukraine,UKR,EUR,UMC,2021,7,65+,317.0,2021-07-01,2021Q3
Ukraine,UKR,EUR,UMC,2021,11,65+,12498.0,2021-11-01,2021Q4
Ukraine,UKR,EUR,UMC,2021,6,65+,1317.0,2021-06-01,2021Q2
Ukraine,UKR,EUR,UMC,2021,2,65+,2348.0,2021-02-01,2021Q1
Ukraine,UKR,EUR,UMC,2021,9,65+,2246.0,2021-09-01,2021Q3
Ukraine,UKR,EUR,UMC,2021,8,65+,548.0,2021-08-01,2021Q3
Ukraine,UKR,EUR,UMC,2021,1,65+,2578.0,2021-01-01,2021Q1
Uganda,UGA,AFR,LIC,2021,5,65+,0.0,2021-05-01,2021Q2
Cayman Islands,CYM,AMR,HIC,2021,10,65+,0.0,2021-10-01,2021Q4
Cayman Islands,CYM,AMR,HIC,2021,3,65+,0.0,2021-03-01,2021Q1
Cayman Islands,CYM,AMR,HIC,2021,9,65+,0.0,2021-09-01,2021Q3
Uganda,UGA,AFR,LIC,2021,1,65+,0.0,2021-01-01,2021Q1
Uganda,UGA,AFR,LIC,2021,2,65+,0.0,2021-02-01,2021Q1
Uganda,UGA,AFR,LIC,2021,8,65+,0.0,2021-08-01,2021Q3
Uganda,UGA,AFR,LIC,2021,4,65+,0.0,2021-04-01,2021Q2
Canada,CAN,AMR,HIC,2021,11,65+,386.0,2021-11-01,2021Q4
Uganda,UGA,AFR,LIC,2021,3,65+,0.0,2021-03-01,2021Q1
Cayman Islands,CYM,AMR,HIC,2021,8,65+,0.0,2021-08-01,2021Q3
Cayman Islands,CYM,AMR,HIC,2021,4,65+,0.0,2021-04-01,2021Q2
Cayman Islands,CYM,AMR,HIC,2021,6,65+,0.0,2021-06-01,2021Q2
Cayman Islands,CYM,AMR,HIC,2021,1,65+,0.0,2021-01-01,2021Q1
Cayman Islands,CYM,AMR,HIC,2021,2,65+,0.0,2021-02-01,2021Q1
Colombia,COL,AMR,UMC,2021,1,65+,6771.0,2021-01-01,2021Q1
Colombia,COL,AMR,UMC,2021,3,65+,4657.0,2021-03-01,2021Q1
Colombia,COL,AMR,UMC,2021,4,65+,8116.0,2021-04-01,2021Q2
Colombia,COL,AMR,UMC,2021,9,65+,618.0,2021-09-01,2021Q3
Colombia,COL,AMR,UMC,2021,10,65+,633.0,2021-10-01,2021Q4
Colombia,COL,AMR,UMC,2021,12,65+,1163.0,2021-12-01,2021Q4
Colombia,COL,AMR,UMC,2021,5,65+,6703.0,2021-05-01,2021Q2
Colombia,COL,AMR,UMC,2021,2,65+,2155.0,2021-02-01,2021Q1
Colombia,COL,AMR,UMC,2021,7,65+,3967.0,2021-07-01,2021Q3
Colombia,COL,AMR,UMC,2021,6,65+,9595.0,2021-06-01,2021Q2
Colombia,COL,AMR,UMC,2021,8,65+,985.0,2021-08-01,2021Q3
Turkey,TUR,EUR,UMC,2021,4,65+,5120.0,2021-04-01,2021Q2
Turkey,TUR,EUR,UMC,2021,12,65+,4970.0,2021-12-01,2021Q4
Turkey,TUR,EUR,UMC,2021,6,65+,1697.0,2021-06-01,2021Q2
Turkey,TUR,EUR,UMC,2021,3,65+,2667.0,2021-03-01,2021Q1
Turkey,TUR,EUR,UMC,2021,2,65+,2021.0,2021-02-01,2021Q1
China,CHN,WPR,UMC,2021,7,65+,0.0,2021-07-01,2021Q3
Turkey,TUR,EUR,UMC,2021,11,65+,4570.0,2021-11-01,2021Q4
Turkey,TUR,EUR,UMC,2021,8,65+,3461.0,2021-08-01,2021Q3
Turkey,TUR,EUR,UMC,2021,10,65+,4559.0,2021-10-01,2021Q4
Turkey,TUR,EUR,UMC,2021,7,65+,1092.0,2021-07-01,2021Q3
Turkey,TUR,EUR,UMC,2021,9,65+,6285.0,2021-09-01,2021Q3
Turkey,TUR,EUR,UMC,2021,1,65+,3482.0,2021-01-01,2021Q1
Turkey,TUR,EUR,UMC,2021,5,65+,3788.0,2021-05-01,2021Q2
Trinidad and Tobago,TTO,AMR,HIC,2021,8,65+,112.0,2021-08-01,2021Q3
Trinidad and Tobago,TTO,AMR,HIC,2021,12,65+,117.0,2021-12-01,2021Q4
Trinidad and Tobago,TTO,AMR,HIC,2021,11,65+,261.0,2021-11-01,2021Q4
Trinidad and Tobago,TTO,AMR,HIC,2021,4,65+,29.0,2021-04-01,2021Q2
Trinidad and Tobago,TTO,AMR,HIC,2021,3,65+,9.0,2021-03-01,2021Q1
Trinidad and Tobago,TTO,AMR,HIC,2021,9,65+,103.0,2021-09-01,2021Q3
Trinidad and Tobago,TTO,AMR,HIC,2021,5,65+,149.0,2021-05-01,2021Q2
Trinidad and Tobago,TTO,AMR,HIC,2021,2,65+,13.0,2021-02-01,2021Q1
Trinidad and Tobago,TTO,AMR,HIC,2021,6,65+,181.0,2021-06-01,2021Q2
Trinidad and Tobago,TTO,AMR,HIC,2021,1,65+,13.0,2021-01-01,2021Q1
Trinidad and Tobago,TTO,AMR,HIC,2021,10,65+,125.0,2021-10-01,2021Q4
Trinidad and Tobago,TTO,AMR,HIC,2021,7,65+,100.0,2021-07-01,2021Q3
Portugal,PRT,EUR,HIC,2021,7,65+,221.0,2021-07-01,2021Q3
Nepal,NPL,SEAR,LMC,2021,3,65+,131.0,2021-03-01,2021Q1
Portugal,PRT,EUR,HIC,2021,11,65+,251.0,2021-11-01,2021Q4
Portugal,PRT,EUR,HIC,2021,10,65+,156.0,2021-10-01,2021Q4
Nepal,NPL,SEAR,LMC,2021,6,65+,792.0,2021-06-01,2021Q2
Nepal,NPL,SEAR,LMC,2021,2,65+,426.0,2021-02-01,2021Q1
Nepal,NPL,SEAR,LMC,2021,1,65+,80.0,2021-01-01,2021Q1
Portugal,PRT,EUR,HIC,2021,4,65+,86.0,2021-04-01,2021Q2
Nepal,NPL,SEAR,LMC,2021,5,65+,1378.0,2021-05-01,2021Q2
Nepal,NPL,SEAR,LMC,2021,4,65+,108.0,2021-04-01,2021Q2
Nepal,NPL,SEAR,LMC,2021,12,65+,46.0,2021-12-01,2021Q4
Nepal,NPL,SEAR,LMC,2021,9,65+,219.0,2021-09-01,2021Q3
Nepal,NPL,SEAR,LMC,2021,11,65+,60.0,2021-11-01,2021Q4
Malta,MLT,EUR,HIC,2021,5,65+,2.0,2021-05-01,2021Q2
Malta,MLT,EUR,HIC,2021,10,65+,2.0,2021-10-01,2021Q4
Malta,MLT,EUR,HIC,2021,8,65+,11.0,2021-08-01,2021Q3
Malta,MLT,EUR,HIC,2021,11,65+,6.0,2021-11-01,2021Q4
Nepal,NPL,SEAR,LMC,2021,10,65+,122.0,2021-10-01,2021Q4
Nepal,NPL,SEAR,LMC,2021,7,65+,292.0,2021-07-01,2021Q3
Nepal,NPL,SEAR,LMC,2021,8,65+,389.0,2021-08-01,2021Q3
Iceland,ISL,EUR,HIC,2021,12,65+,3.0,2021-12-01,2021Q4
Iceland,ISL,EUR,HIC,2021,11,65+,1.0,2021-11-01,2021Q4
Iceland,ISL,EUR,HIC,2021,3,65+,0.0,2021-03-01,2021Q1
Iceland,ISL,EUR,HIC,2021,4,65+,0.0,2021-04-01,2021Q2
Iceland,ISL,EUR,HIC,2021,2,65+,0.0,2021-02-01,2021Q1
Iceland,ISL,EUR,HIC,2021,1,65+,0.0,2021-01-01,2021Q1
Portugal,PRT,EUR,HIC,2021,3,65+,465.0,2021-03-01,2021Q1
Iceland,ISL,EUR,HIC,2021,5,65+,0.0,2021-05-01,2021Q2
Iceland,ISL,EUR,HIC,2021,6,65+,0.0,2021-06-01,2021Q2
Iceland,ISL,EUR,HIC,2021,9,65+,0.0,2021-09-01,2021Q3
Iceland,ISL,EUR,HIC,2021,10,65+,1.0,2021-10-01,2021Q4
Iceland,ISL,EUR,HIC,2021,8,65+,1.0,2021-08-01,2021Q3
Iceland,ISL,EUR,HIC,2021,7,65+,0.0,2021-07-01,2021Q3
Portugal,PRT,EUR,HIC,2021,9,65+,227.0,2021-09-01,2021Q3
Portugal,PRT,EUR,HIC,2021,5,65+,36.0,2021-05-01,2021Q2
Portugal,PRT,EUR,HIC,2021,12,65+,516.0,2021-12-01,2021Q4
Portugal,PRT,EUR,HIC,2021,1,65+,5190.0,2021-01-01,2021Q1
Portugal,PRT,EUR,HIC,2021,2,65+,3278.0,2021-02-01,2021Q1
Malta,MLT,EUR,HIC,2021,9,65+,15.0,2021-09-01,2021Q3
Indonesia,IDN,WPR,UMC,2021,4,65+,0.0,2021-04-01,2021Q2
Indonesia,IDN,WPR,UMC,2021,7,65+,0.0,2021-07-01,2021Q3
Indonesia,IDN,WPR,UMC,2021,12,65+,0.0,2021-12-01,2021Q4
Indonesia,IDN,WPR,UMC,2021,6,65+,0.0,2021-06-01,2021Q2
Indonesia,IDN,WPR,UMC,2021,11,65+,0.0,2021-11-01,2021Q4
Indonesia,IDN,WPR,UMC,2021,5,65+,0.0,2021-05-01,2021Q2
Indonesia,IDN,WPR,UMC,2021,1,65+,0.0,2021-01-01,2021Q1
Indonesia,IDN,WPR,UMC,2021,9,65+,0.0,2021-09-01,2021Q3
Indonesia,IDN,WPR,UMC,2021,3,65+,0.0,2021-03-01,2021Q1
Indonesia,IDN,WPR,UMC,2021,8,65+,0.0,2021-08-01,2021Q3
Indonesia,IDN,WPR,UMC,2021,2,65+,0.0,2021-02-01,2021Q1
Indonesia,IDN,WPR,UMC,2021,10,65+,0.0,2021-10-01,2021Q4
Portugal,PRT,EUR,HIC,2021,8,65+,304.0,2021-08-01,2021Q3
Portugal,PRT,EUR,HIC,2021,6,65+,81.0,2021-06-01,2021Q2
Luxembourg,LUX,EUR,HIC,2021,1,65+,37.0,2021-01-01,2021Q1
Luxembourg,LUX,EUR,HIC,2021,3,65+,84.0,2021-03-01,2021Q1
Malta,MLT,EUR,HIC,2021,2,65+,14.0,2021-02-01,2021Q1
Luxembourg,LUX,EUR,HIC,2021,8,65+,4.0,2021-08-01,2021Q3
Luxembourg,LUX,EUR,HIC,2021,7,65+,6.0,2021-07-01,2021Q3
Luxembourg,LUX,EUR,HIC,2021,12,65+,31.0,2021-12-01,2021Q4
Malta,MLT,EUR,HIC,2021,7,65+,2.0,2021-07-01,2021Q3
Malta,MLT,EUR,HIC,2021,12,65+,2.0,2021-12-01,2021Q4
Malta,MLT,EUR,HIC,2021,6,65+,1.0,2021-06-01,2021Q2
Malta,MLT,EUR,HIC,2021,3,65+,6.0,2021-03-01,2021Q1
Malta,MLT,EUR,HIC,2021,1,65+,17.0,2021-01-01,2021Q1
Malta,MLT,EUR,HIC,2021,4,65+,7.0,2021-04-01,2021Q2
Latvia,LVA,EUR,HIC,2021,5,65+,138.0,2021-05-01,2021Q2
Honduras,HND,AMR,LMC,2021,1,65+,0.0,2021-01-01,2021Q1
Latvia,LVA,EUR,HIC,2021,11,65+,591.0,2021-11-01,2021Q4
Latvia,LVA,EUR,HIC,2021,2,65+,313.0,2021-02-01,2021Q1
Latvia,LVA,EUR,HIC,2021,10,65+,464.0,2021-10-01,2021Q4
Jersey,JEY,EUR,,2021,3,65+,0.0,2021-03-01,2021Q1
Honduras,HND,AMR,LMC,2021,11,65+,0.0,2021-11-01,2021Q4
Honduras,HND,AMR,LMC,2021,10,65+,0.0,2021-10-01,2021Q4
Honduras,HND,AMR,LMC,2021,7,65+,0.0,2021-07-01,2021Q3
Honduras,HND,AMR,LMC,2021,9,65+,0.0,2021-09-01,2021Q3
Honduras,HND,AMR,LMC,2021,8,65+,0.0,2021-08-01,2021Q3
Honduras,HND,AMR,LMC,2021,12,65+,0.0,2021-12-01,2021Q4
Honduras,HND,AMR,LMC,2021,6,65+,0.0,2021-06-01,2021Q2
Honduras,HND,AMR,LMC,2021,5,65+,1.0,2021-05-01,2021Q2
Latvia,LVA,EUR,HIC,2021,7,65+,14.0,2021-07-01,2021Q3
Latvia,LVA,EUR,HIC,2021,6,65+,75.0,2021-06-01,2021Q2
Jersey,JEY,EUR,,2021,2,65+,0.0,2021-02-01,2021Q1
Honduras,HND,AMR,LMC,2021,2,65+,0.0,2021-02-01,2021Q1
Honduras,HND,AMR,LMC,2021,3,65+,0.0,2021-03-01,2021Q1
Honduras,HND,AMR,LMC,2021,4,65+,0.0,2021-04-01,2021Q2
North Macedonia,MKD,EUR,UMC,2021,6,65+,29.0,2021-06-01,2021Q2
North Macedonia,MKD,EUR,UMC,2021,5,65+,188.0,2021-05-01,2021Q2
North Macedonia,MKD,EUR,UMC,2021,9,65+,584.0,2021-09-01,2021Q3
North Macedonia,MKD,EUR,UMC,2021,8,65+,308.0,2021-08-01,2021Q3
North Macedonia,MKD,EUR,UMC,2021,1,65+,261.0,2021-01-01,2021Q1
North Macedonia,MKD,EUR,UMC,2021,3,65+,693.0,2021-03-01,2021Q1
North Macedonia,MKD,EUR,UMC,2021,2,65+,227.0,2021-02-01,2021Q1
North Macedonia,MKD,EUR,UMC,2021,4,65+,756.0,2021-04-01,2021Q2
Hungary,HUN,EUR,HIC,2021,8,65+,24.0,2021-08-01,2021Q3
Hungary,HUN,EUR,HIC,2021,12,65+,3706.0,2021-12-01,2021Q4
Hungary,HUN,EUR,HIC,2021,3,65+,5679.0,2021-03-01,2021Q1
Hungary,HUN,EUR,HIC,2021,11,65+,2834.0,2021-11-01,2021Q4
Hungary,HUN,EUR,HIC,2021,10,65+,590.0,2021-10-01,2021Q4
Hungary,HUN,EUR,HIC,2021,9,65+,156.0,2021-09-01,2021Q3
Hungary,HUN,EUR,HIC,2021,4,65+,3270.0,2021-04-01,2021Q2
Hungary,HUN,EUR,HIC,2021,7,65+,18.0,2021-07-01,2021Q3
Hungary,HUN,EUR,HIC,2021,5,65+,874.0,2021-05-01,2021Q2
Hungary,HUN,EUR,HIC,2021,6,65+,145.0,2021-06-01,2021Q2
Jersey,JEY,EUR,,2021,1,65+,0.0,2021-01-01,2021Q1
Hungary,HUN,EUR,HIC,2021,1,65+,2194.0,2021-01-01,2021Q1
Hungary,HUN,EUR,HIC,2021,2,65+,1940.0,2021-02-01,2021Q1
Jamaica,JAM,AMR,UMC,2021,12,65+,56.0,2021-12-01,2021Q4
Lebanon,LBN,EMR,LMC,2021,1,65+,0.0,2021-01-01,2021Q1
Malaysia,MYS,WPR,UMC,2021,2,65+,180.0,2021-02-01,2021Q1
Malaysia,MYS,WPR,UMC,2021,1,65+,155.0,2021-01-01,2021Q1
Malaysia,MYS,WPR,UMC,2021,3,65+,98.0,2021-03-01,2021Q1
Israel,ISR,EUR,HIC,2021,10,65+,192.0,2021-10-01,2021Q4
Italy,ITA,EUR,HIC,2021,2,65+,7925.0,2021-02-01,2021Q1
Malaysia,MYS,WPR,UMC,2021,4,65+,200.0,2021-04-01,2021Q2
Italy,ITA,EUR,HIC,2021,1,65+,11533.0,2021-01-01,2021Q1
Malaysia,MYS,WPR,UMC,2021,7,65+,1617.0,2021-07-01,2021Q3
Israel,ISR,EUR,HIC,2021,2,65+,780.0,2021-02-01,2021Q1
Israel,ISR,EUR,HIC,2021,12,65+,34.0,2021-12-01,2021Q4
Israel,ISR,EUR,HIC,2021,11,65+,53.0,2021-11-01,2021Q4
Israel,ISR,EUR,HIC,2021,5,65+,18.0,2021-05-01,2021Q2
Israel,ISR,EUR,HIC,2021,8,65+,516.0,2021-08-01,2021Q3
Israel,ISR,EUR,HIC,2021,4,65+,99.0,2021-04-01,2021Q2
Israel,ISR,EUR,HIC,2021,9,65+,644.0,2021-09-01,2021Q3
Israel,ISR,EUR,HIC,2021,6,65+,4.0,2021-06-01,2021Q2
Israel,ISR,EUR,HIC,2021,7,65+,59.0,2021-07-01,2021Q3
Israel,ISR,EUR,HIC,2021,1,65+,1184.0,2021-01-01,2021Q1
Italy,ITA,EUR,HIC,2021,4,65+,8374.0,2021-04-01,2021Q2
Italy,ITA,EUR,HIC,2021,3,65+,12245.0,2021-03-01,2021Q1
Italy,ITA,EUR,HIC,2021,5,65+,3368.0,2021-05-01,2021Q2
Malaysia,MYS,WPR,UMC,2021,10,65+,1233.0,2021-10-01,2021Q4
Malaysia,MYS,WPR,UMC,2021,12,65+,687.0,2021-12-01,2021Q4
Malaysia,MYS,WPR,UMC,2021,8,65+,2697.0,2021-08-01,2021Q3
Malaysia,MYS,WPR,UMC,2021,5,65+,977.0,2021-05-01,2021Q2
Malaysia,MYS,WPR,UMC,2021,6,65+,1378.0,2021-06-01,2021Q2
Malaysia,MYS,WPR,UMC,2021,9,65+,3992.0,2021-09-01,2021Q3
Malaysia,MYS,WPR,UMC,2021,11,65+,840.0,2021-11-01,2021Q4
Peru,PER,AMR,UMC,2021,11,65+,700.0,2021-11-01,2021Q4
Peru,PER,AMR,UMC,2021,8,65+,878.0,2021-08-01,2021Q3
Peru,PER,AMR,UMC,2021,7,65+,1220.0,2021-07-01,2021Q3
Peru,PER,AMR,UMC,2021,5,65+,8319.0,2021-05-01,2021Q2
Peru,PER,AMR,UMC,2021,3,65+,12915.0,2021-03-01,2021Q1
Peru,PER,AMR,UMC,2021,9,65+,779.0,2021-09-01,2021Q3
Peru,PER,AMR,UMC,2021,6,65+,4304.0,2021-06-01,2021Q2
Peru,PER,AMR,UMC,2021,1,65+,6276.0,2021-01-01,2021Q1
Peru,PER,AMR,UMC,2021,4,65+,11883.0,2021-04-01,2021Q2
Peru,PER,AMR,UMC,2021,2,65+,10351.0,2021-02-01,2021Q1
Qatar,QAT,EMR,HIC,2021,2,65+,7.0,2021-02-01,2021Q1
Qatar,QAT,EMR,HIC,2021,4,65+,14.0,2021-04-01,2021Q2
Peru,PER,AMR,UMC,2021,10,65+,617.0,2021-10-01,2021Q4
Qatar,QAT,EMR,HIC,2021,1,65+,3.0,2021-01-01,2021Q1
Qatar,QAT,EMR,HIC,2021,12,65+,1.0,2021-12-01,2021Q4
Israel,ISR,EUR,HIC,2021,3,65+,379.0,2021-03-01,2021Q1
Qatar,QAT,EMR,HIC,2021,11,65+,3.0,2021-11-01,2021Q4
Qatar,QAT,EMR,HIC,2021,7,65+,1.0,2021-07-01,2021Q3
Qatar,QAT,EMR,HIC,2021,5,65+,1.0,2021-05-01,2021Q2
Qatar,QAT,EMR,HIC,2021,8,65+,2.0,2021-08-01,2021Q3
Qatar,QAT,EMR,HIC,2021,9,65+,2.0,2021-09-01,2021Q3
Peru,PER,AMR,UMC,2021,12,65+,983.0,2021-12-01,2021Q4
Qatar,QAT,EMR,HIC,2021,3,65+,14.0,2021-03-01,2021Q1
Qatar,QAT,EMR,HIC,2021,10,65+,0.0,2021-10-01,2021Q4
Qatar,QAT,EMR,HIC,2021,6,65+,2.0,2021-06-01,2021Q2
Italy,ITA,EUR,HIC,2021,7,65+,239.0,2021-07-01,2021Q3
Italy,ITA,EUR,HIC,2021,12,65+,3977.0,2021-12-01,2021Q4
Italy,ITA,EUR,HIC,2021,8,65+,881.0,2021-08-01,2021Q3
Italy,ITA,EUR,HIC,2021,11,65+,1455.0,2021-11-01,2021Q4
Italy,ITA,EUR,HIC,2021,9,65+,1491.0,2021-09-01,2021Q3
Romania,ROU,EUR,HIC,2021,1,65+,2032.0,2021-01-01,2021Q1
Netherlands (Kingdom of the),NLD,EUR,HIC,2021,6,65+,87.0,2021-06-01,2021Q2
Jamaica,JAM,AMR,UMC,2021,1,65+,31.0,2021-01-01,2021Q1
Netherlands (Kingdom of the),NLD,EUR,HIC,2021,1,65+,2068.0,2021-01-01,2021Q1
Netherlands (Kingdom of the),NLD,EUR,HIC,2021,2,65+,1417.0,2021-02-01,2021Q1
Romania,ROU,EUR,HIC,2021,11,65+,5746.0,2021-11-01,2021Q4
Netherlands (Kingdom of the),NLD,EUR,HIC,2021,3,65+,813.0,2021-03-01,2021Q1
Jamaica,JAM,AMR,UMC,2021,5,65+,85.0,2021-05-01,2021Q2
Jamaica,JAM,AMR,UMC,2021,7,65+,89.0,2021-07-01,2021Q3
Jamaica,JAM,AMR,UMC,2021,8,65+,341.0,2021-08-01,2021Q3
Jamaica,JAM,AMR,UMC,2021,9,65+,394.0,2021-09-01,2021Q3
Jamaica,JAM,AMR,UMC,2021,10,65+,121.0,2021-10-01,2021Q4
Romania,ROU,EUR,HIC,2021,12,65+,1418.0,2021-12-01,2021Q4
Jamaica,JAM,AMR,UMC,2021,6,65+,63.0,2021-06-01,2021Q2
Jamaica,JAM,AMR,UMC,2021,2,65+,108.0,2021-02-01,2021Q1
Jamaica,JAM,AMR,UMC,2021,3,65+,247.0,2021-03-01,2021Q1
Jamaica,JAM,AMR,UMC,2021,11,65+,60.0,2021-11-01,2021Q4
Jamaica,JAM,AMR,UMC,2021,4,65+,115.0,2021-04-01,2021Q2
Romania,ROU,EUR,HIC,2021,10,65+,8609.0,2021-10-01,2021Q4
Romania,ROU,EUR,HIC,2021,3,65+,3533.0,2021-03-01,2021Q1
Romania,ROU,EUR,HIC,2021,6,65+,301.0,2021-06-01,2021Q2
Romania,ROU,EUR,HIC,2021,7,65+,40.0,2021-07-01,2021Q3
Romania,ROU,EUR,HIC,2021,5,65+,1354.0,2021-05-01,2021Q2
Romania,ROU,EUR,HIC,2021,2,65+,1683.0,2021-02-01,2021Q1
Romania,ROU,EUR,HIC,2021,4,65+,3282.0,2021-04-01,2021Q2
Romania,ROU,EUR,HIC,2021,9,65+,2637.0,2021-09-01,2021Q3
Netherlands (Kingdom of the),NLD,EUR,HIC,2021,8,65+,154.0,2021-08-01,2021Q3
Netherlands (Kingdom of the),NLD,EUR,HIC,2021,5,65+,305.0,2021-05-01,2021Q2
Netherlands (Kingdom of the),NLD,EUR,HIC,2021,9,65+,146.0,2021-09-01,2021Q3
Netherlands (Kingdom of the),NLD,EUR,HIC,2021,7,65+,74.0,2021-07-01,2021Q3
Netherlands (Kingdom of the),NLD,EUR,HIC,2021,4,65+,485.0,2021-04-01,2021Q2
Netherlands (Kingdom of the),NLD,EUR,HIC,2021,10,65+,276.0,2021-10-01,2021Q4
Romania,ROU,EUR,HIC,2021,8,65+,186.0,2021-08-01,2021Q3
Netherlands (Kingdom of the),NLD,EUR,HIC,2021,12,65+,1350.0,2021-12-01,2021Q4
Netherlands (Kingdom of the),NLD,EUR,HIC,2021,11,65+,1093.0,2021-11-01,2021Q4
Paraguay,PRY,AMR,UMC,2021,4,65+,0.0,2021-04-01,2021Q2
Paraguay,PRY,AMR,UMC,2021,3,65+,0.0,2021-03-01,2021Q1
Paraguay,PRY,AMR,UMC,2021,5,65+,0.0,2021-05-01,2021Q2
Paraguay,PRY,AMR,UMC,2021,10,65+,0.0,2021-10-01,2021Q4
Paraguay,PRY,AMR,UMC,2021,11,65+,0.0,2021-11-01,2021Q4
Paraguay,PRY,AMR,UMC,2021,9,65+,0.0,2021-09-01,2021Q3
Italy,ITA,EUR,HIC,2021,6,65+,925.0,2021-06-01,2021Q2
Paraguay,PRY,AMR,UMC,2021,7,65+,0.0,2021-07-01,2021Q3
Italy,ITA,EUR,HIC,2021,10,65+,817.0,2021-10-01,2021Q4
Paraguay,PRY,AMR,UMC,2021,6,65+,0.0,2021-06-01,2021Q2
Paraguay,PRY,AMR,UMC,2021,12,65+,0.0,2021-12-01,2021Q4
Paraguay,PRY,AMR,UMC,2021,2,65+,0.0,2021-02-01,2021Q1
Paraguay,PRY,AMR,UMC,2021,8,65+,0.0,2021-08-01,2021Q3
Maldives,MDV,SEAR,UMC,2021,7,65+,4.0,2021-07-01,2021Q3
Maldives,MDV,SEAR,UMC,2021,4,65+,4.0,2021-04-01,2021Q2
Maldives,MDV,SEAR,UMC,2021,3,65+,5.0,2021-03-01,2021Q1
Maldives,MDV,SEAR,UMC,2021,2,65+,8.0,2021-02-01,2021Q1
Republic of Moldova,MDA,EUR,UMC,2021,12,65+,414.0,2021-12-01,2021Q4
Maldives,MDV,SEAR,UMC,2021,12,65+,5.0,2021-12-01,2021Q4
Maldives,MDV,SEAR,UMC,2021,6,65+,27.0,2021-06-01,2021Q2
Maldives,MDV,SEAR,UMC,2021,8,65+,4.0,2021-08-01,2021Q3
Maldives,MDV,SEAR,UMC,2021,9,65+,5.0,2021-09-01,2021Q3
Maldives,MDV,SEAR,UMC,2021,10,65+,7.0,2021-10-01,2021Q4
Maldives,MDV,SEAR,UMC,2021,11,65+,6.0,2021-11-01,2021Q4
Republic of Moldova,MDA,EUR,UMC,2021,10,65+,464.0,2021-10-01,2021Q4
Republic of Moldova,MDA,EUR,UMC,2021,5,65+,102.0,2021-05-01,2021Q2
Paraguay,PRY,AMR,UMC,2021,1,65+,0.0,2021-01-01,2021Q1
Republic of Moldova,MDA,EUR,UMC,2021,6,65+,43.0,2021-06-01,2021Q2
Republic of Moldova,MDA,EUR,UMC,2021,11,65+,474.0,2021-11-01,2021Q4
Republic of Moldova,MDA,EUR,UMC,2021,9,65+,253.0,2021-09-01,2021Q3
Republic of Moldova,MDA,EUR,UMC,2021,7,65+,34.0,2021-07-01,2021Q3
Republic of Moldova,MDA,EUR,UMC,2021,3,65+,632.0,2021-03-01,2021Q1
Maldives,MDV,SEAR,UMC,2021,1,65+,5.0,2021-01-01,2021Q1
Republic of Moldova,MDA,EUR,UMC,2021,4,65+,383.0,2021-04-01,2021Q2
Maldives,MDV,SEAR,UMC,2021,5,65+,54.0,2021-05-01,2021Q2
Republic of Moldova,MDA,EUR,UMC,2021,1,65+,191.0,2021-01-01,2021Q1
Republic of Moldova,MDA,EUR,UMC,2021,8,65+,63.0,2021-08-01,2021Q3
Republic of Moldova,MDA,EUR,UMC,2021,2,65+,298.0,2021-02-01,2021Q1
Liechtenstein,LIE,EUR,HIC,2021,2,65+,2.0,2021-02-01,2021Q1
Guatemala,GTM,AMR,UMC,2021,4,65+,80.0,2021-04-01,2021Q2
Guatemala,GTM,AMR,UMC,2021,3,65+,210.0,2021-03-01,2021Q1
Guatemala,GTM,AMR,UMC,2021,1,65+,81.0,2021-01-01,2021Q1
Guatemala,GTM,AMR,UMC,2021,6,65+,65.0,2021-06-01,2021Q2
Niger,NER,AFR,LIC,2021,2,65+,0.0,2021-02-01,2021Q1
Liechtenstein,LIE,EUR,HIC,2021,1,65+,10.0,2021-01-01,2021Q1
Saint Lucia,LCA,AMR,UMC,2021,2,65+,16.0,2021-02-01,2021Q1
Saint Lucia,LCA,AMR,UMC,2021,3,65+,7.0,2021-03-01,2021Q1
Saint Lucia,LCA,AMR,UMC,2021,1,65+,6.0,2021-01-01,2021Q1
Guatemala,GTM,AMR,UMC,2021,5,65+,46.0,2021-05-01,2021Q2
Guatemala,GTM,AMR,UMC,2021,9,65+,132.0,2021-09-01,2021Q3
Guatemala,GTM,AMR,UMC,2021,8,65+,104.0,2021-08-01,2021Q3
Guatemala,GTM,AMR,UMC,2021,10,65+,27.0,2021-10-01,2021Q4
Guatemala,GTM,AMR,UMC,2021,2,65+,102.0,2021-02-01,2021Q1
Guatemala,GTM,AMR,UMC,2021,7,65+,86.0,2021-07-01,2021Q3
Anguilla,AIA,AMR,,2021,8,65+,0.0,2021-08-01,2021Q3
Iraq,IRQ,EMR,UMC,2021,2,65+,190.0,2021-02-01,2021Q1
Iraq,IRQ,EMR,UMC,2021,4,65+,157.0,2021-04-01,2021Q2
Iraq,IRQ,EMR,UMC,2021,1,65+,85.0,2021-01-01,2021Q1
Liechtenstein,LIE,EUR,HIC,2021,11,65+,0.0,2021-11-01,2021Q4
Liechtenstein,LIE,EUR,HIC,2021,3,65+,1.0,2021-03-01,2021Q1
Liechtenstein,LIE,EUR,HIC,2021,5,65+,0.0,2021-05-01,2021Q2
Liechtenstein,LIE,EUR,HIC,2021,9,65+,0.0,2021-09-01,2021Q3
Niger,NER,AFR,LIC,2021,3,65+,0.0,2021-03-01,2021Q1
Niger,NER,AFR,LIC,2021,4,65+,0.0,2021-04-01,2021Q2
Liechtenstein,LIE,EUR,HIC,2021,6,65+,1.0,2021-06-01,2021Q2
Niger,NER,AFR,LIC,2021,1,65+,0.0,2021-01-01,2021Q1
Mexico,MEX,AMR,UMC,2021,10,65+,2876.0,2021-10-01,2021Q4
Mexico,MEX,AMR,UMC,2021,6,65+,1476.0,2021-06-01,2021Q2
Saint Kitts and Nevis,KNA,AMR,HIC,2021,12,65+,0.0,2021-12-01,2021Q4
Mexico,MEX,AMR,UMC,2021,12,65+,1955.0,2021-12-01,2021Q4
Mexico,MEX,AMR,UMC,2021,11,65+,1840.0,2021-11-01,2021Q4
Mexico,MEX,AMR,UMC,2021,3,65+,5728.0,2021-03-01,2021Q1
Saint Kitts and Nevis,KNA,AMR,HIC,2021,10,65+,5.0,2021-10-01,2021Q4
Mexico,MEX,AMR,UMC,2021,7,65+,3152.0,2021-07-01,2021Q3
Mexico,MEX,AMR,UMC,2021,1,65+,15285.0,2021-01-01,2021Q1
Saint Kitts and Nevis,KNA,AMR,HIC,2021,6,65+,1.0,2021-06-01,2021Q2
Mexico,MEX,AMR,UMC,2021,9,65+,6965.0,2021-09-01,2021Q3
Mexico,MEX,AMR,UMC,2021,8,65+,7522.0,2021-08-01,2021Q3
Mexico,MEX,AMR,UMC,2021,4,65+,2465.0,2021-04-01,2021Q2
Saint Kitts and Nevis,KNA,AMR,HIC,2021,8,65+,1.0,2021-08-01,2021Q3
Ireland,IRL,EUR,HIC,2021,1,65+,1278.0,2021-01-01,2021Q1
Mexico,MEX,AMR,UMC,2021,2,65+,8280.0,2021-02-01,2021Q1
Mexico,MEX,AMR,UMC,2021,5,65+,1072.0,2021-05-01,2021Q2
Saint Kitts and Nevis,KNA,AMR,HIC,2021,3,65+,0.0,2021-03-01,2021Q1
Ireland,IRL,EUR,HIC,2021,2,65+,798.0,2021-02-01,2021Q1
Saint Kitts and Nevis,KNA,AMR,HIC,2021,9,65+,8.0,2021-09-01,2021Q3
Oman,OMN,EMR,HIC,2021,12,65+,4.0,2021-12-01,2021Q4
Kyrgyzstan,KGZ,EUR,LMC,2021,8,65+,112.0,2021-08-01,2021Q3
Oman,OMN,EMR,HIC,2021,2,65+,34.0,2021-02-01,2021Q1
Oman,OMN,EMR,HIC,2021,5,65+,86.0,2021-05-01,2021Q2
Kyrgyzstan,KGZ,EUR,LMC,2021,6,65+,53.0,2021-06-01,2021Q2
Oman,OMN,EMR,HIC,2021,6,65+,171.0,2021-06-01,2021Q2
Oman,OMN,EMR,HIC,2021,10,65+,0.0,2021-10-01,2021Q4
Oman,OMN,EMR,HIC,2021,8,65+,8.0,2021-08-01,2021Q3
Oman,OMN,EMR,HIC,2021,3,65+,122.0,2021-03-01,2021Q1
Kyrgyzstan,KGZ,EUR,LMC,2021,7,65+,181.0,2021-07-01,2021Q3
Kyrgyzstan,KGZ,EUR,LMC,2021,10,65+,44.0,2021-10-01,2021Q4
Oman,OMN,EMR,HIC,2021,7,65+,51.0,2021-07-01,2021Q3
Kyrgyzstan,KGZ,EUR,LMC,2021,9,65+,44.0,2021-09-01,2021Q3
Oman,OMN,EMR,HIC,2021,4,65+,191.0,2021-04-01,2021Q2
Oman,OMN,EMR,HIC,2021,1,65+,16.0,2021-01-01,2021Q1
Kyrgyzstan,KGZ,EUR,LMC,2021,12,65+,32.0,2021-12-01,2021Q4
Kyrgyzstan,KGZ,EUR,LMC,2021,11,65+,39.0,2021-11-01,2021Q4
Oman,OMN,EMR,HIC,2021,11,65+,0.0,2021-11-01,2021Q4
Oman,OMN,EMR,HIC,2021,9,65+,5.0,2021-09-01,2021Q3
Kosovo (in accordance with UN Security Council resolution 1244 (1999)),XKX,EUR,UMC,2021,5,65+,39.0,2021-05-01,2021Q2
Kosovo (in accordance with UN Security Council resolution 1244 (1999)),XKX,EUR,UMC,2021,8,65+,82.0,2021-08-01,2021Q3
Kosovo (in accordance with UN Security Council resolution 1244 (1999)),XKX,EUR,UMC,2021,9,65+,193.0,2021-09-01,2021Q3
Kosovo (in accordance with UN Security Council resolution 1244 (1999)),XKX,EUR,UMC,2021,11,65+,6.0,2021-11-01,2021Q4
Norway,NOR,EUR,HIC,2021,8,65+,0.0,2021-08-01,2021Q3
Norway,NOR,EUR,HIC,2021,6,65+,0.0,2021-06-01,2021Q2
Norway,NOR,EUR,HIC,2021,11,65+,0.0,2021-11-01,2021Q4
Norway,NOR,EUR,HIC,2021,12,65+,0.0,2021-12-01,2021Q4
Norway,NOR,EUR,HIC,2021,10,65+,0.0,2021-10-01,2021Q4
Norway,NOR,EUR,HIC,2021,9,65+,0.0,2021-09-01,2021Q3
Norway,NOR,EUR,HIC,2021,7,65+,0.0,2021-07-01,2021Q3
Anguilla,AIA,AMR,,2021,1,65+,0.0,2021-01-01,2021Q1
Montenegro,MNE,EUR,UMC,2021,12,65+,106.0,2021-12-01,2021Q4
Montenegro,MNE,EUR,UMC,2021,11,65+,143.0,2021-11-01,2021Q4
Kosovo (in accordance with UN Security Council resolution 1244 (1999)),XKX,EUR,UMC,2021,12,65+,4.0,2021-12-01,2021Q4
Liechtenstein,LIE,EUR,HIC,2021,12,65+,7.0,2021-12-01,2021Q4
Anguilla,AIA,AMR,,2021,4,65+,0.0,2021-04-01,2021Q2
Montenegro,MNE,EUR,UMC,2021,9,65+,156.0,2021-09-01,2021Q3
Montenegro,MNE,EUR,UMC,2021,5,65+,66.0,2021-05-01,2021Q2
Montenegro,MNE,EUR,UMC,2021,6,65+,32.0,2021-06-01,2021Q2
Montenegro,MNE,EUR,UMC,2021,7,65+,10.0,2021-07-01,2021Q3
Montenegro,MNE,EUR,UMC,2021,8,65+,39.0,2021-08-01,2021Q3
Montenegro,MNE,EUR,UMC,2021,4,65+,175.0,2021-04-01,2021Q2
Montenegro,MNE,EUR,UMC,2021,10,65+,125.0,2021-10-01,2021Q4
Montenegro,MNE,EUR,UMC,2021,1,65+,101.0,2021-01-01,2021Q1
Kosovo (in accordance with UN Security Council resolution 1244 (1999)),XKX,EUR,UMC,2021,10,65+,11.0,2021-10-01,2021Q4
Liechtenstein,LIE,EUR,HIC,2021,7,65+,0.0,2021-07-01,2021Q3
Montenegro,MNE,EUR,UMC,2021,3,65+,257.0,2021-03-01,2021Q1
Montenegro,MNE,EUR,UMC,2021,2,65+,149.0,2021-02-01,2021Q1
Liechtenstein,LIE,EUR,HIC,2021,10,65+,1.0,2021-10-01,2021Q4
Iraq,IRQ,EMR,UMC,2021,6,65+,70.0,2021-06-01,2021Q2
Norway,NOR,EUR,HIC,2021,1,65+,0.0,2021-01-01,2021Q1
Iraq,IRQ,EMR,UMC,2021,10,65+,31.0,2021-10-01,2021Q4
Iraq,IRQ,EMR,UMC,2021,11,65+,6.0,2021-11-01,2021Q4
Iraq,IRQ,EMR,UMC,2021,9,65+,140.0,2021-09-01,2021Q3
Iraq,IRQ,EMR,UMC,2021,8,65+,293.0,2021-08-01,2021Q3
Iraq,IRQ,EMR,UMC,2021,5,65+,39.0,2021-05-01,2021Q2
Norway,NOR,EUR,HIC,2021,2,65+,0.0,2021-02-01,2021Q1
Kosovo (in accordance with UN Security Council resolution 1244 (1999)),XKX,EUR,UMC,2021,7,65+,4.0,2021-07-01,2021Q3
Norway,NOR,EUR,HIC,2021,4,65+,0.0,2021-04-01,2021Q2
Kosovo (in accordance with UN Security Council resolution 1244 (1999)),XKX,EUR,UMC,2021,3,65+,256.0,2021-03-01,2021Q1
Norway,NOR,EUR,HIC,2021,3,65+,0.0,2021-03-01,2021Q1
Liechtenstein,LIE,EUR,HIC,2021,8,65+,0.0,2021-08-01,2021Q3
Liechtenstein,LIE,EUR,HIC,2021,4,65+,2.0,2021-04-01,2021Q2
Norway,NOR,EUR,HIC,2021,5,65+,0.0,2021-05-01,2021Q2
Iraq,IRQ,EMR,UMC,2021,3,65+,221.0,2021-03-01,2021Q1
Kosovo (in accordance with UN Security Council resolution 1244 (1999)),XKX,EUR,UMC,2021,6,65+,9.0,2021-06-01,2021Q2
Kosovo (in accordance with UN Security Council resolution 1244 (1999)),XKX,EUR,UMC,2021,4,65+,157.0,2021-04-01,2021Q2
Kosovo (in accordance with UN Security Council resolution 1244 (1999)),XKX,EUR,UMC,2021,1,65+,115.0,2021-01-01,2021Q1
Iraq,IRQ,EMR,UMC,2021,7,65+,234.0,2021-07-01,2021Q3
Kosovo (in accordance with UN Security Council resolution 1244 (1999)),XKX,EUR,UMC,2021,2,65+,73.0,2021-02-01,2021Q1
Philippines,PHL,WPR,LMC,2021,9,65+,5187.0,2021-09-01,2021Q3
Poland,POL,EUR,HIC,2021,11,65+,0.0,2021-11-01,2021Q4
Poland,POL,EUR,HIC,2021,8,65+,0.0,2021-08-01,2021Q3
Poland,POL,EUR,HIC,2021,9,65+,0.0,2021-09-01,2021Q3
Poland,POL,EUR,HIC,2021,12,65+,0.0,2021-12-01,2021Q4
Poland,POL,EUR,HIC,2021,7,65+,0.0,2021-07-01,2021Q3
Philippines,PHL,WPR,LMC,2021,1,65+,596.0,2021-01-01,2021Q1
Latvia,LVA,EUR,HIC,2021,4,65+,131.0,2021-04-01,2021Q2
Philippines,PHL,WPR,LMC,2021,6,65+,2204.0,2021-06-01,2021Q2
Philippines,PHL,WPR,LMC,2021,7,65+,1908.0,2021-07-01,2021Q3
Philippines,PHL,WPR,LMC,2021,8,65+,3290.0,2021-08-01,2021Q3
Philippines,PHL,WPR,LMC,2021,10,65+,2706.0,2021-10-01,2021Q4
Poland,POL,EUR,HIC,2021,10,65+,0.0,2021-10-01,2021Q4
Philippines,PHL,WPR,LMC,2021,11,65+,732.0,2021-11-01,2021Q4
Ireland,IRL,EUR,HIC,2021,5,65+,27.0,2021-05-01,2021Q2
Guyana,GUY,AMR,HIC,2021,9,65+,93.0,2021-09-01,2021Q3
Guyana,GUY,AMR,HIC,2021,7,65+,32.0,2021-07-01,2021Q3
Guyana,GUY,AMR,HIC,2021,4,65+,30.0,2021-04-01,2021Q2
Guyana,GUY,AMR,HIC,2021,6,65+,55.0,2021-06-01,2021Q2
Guyana,GUY,AMR,HIC,2021,2,65+,12.0,2021-02-01,2021Q1
Guyana,GUY,AMR,HIC,2021,12,65+,41.0,2021-12-01,2021Q4
Guyana,GUY,AMR,HIC,2021,11,65+,32.0,2021-11-01,2021Q4
Guyana,GUY,AMR,HIC,2021,8,65+,36.0,2021-08-01,2021Q3
Guyana,GUY,AMR,HIC,2021,10,65+,64.0,2021-10-01,2021Q4
Guyana,GUY,AMR,HIC,2021,5,65+,43.0,2021-05-01,2021Q2
Philippines,PHL,WPR,LMC,2021,12,65+,177.0,2021-12-01,2021Q4
Poland,POL,EUR,HIC,2021,6,65+,0.0,2021-06-01,2021Q2
Luxembourg,LUX,EUR,HIC,2021,10,65+,16.0,2021-10-01,2021Q4
Latvia,LVA,EUR,HIC,2021,1,65+,408.0,2021-01-01,2021Q1
Namibia,NAM,AFR,UMC,2021,2,65+,23.0,2021-02-01,2021Q1
Luxembourg,LUX,EUR,HIC,2021,9,65+,5.0,2021-09-01,2021Q3
Philippines,PHL,WPR,LMC,2021,3,65+,1608.0,2021-03-01,2021Q1
Luxembourg,LUX,EUR,HIC,2021,5,65+,6.0,2021-05-01,2021Q2
Luxembourg,LUX,EUR,HIC,2021,4,65+,22.0,2021-04-01,2021Q2
Philippines,PHL,WPR,LMC,2021,2,65+,538.0,2021-02-01,2021Q1
Namibia,NAM,AFR,UMC,2021,1,65+,10.0,2021-01-01,2021Q1
Philippines,PHL,WPR,LMC,2021,4,65+,2331.0,2021-04-01,2021Q2
North Macedonia,MKD,EUR,UMC,2021,11,65+,331.0,2021-11-01,2021Q4
North Macedonia,MKD,EUR,UMC,2021,12,65+,265.0,2021-12-01,2021Q4
Latvia,LVA,EUR,HIC,2021,9,65+,137.0,2021-09-01,2021Q3
Luxembourg,LUX,EUR,HIC,2021,11,65+,27.0,2021-11-01,2021Q4
Namibia,NAM,AFR,UMC,2021,3,65+,4.0,2021-03-01,2021Q1
North Macedonia,MKD,EUR,UMC,2021,10,65+,268.0,2021-10-01,2021Q4
North Macedonia,MKD,EUR,UMC,2021,7,65+,7.0,2021-07-01,2021Q3
Luxembourg,LUX,EUR,HIC,2021,6,65+,1.0,2021-06-01,2021Q2
Latvia,LVA,EUR,HIC,2021,8,65+,17.0,2021-08-01,2021Q3
Latvia,LVA,EUR,HIC,2021,12,65+,281.0,2021-12-01,2021Q4
Latvia,LVA,EUR,HIC,2021,3,65+,241.0,2021-03-01,2021Q1
Luxembourg,LUX,EUR,HIC,2021,2,65+,61.0,2021-02-01,2021Q1
Philippines,PHL,WPR,LMC,2021,5,65+,2027.0,2021-05-01,2021Q2
Lithuania,LTU,EUR,HIC,2021,1,65+,525.0,2021-01-01,2021Q1
Ireland,IRL,EUR,HIC,2021,8,65+,74.0,2021-08-01,2021Q3
Ireland,IRL,EUR,HIC,2021,4,65+,76.0,2021-04-01,2021Q2
Ireland,IRL,EUR,HIC,2021,7,65+,17.0,2021-07-01,2021Q3
Saint Kitts and Nevis,KNA,AMR,HIC,2021,5,65+,0.0,2021-05-01,2021Q2
Saint Kitts and Nevis,KNA,AMR,HIC,2021,7,65+,0.0,2021-07-01,2021Q3
Saint Kitts and Nevis,KNA,AMR,HIC,2021,11,65+,2.0,2021-11-01,2021Q4
Saint Kitts and Nevis,KNA,AMR,HIC,2021,2,65+,0.0,2021-02-01,2021Q1
Ireland,IRL,EUR,HIC,2021,6,65+,17.0,2021-06-01,2021Q2
Guinea,GIN,AFR,LMC,2021,1,65+,0.0,2021-01-01,2021Q1
Guinea,GIN,AFR,LMC,2021,2,65+,0.0,2021-02-01,2021Q1
Guinea,GIN,AFR,LMC,2021,3,65+,0.0,2021-03-01,2021Q1
Poland,POL,EUR,HIC,2021,3,65+,0.0,2021-03-01,2021Q1
Poland,POL,EUR,HIC,2021,2,65+,0.0,2021-02-01,2021Q1
Lithuania,LTU,EUR,HIC,2021,5,65+,164.0,2021-05-01,2021Q2
Lithuania,LTU,EUR,HIC,2021,3,65+,268.0,2021-03-01,2021Q1
Pakistan,PAK,EMR,LMC,2021,3,65+,16.0,2021-03-01,2021Q1
Poland,POL,EUR,HIC,2021,1,65+,0.0,2021-01-01,2021Q1
Guyana,GUY,AMR,HIC,2021,3,65+,25.0,2021-03-01,2021Q1
Lithuania,LTU,EUR,HIC,2021,4,65+,217.0,2021-04-01,2021Q2
Lithuania,LTU,EUR,HIC,2021,11,65+,1084.0,2021-11-01,2021Q4
Myanmar,MMR,SEAR,LMC,2021,1,65+,69.0,2021-01-01,2021Q1
Lithuania,LTU,EUR,HIC,2021,2,65+,274.0,2021-02-01,2021Q1
Ireland,IRL,EUR,HIC,2021,11,65+,200.0,2021-11-01,2021Q4
Ireland,IRL,EUR,HIC,2021,3,65+,241.0,2021-03-01,2021Q1
Lithuania,LTU,EUR,HIC,2021,6,65+,48.0,2021-06-01,2021Q2
Lithuania,LTU,EUR,HIC,2021,7,65+,29.0,2021-07-01,2021Q3
Lithuania,LTU,EUR,HIC,2021,10,65+,801.0,2021-10-01,2021Q4
Lithuania,LTU,EUR,HIC,2021,9,65+,491.0,2021-09-01,2021Q3
Lithuania,LTU,EUR,HIC,2021,8,65+,186.0,2021-08-01,2021Q3
Poland,POL,EUR,HIC,2021,4,65+,0.0,2021-04-01,2021Q2
Lithuania,LTU,EUR,HIC,2021,12,65+,520.0,2021-12-01,2021Q4
Poland,POL,EUR,HIC,2021,5,65+,0.0,2021-05-01,2021Q2
Ireland,IRL,EUR,HIC,2021,9,65+,192.0,2021-09-01,2021Q3
Ireland,IRL,EUR,HIC,2021,12,65+,201.0,2021-12-01,2021Q4
Guyana,GUY,AMR,HIC,2021,1,65+,6.0,2021-01-01,2021Q1
Ireland,IRL,EUR,HIC,2021,10,65+,187.0,2021-10-01,2021Q4
Bulgaria,BGR,EUR,HIC,2020,10,65+,0.0,2020-10-01,2020Q4
Liechtenstein,LIE,EUR,HIC,2020,3,65+,0.0,2020-03-01,2020Q1
Liechtenstein,LIE,EUR,HIC,2020,4,65+,1.0,2020-04-01,2020Q2
Andorra,AND,EUR,HIC,2020,3,65+,0.0,2020-03-01,2020Q1
Burkina Faso,BFA,AFR,LIC,2020,6,65+,0.0,2020-06-01,2020Q2
Burkina Faso,BFA,AFR,LIC,2020,7,65+,0.0,2020-07-01,2020Q3
Burkina Faso,BFA,AFR,LIC,2020,8,65+,0.0,2020-08-01,2020Q3
Burkina Faso,BFA,AFR,LIC,2020,9,65+,0.0,2020-09-01,2020Q3
Burkina Faso,BFA,AFR,LIC,2020,10,65+,0.0,2020-10-01,2020Q4
Liechtenstein,LIE,EUR,HIC,2020,9,65+,0.0,2020-09-01,2020Q3
Burkina Faso,BFA,AFR,LIC,2020,4,65+,0.0,2020-04-01,2020Q2
Burkina Faso,BFA,AFR,LIC,2020,5,65+,0.0,2020-05-01,2020Q2
Liechtenstein,LIE,EUR,HIC,2020,6,65+,0.0,2020-06-01,2020Q2
Burkina Faso,BFA,AFR,LIC,2020,11,65+,0.0,2020-11-01,2020Q4
Liechtenstein,LIE,EUR,HIC,2020,11,65+,13.0,2020-11-01,2020Q4
Nigeria,NGA,AFR,LMC,2020,3,65+,2.0,2020-03-01,2020Q1
Burkina Faso,BFA,AFR,LIC,2020,12,65+,0.0,2020-12-01,2020Q4
Liechtenstein,LIE,EUR,HIC,2020,8,65+,0.0,2020-08-01,2020Q3
Burkina Faso,BFA,AFR,LIC,2020,3,65+,0.0,2020-03-01,2020Q1
Liechtenstein,LIE,EUR,HIC,2020,7,65+,0.0,2020-07-01,2020Q3
Liechtenstein,LIE,EUR,HIC,2020,12,65+,25.0,2020-12-01,2020Q4
Burkina Faso,BFA,AFR,LIC,2020,2,65+,1.0,2020-02-01,2020Q1
Liechtenstein,LIE,EUR,HIC,2020,5,65+,0.0,2020-05-01,2020Q2
Liechtenstein,LIE,EUR,HIC,2020,10,65+,2.0,2020-10-01,2020Q4
Aruba,ABW,AMR,HIC,2020,10,65+,6.0,2020-10-01,2020Q4
Aruba,ABW,AMR,HIC,2020,12,65+,6.0,2020-12-01,2020Q4
Aruba,ABW,AMR,HIC,2020,11,65+,3.0,2020-11-01,2020Q4
Aruba,ABW,AMR,HIC,2020,9,65+,17.0,2020-09-01,2020Q3
Central African Republic,CAF,AFR,LIC,2020,3,65+,0.0,2020-03-01,2020Q1
Central African Republic,CAF,AFR,LIC,2020,4,65+,0.0,2020-04-01,2020Q2
Central African Republic,CAF,AFR,LIC,2020,5,65+,0.0,2020-05-01,2020Q2
Uganda,UGA,AFR,LIC,2020,6,65+,0.0,2020-06-01,2020Q2
Uganda,UGA,AFR,LIC,2020,4,65+,0.0,2020-04-01,2020Q2
Uganda,UGA,AFR,LIC,2020,12,65+,0.0,2020-12-01,2020Q4
Uganda,UGA,AFR,LIC,2020,7,65+,0.0,2020-07-01,2020Q3
Uganda,UGA,AFR,LIC,2020,5,65+,0.0,2020-05-01,2020Q2
Uganda,UGA,AFR,LIC,2020,8,65+,0.0,2020-08-01,2020Q3
Latvia,LVA,EUR,HIC,2020,11,65+,129.0,2020-11-01,2020Q4
Uganda,UGA,AFR,LIC,2020,3,65+,0.0,2020-03-01,2020Q1
North Macedonia,MKD,EUR,UMC,2020,8,65+,64.0,2020-08-01,2020Q3
North Macedonia,MKD,EUR,UMC,2020,9,65+,89.0,2020-09-01,2020Q3
North Macedonia,MKD,EUR,UMC,2020,6,65+,104.0,2020-06-01,2020Q2
North Macedonia,MKD,EUR,UMC,2020,10,65+,206.0,2020-10-01,2020Q4
North Macedonia,MKD,EUR,UMC,2020,7,65+,118.0,2020-07-01,2020Q3
Uganda,UGA,AFR,LIC,2020,9,65+,0.0,2020-09-01,2020Q3
Uganda,UGA,AFR,LIC,2020,10,65+,0.0,2020-10-01,2020Q4
Uganda,UGA,AFR,LIC,2020,11,65+,0.0,2020-11-01,2020Q4
North Macedonia,MKD,EUR,UMC,2020,12,65+,682.0,2020-12-01,2020Q4
North Macedonia,MKD,EUR,UMC,2020,11,65+,655.0,2020-11-01,2020Q4
Latvia,LVA,EUR,HIC,2020,12,65+,410.0,2020-12-01,2020Q4
Cayman Islands,CYM,AMR,HIC,2020,12,65+,0.0,2020-12-01,2020Q4
Latvia,LVA,EUR,HIC,2020,4,65+,0.0,2020-04-01,2020Q2
Latvia,LVA,EUR,HIC,2020,2,65+,0.0,2020-02-01,2020Q1
Latvia,LVA,EUR,HIC,2020,3,65+,0.0,2020-03-01,2020Q1
Latvia,LVA,EUR,HIC,2020,8,65+,0.0,2020-08-01,2020Q3
Latvia,LVA,EUR,HIC,2020,1,65+,0.0,2020-01-01,2020Q1
Latvia,LVA,EUR,HIC,2020,6,65+,0.0,2020-06-01,2020Q2
Cayman Islands,CYM,AMR,HIC,2020,5,65+,0.0,2020-05-01,2020Q2
Latvia,LVA,EUR,HIC,2020,7,65+,0.0,2020-07-01,2020Q3
Latvia,LVA,EUR,HIC,2020,10,65+,14.0,2020-10-01,2020Q4
Latvia,LVA,EUR,HIC,2020,9,65+,0.0,2020-09-01,2020Q3
Latvia,LVA,EUR,HIC,2020,5,65+,0.0,2020-05-01,2020Q2
Cayman Islands,CYM,AMR,HIC,2020,10,65+,0.0,2020-10-01,2020Q4
Cayman Islands,CYM,AMR,HIC,2020,9,65+,1.0,2020-09-01,2020Q3
Cayman Islands,CYM,AMR,HIC,2020,6,65+,0.0,2020-06-01,2020Q2
Cayman Islands,CYM,AMR,HIC,2020,4,65+,0.0,2020-04-01,2020Q2
Norway,NOR,EUR,HIC,2020,12,65+,0.0,2020-12-01,2020Q4
Norway,NOR,EUR,HIC,2020,10,65+,0.0,2020-10-01,2020Q4
Norway,NOR,EUR,HIC,2020,8,65+,0.0,2020-08-01,2020Q3
Norway,NOR,EUR,HIC,2020,9,65+,0.0,2020-09-01,2020Q3
Norway,NOR,EUR,HIC,2020,11,65+,0.0,2020-11-01,2020Q4
Norway,NOR,EUR,HIC,2020,5,65+,0.0,2020-05-01,2020Q2
Chile,CHL,AMR,HIC,2020,8,65+,1340.0,2020-08-01,2020Q3
Chile,CHL,AMR,HIC,2020,7,65+,2323.0,2020-07-01,2020Q3
Chile,CHL,AMR,HIC,2020,5,65+,3089.0,2020-05-01,2020Q2
Chile,CHL,AMR,HIC,2020,4,65+,619.0,2020-04-01,2020Q2
Chile,CHL,AMR,HIC,2020,3,65+,67.0,2020-03-01,2020Q1
Norway,NOR,EUR,HIC,2020,7,65+,0.0,2020-07-01,2020Q3
Norway,NOR,EUR,HIC,2020,3,65+,0.0,2020-03-01,2020Q1
Norway,NOR,EUR,HIC,2020,4,65+,0.0,2020-04-01,2020Q2
Norway,NOR,EUR,HIC,2020,6,65+,0.0,2020-06-01,2020Q2
Norway,NOR,EUR,HIC,2020,2,65+,0.0,2020-02-01,2020Q1
Turkmenistan,TKM,EUR,UMC,2020,8,65+,0.0,2020-08-01,2020Q3
Turkmenistan,TKM,EUR,UMC,2020,5,65+,0.0,2020-05-01,2020Q2
Turkmenistan,TKM,EUR,UMC,2020,6,65+,0.0,2020-06-01,2020Q2
Turkmenistan,TKM,EUR,UMC,2020,9,65+,0.0,2020-09-01,2020Q3
Turkmenistan,TKM,EUR,UMC,2020,7,65+,0.0,2020-07-01,2020Q3
Chile,CHL,AMR,HIC,2020,11,65+,758.0,2020-11-01,2020Q4
Chile,CHL,AMR,HIC,2020,9,65+,1341.0,2020-09-01,2020Q3
Chile,CHL,AMR,HIC,2020,10,65+,869.0,2020-10-01,2020Q4
Chile,CHL,AMR,HIC,2020,6,65+,4319.0,2020-06-01,2020Q2
Chile,CHL,AMR,HIC,2020,12,65+,1247.0,2020-12-01,2020Q4
Chad,TCD,AFR,LIC,2020,4,65+,0.0,2020-04-01,2020Q2
Turks and Caicos Islands,TCA,AMR,HIC,2020,4,65+,0.0,2020-04-01,2020Q2
Turks and Caicos Islands,TCA,AMR,HIC,2020,3,65+,0.0,2020-03-01,2020Q1
Turks and Caicos Islands,TCA,AMR,HIC,2020,5,65+,0.0,2020-05-01,2020Q2
Turks and Caicos Islands,TCA,AMR,HIC,2020,6,65+,0.0,2020-06-01,2020Q2
Turks and Caicos Islands,TCA,AMR,HIC,2020,8,65+,0.0,2020-08-01,2020Q3
Turks and Caicos Islands,TCA,AMR,HIC,2020,9,65+,1.0,2020-09-01,2020Q3
Turks and Caicos Islands,TCA,AMR,HIC,2020,2,65+,0.0,2020-02-01,2020Q1
Kyrgyzstan,KGZ,EUR,LMC,2020,3,65+,0.0,2020-03-01,2020Q1
Turks and Caicos Islands,TCA,AMR,HIC,2020,1,65+,0.0,2020-01-01,2020Q1
Turks and Caicos Islands,TCA,AMR,HIC,2020,10,65+,0.0,2020-10-01,2020Q4
Turks and Caicos Islands,TCA,AMR,HIC,2020,7,65+,1.0,2020-07-01,2020Q3
Turks and Caicos Islands,TCA,AMR,HIC,2020,11,65+,0.0,2020-11-01,2020Q4
Turks and Caicos Islands,TCA,AMR,HIC,2020,12,65+,0.0,2020-12-01,2020Q4
Liberia,LBR,AFR,LIC,2020,5,65+,0.0,2020-05-01,2020Q2
Liberia,LBR,AFR,LIC,2020,7,65+,0.0,2020-07-01,2020Q3
Liberia,LBR,AFR,LIC,2020,6,65+,0.0,2020-06-01,2020Q2
Liberia,LBR,AFR,LIC,2020,9,65+,0.0,2020-09-01,2020Q3
Liberia,LBR,AFR,LIC,2020,4,65+,0.0,2020-04-01,2020Q2
Liberia,LBR,AFR,LIC,2020,3,65+,0.0,2020-03-01,2020Q1
Liberia,LBR,AFR,LIC,2020,8,65+,0.0,2020-08-01,2020Q3
Aruba,ABW,AMR,HIC,2020,4,65+,2.0,2020-04-01,2020Q2
Aruba,ABW,AMR,HIC,2020,3,65+,0.0,2020-03-01,2020Q1
Libya,LBY,EMR,UMC,2020,4,65+,1.0,2020-04-01,2020Q2
Libya,LBY,EMR,UMC,2020,3,65+,0.0,2020-03-01,2020Q1
United Kingdom of Great Britain and Northern Ireland,GBR,EUR,HIC,2020,12,65+,2018.0,2020-12-01,2020Q4
Aruba,ABW,AMR,HIC,2020,8,65+,11.0,2020-08-01,2020Q3
Aruba,ABW,AMR,HIC,2020,7,65+,0.0,2020-07-01,2020Q3
Aruba,ABW,AMR,HIC,2020,6,65+,0.0,2020-06-01,2020Q2
United Kingdom of Great Britain and Northern Ireland,GBR,EUR,HIC,2020,7,65+,52.0,2020-07-01,2020Q3
United Kingdom of Great Britain and Northern Ireland,GBR,EUR,HIC,2020,9,65+,91.0,2020-09-01,2020Q3
United Kingdom of Great Britain and Northern Ireland,GBR,EUR,HIC,2020,8,65+,24.0,2020-08-01,2020Q3
United Kingdom of Great Britain and Northern Ireland,GBR,EUR,HIC,2020,10,65+,700.0,2020-10-01,2020Q4
United Kingdom of Great Britain and Northern Ireland,GBR,EUR,HIC,2020,11,65+,1452.0,2020-11-01,2020Q4
United Kingdom of Great Britain and Northern Ireland,GBR,EUR,HIC,2020,6,65+,223.0,2020-06-01,2020Q2
United Kingdom of Great Britain and Northern Ireland,GBR,EUR,HIC,2020,2,65+,0.0,2020-02-01,2020Q1
United Kingdom of Great Britain and Northern Ireland,GBR,EUR,HIC,2020,5,65+,977.0,2020-05-01,2020Q2
United Kingdom of Great Britain and Northern Ireland,GBR,EUR,HIC,2020,1,65+,0.0,2020-01-01,2020Q1
United Kingdom of Great Britain and Northern Ireland,GBR,EUR,HIC,2020,3,65+,197.0,2020-03-01,2020Q1
United Kingdom of Great Britain and Northern Ireland,GBR,EUR,HIC,2020,4,65+,2276.0,2020-04-01,2020Q2
Ukraine,UKR,EUR,UMC,2020,3,65+,0.0,2020-03-01,2020Q1
Lebanon,LBN,EMR,LMC,2020,6,65+,4.0,2020-06-01,2020Q2
Lebanon,LBN,EMR,LMC,2020,11,65+,0.0,2020-11-01,2020Q4
Lebanon,LBN,EMR,LMC,2020,8,65+,60.0,2020-08-01,2020Q3
Lebanon,LBN,EMR,LMC,2020,12,65+,0.0,2020-12-01,2020Q4
Lebanon,LBN,EMR,LMC,2020,9,65+,131.0,2020-09-01,2020Q3
Lebanon,LBN,EMR,LMC,2020,10,65+,11.0,2020-10-01,2020Q4
Lebanon,LBN,EMR,LMC,2020,7,65+,22.0,2020-07-01,2020Q3
Ukraine,UKR,EUR,UMC,2020,11,65+,3205.0,2020-11-01,2020Q4
Ukraine,UKR,EUR,UMC,2020,7,65+,0.0,2020-07-01,2020Q3
Ukraine,UKR,EUR,UMC,2020,5,65+,0.0,2020-05-01,2020Q2
Ukraine,UKR,EUR,UMC,2020,12,65+,4606.0,2020-12-01,2020Q4
Ukraine,UKR,EUR,UMC,2020,4,65+,0.0,2020-04-01,2020Q2
Ukraine,UKR,EUR,UMC,2020,10,65+,871.0,2020-10-01,2020Q4
Ukraine,UKR,EUR,UMC,2020,6,65+,0.0,2020-06-01,2020Q2
Ukraine,UKR,EUR,UMC,2020,9,65+,0.0,2020-09-01,2020Q3
Ukraine,UKR,EUR,UMC,2020,8,65+,0.0,2020-08-01,2020Q3
Lebanon,LBN,EMR,LMC,2020,3,65+,14.0,2020-03-01,2020Q1
Canada,CAN,AMR,HIC,2020,11,65+,2184.0,2020-11-01,2020Q4
Canada,CAN,AMR,HIC,2020,8,65+,97.0,2020-08-01,2020Q3
Canada,CAN,AMR,HIC,2020,9,65+,462.0,2020-09-01,2020Q3
Canada,CAN,AMR,HIC,2020,6,65+,376.0,2020-06-01,2020Q2
Canada,CAN,AMR,HIC,2020,10,65+,1172.0,2020-10-01,2020Q4
North Macedonia,MKD,EUR,UMC,2020,4,65+,40.0,2020-04-01,2020Q2
North Macedonia,MKD,EUR,UMC,2020,3,65+,3.0,2020-03-01,2020Q1
North Macedonia,MKD,EUR,UMC,2020,5,65+,25.0,2020-05-01,2020Q2
North Macedonia,MKD,EUR,UMC,2020,2,65+,0.0,2020-02-01,2020Q1
Canada,CAN,AMR,HIC,2020,12,65+,4281.0,2020-12-01,2020Q4
Lebanon,LBN,EMR,LMC,2020,4,65+,5.0,2020-04-01,2020Q2
Lebanon,LBN,EMR,LMC,2020,5,65+,2.0,2020-05-01,2020Q2
Lebanon,LBN,EMR,LMC,2020,2,65+,0.0,2020-02-01,2020Q1
Canada,CAN,AMR,HIC,2020,7,65+,169.0,2020-07-01,2020Q3
Canada,CAN,AMR,HIC,2020,5,65+,2061.0,2020-05-01,2020Q2
Canada,CAN,AMR,HIC,2020,3,65+,329.0,2020-03-01,2020Q1
Canada,CAN,AMR,HIC,2020,4,65+,5768.0,2020-04-01,2020Q2
Canada,CAN,AMR,HIC,2020,2,65+,0.0,2020-02-01,2020Q1
Cameroon,CMR,AFR,LMC,2020,4,65+,1.0,2020-04-01,2020Q2
Cameroon,CMR,AFR,LMC,2020,3,65+,4.0,2020-03-01,2020Q1
Australia,AUS,WPR,HIC,2020,3,65+,48.0,2020-03-01,2020Q1
Mauritius,MUS,AFR,UMC,2020,4,65+,0.0,2020-04-01,2020Q2
Australia,AUS,WPR,HIC,2020,1,65+,0.0,2020-01-01,2020Q1
Mauritius,MUS,AFR,UMC,2020,3,65+,0.0,2020-03-01,2020Q1
Belgium,BEL,EUR,HIC,2020,5,65+,1167.0,2020-05-01,2020Q2
Belgium,BEL,EUR,HIC,2020,1,65+,0.0,2020-01-01,2020Q1
Australia,AUS,WPR,HIC,2020,2,65+,1.0,2020-02-01,2020Q1
Belgium,BEL,EUR,HIC,2020,3,65+,915.0,2020-03-01,2020Q1
Belgium,BEL,EUR,HIC,2020,7,65+,84.0,2020-07-01,2020Q3
Belgium,BEL,EUR,HIC,2020,2,65+,0.0,2020-02-01,2020Q1
Viet Nam,VNM,WPR,LMC,2020,1,65+,0.0,2020-01-01,2020Q1
Belgium,BEL,EUR,HIC,2020,9,65+,171.0,2020-09-01,2020Q3
Belgium,BEL,EUR,HIC,2020,8,65+,160.0,2020-08-01,2020Q3
Belgium,BEL,EUR,HIC,2020,6,65+,233.0,2020-06-01,2020Q2
Belgium,BEL,EUR,HIC,2020,11,65+,4448.0,2020-11-01,2020Q4
Belgium,BEL,EUR,HIC,2020,10,65+,1853.0,2020-10-01,2020Q4
Belgium,BEL,EUR,HIC,2020,4,65+,6735.0,2020-04-01,2020Q2
Belgium,BEL,EUR,HIC,2020,12,65+,2840.0,2020-12-01,2020Q4
Viet Nam,VNM,WPR,LMC,2020,3,65+,0.0,2020-03-01,2020Q1
Viet Nam,VNM,WPR,LMC,2020,4,65+,0.0,2020-04-01,2020Q2
Barbados,BRB,AMR,HIC,2020,8,65+,0.0,2020-08-01,2020Q3
Barbados,BRB,AMR,HIC,2020,4,65+,3.0,2020-04-01,2020Q2
Barbados,BRB,AMR,HIC,2020,7,65+,0.0,2020-07-01,2020Q3
Barbados,BRB,AMR,HIC,2020,3,65+,2.0,2020-03-01,2020Q1
Barbados,BRB,AMR,HIC,2020,12,65+,0.0,2020-12-01,2020Q4
Barbados,BRB,AMR,HIC,2020,11,65+,0.0,2020-11-01,2020Q4
Barbados,BRB,AMR,HIC,2020,10,65+,0.0,2020-10-01,2020Q4
Belarus,BLR,EUR,UMC,2020,3,65+,0.0,2020-03-01,2020Q1
Australia,AUS,WPR,HIC,2020,5,65+,1.0,2020-05-01,2020Q2
Australia,AUS,WPR,HIC,2020,4,65+,45.0,2020-04-01,2020Q2
Australia,AUS,WPR,HIC,2020,6,65+,9.0,2020-06-01,2020Q2
Myanmar,MMR,SEAR,LMC,2020,12,65+,506.0,2020-12-01,2020Q4
Myanmar,MMR,SEAR,LMC,2020,11,65+,392.0,2020-11-01,2020Q4
Myanmar,MMR,SEAR,LMC,2020,7,65+,0.0,2020-07-01,2020Q3
Myanmar,MMR,SEAR,LMC,2020,10,65+,502.0,2020-10-01,2020Q4
Myanmar,MMR,SEAR,LMC,2020,6,65+,0.0,2020-06-01,2020Q2
Myanmar,MMR,SEAR,LMC,2020,8,65+,0.0,2020-08-01,2020Q3
Myanmar,MMR,SEAR,LMC,2020,3,65+,1.0,2020-03-01,2020Q1
Myanmar,MMR,SEAR,LMC,2020,4,65+,2.0,2020-04-01,2020Q2
Myanmar,MMR,SEAR,LMC,2020,5,65+,0.0,2020-05-01,2020Q2
Myanmar,MMR,SEAR,LMC,2020,9,65+,215.0,2020-09-01,2020Q3
Namibia,NAM,AFR,UMC,2020,3,65+,0.0,2020-03-01,2020Q1
Benin,BEN,AFR,LMC,2020,6,65+,0.0,2020-06-01,2020Q2
Bermuda,BMU,AMR,HIC,2020,4,65+,6.0,2020-04-01,2020Q2
Bermuda,BMU,AMR,HIC,2020,6,65+,0.0,2020-06-01,2020Q2
Bermuda,BMU,AMR,HIC,2020,5,65+,0.0,2020-05-01,2020Q2
Bermuda,BMU,AMR,HIC,2020,12,65+,2.0,2020-12-01,2020Q4
Bermuda,BMU,AMR,HIC,2020,11,65+,0.0,2020-11-01,2020Q4
Bermuda,BMU,AMR,HIC,2020,9,65+,0.0,2020-09-01,2020Q3
Bermuda,BMU,AMR,HIC,2020,8,65+,0.0,2020-08-01,2020Q3
Bermuda,BMU,AMR,HIC,2020,10,65+,0.0,2020-10-01,2020Q4
Belize,BLZ,AMR,UMC,2020,9,65+,0.0,2020-09-01,2020Q3
Belize,BLZ,AMR,UMC,2020,11,65+,0.0,2020-11-01,2020Q4
Belize,BLZ,AMR,UMC,2020,7,65+,0.0,2020-07-01,2020Q3
Belize,BLZ,AMR,UMC,2020,12,65+,0.0,2020-12-01,2020Q4
Belize,BLZ,AMR,UMC,2020,8,65+,0.0,2020-08-01,2020Q3
Belize,BLZ,AMR,UMC,2020,10,65+,0.0,2020-10-01,2020Q4
Namibia,NAM,AFR,UMC,2020,8,65+,7.0,2020-08-01,2020Q3
Namibia,NAM,AFR,UMC,2020,5,65+,0.0,2020-05-01,2020Q2
Namibia,NAM,AFR,UMC,2020,7,65+,0.0,2020-07-01,2020Q3
Namibia,NAM,AFR,UMC,2020,6,65+,0.0,2020-06-01,2020Q2
Namibia,NAM,AFR,UMC,2020,9,65+,7.0,2020-09-01,2020Q3
Angola,AGO,AFR,LMC,2020,8,65+,5.0,2020-08-01,2020Q3
Venezuela (Bolivarian Republic of),VEN,AMR,,2020,5,65+,0.0,2020-05-01,2020Q2
Venezuela (Bolivarian Republic of),VEN,AMR,,2020,11,65+,1.0,2020-11-01,2020Q4
Venezuela (Bolivarian Republic of),VEN,AMR,,2020,12,65+,0.0,2020-12-01,2020Q4
Mauritania,MRT,AFR,LMC,2020,3,65+,0.0,2020-03-01,2020Q1
Venezuela (Bolivarian Republic of),VEN,AMR,,2020,8,65+,0.0,2020-08-01,2020Q3
Venezuela (Bolivarian Republic of),VEN,AMR,,2020,3,65+,0.0,2020-03-01,2020Q1
Venezuela (Bolivarian Republic of),VEN,AMR,,2020,6,65+,0.0,2020-06-01,2020Q2
Venezuela (Bolivarian Republic of),VEN,AMR,,2020,7,65+,0.0,2020-07-01,2020Q3
Venezuela (Bolivarian Republic of),VEN,AMR,,2020,4,65+,0.0,2020-04-01,2020Q2
Venezuela (Bolivarian Republic of),VEN,AMR,,2020,9,65+,0.0,2020-09-01,2020Q3
Venezuela (Bolivarian Republic of),VEN,AMR,,2020,10,65+,0.0,2020-10-01,2020Q4
Azerbaijan,AZE,EUR,UMC,2020,9,65+,0.0,2020-09-01,2020Q3
Azerbaijan,AZE,EUR,UMC,2020,5,65+,0.0,2020-05-01,2020Q2
Azerbaijan,AZE,EUR,UMC,2020,4,65+,0.0,2020-04-01,2020Q2
Azerbaijan,AZE,EUR,UMC,2020,6,65+,0.0,2020-06-01,2020Q2
Azerbaijan,AZE,EUR,UMC,2020,12,65+,0.0,2020-12-01,2020Q4
Azerbaijan,AZE,EUR,UMC,2020,8,65+,0.0,2020-08-01,2020Q3
Azerbaijan,AZE,EUR,UMC,2020,10,65+,0.0,2020-10-01,2020Q4
Azerbaijan,AZE,EUR,UMC,2020,7,65+,0.0,2020-07-01,2020Q3
Azerbaijan,AZE,EUR,UMC,2020,11,65+,0.0,2020-11-01,2020Q4
Azerbaijan,AZE,EUR,UMC,2020,3,65+,0.0,2020-03-01,2020Q1
Zambia,ZMB,AFR,LMC,2020,4,65+,0.0,2020-04-01,2020Q2
Zambia,ZMB,AFR,LMC,2020,6,65+,0.0,2020-06-01,2020Q2
Zambia,ZMB,AFR,LMC,2020,3,65+,0.0,2020-03-01,2020Q1
Zambia,ZMB,AFR,LMC,2020,5,65+,0.0,2020-05-01,2020Q2
Zambia,ZMB,AFR,LMC,2020,7,65+,0.0,2020-07-01,2020Q3
Bahamas,BHS,AMR,HIC,2020,11,65+,4.0,2020-11-01,2020Q4
Bahamas,BHS,AMR,HIC,2020,9,65+,27.0,2020-09-01,2020Q3
Bahamas,BHS,AMR,HIC,2020,8,65+,8.0,2020-08-01,2020Q3
Bahamas,BHS,AMR,HIC,2020,10,65+,33.0,2020-10-01,2020Q4
Bahamas,BHS,AMR,HIC,2020,7,65+,3.0,2020-07-01,2020Q3
Bahamas,BHS,AMR,HIC,2020,5,65+,0.0,2020-05-01,2020Q2
Bahamas,BHS,AMR,HIC,2020,4,65+,12.0,2020-04-01,2020Q2
Zambia,ZMB,AFR,LMC,2020,12,65+,0.0,2020-12-01,2020Q4
Zambia,ZMB,AFR,LMC,2020,8,65+,0.0,2020-08-01,2020Q3
Zambia,ZMB,AFR,LMC,2020,9,65+,0.0,2020-09-01,2020Q3
Zambia,ZMB,AFR,LMC,2020,11,65+,0.0,2020-11-01,2020Q4
Zambia,ZMB,AFR,LMC,2020,10,65+,0.0,2020-10-01,2020Q4
Montenegro,MNE,EUR,UMC,2020,5,65+,0.0,2020-05-01,2020Q2
Montenegro,MNE,EUR,UMC,2020,11,65+,75.0,2020-11-01,2020Q4
Montenegro,MNE,EUR,UMC,2020,10,65+,83.0,2020-10-01,2020Q4
Montenegro,MNE,EUR,UMC,2020,8,65+,0.0,2020-08-01,2020Q3
Montenegro,MNE,EUR,UMC,2020,12,65+,152.0,2020-12-01,2020Q4
Austria,AUT,EUR,HIC,2020,12,65+,3356.0,2020-12-01,2020Q4
Austria,AUT,EUR,HIC,2020,10,65+,492.0,2020-10-01,2020Q4
Montenegro,MNE,EUR,UMC,2020,7,65+,0.0,2020-07-01,2020Q3
Austria,AUT,EUR,HIC,2020,8,65+,37.0,2020-08-01,2020Q3
Montenegro,MNE,EUR,UMC,2020,6,65+,0.0,2020-06-01,2020Q2
Montenegro,MNE,EUR,UMC,2020,9,65+,0.0,2020-09-01,2020Q3
Montenegro,MNE,EUR,UMC,2020,4,65+,0.0,2020-04-01,2020Q2
Austria,AUT,EUR,HIC,2020,5,65+,72.0,2020-05-01,2020Q2
Austria,AUT,EUR,HIC,2020,9,65+,114.0,2020-09-01,2020Q3
Austria,AUT,EUR,HIC,2020,6,65+,56.0,2020-06-01,2020Q2
Austria,AUT,EUR,HIC,2020,11,65+,2484.0,2020-11-01,2020Q4
Austria,AUT,EUR,HIC,2020,2,65+,0.0,2020-02-01,2020Q1
Austria,AUT,EUR,HIC,2020,4,65+,497.0,2020-04-01,2020Q2
Austria,AUT,EUR,HIC,2020,7,65+,48.0,2020-07-01,2020Q3
Austria,AUT,EUR,HIC,2020,3,65+,123.0,2020-03-01,2020Q1
Montenegro,MNE,EUR,UMC,2020,3,65+,0.0,2020-03-01,2020Q1
Zimbabwe,ZWE,AFR,LMC,2020,4,65+,0.0,2020-04-01,2020Q2
Zimbabwe,ZWE,AFR,LMC,2020,9,65+,0.0,2020-09-01,2020Q3
Zimbabwe,ZWE,AFR,LMC,2020,6,65+,0.0,2020-06-01,2020Q2
Zimbabwe,ZWE,AFR,LMC,2020,10,65+,0.0,2020-10-01,2020Q4
Zimbabwe,ZWE,AFR,LMC,2020,7,65+,0.0,2020-07-01,2020Q3
Zimbabwe,ZWE,AFR,LMC,2020,8,65+,0.0,2020-08-01,2020Q3
Zimbabwe,ZWE,AFR,LMC,2020,5,65+,0.0,2020-05-01,2020Q2
Zimbabwe,ZWE,AFR,LMC,2020,1,65+,0.0,2020-01-01,2020Q1
Zimbabwe,ZWE,AFR,LMC,2020,2,65+,0.0,2020-02-01,2020Q1
Zimbabwe,ZWE,AFR,LMC,2020,3,65+,0.0,2020-03-01,2020Q1
Bahamas,BHS,AMR,HIC,2020,12,65+,1.0,2020-12-01,2020Q4
Mongolia,MNG,WPR,UMC,2020,3,65+,16.0,2020-03-01,2020Q1
Mongolia,MNG,WPR,UMC,2020,8,65+,1.0,2020-08-01,2020Q3
Mongolia,MNG,WPR,UMC,2020,9,65+,9.0,2020-09-01,2020Q3
Mongolia,MNG,WPR,UMC,2020,10,65+,4.0,2020-10-01,2020Q4
Mongolia,MNG,WPR,UMC,2020,11,65+,17.0,2020-11-01,2020Q4
Mongolia,MNG,WPR,UMC,2020,12,65+,75.0,2020-12-01,2020Q4
Mongolia,MNG,WPR,UMC,2020,6,65+,28.0,2020-06-01,2020Q2
Mongolia,MNG,WPR,UMC,2020,7,65+,8.0,2020-07-01,2020Q3
Zimbabwe,ZWE,AFR,LMC,2020,11,65+,0.0,2020-11-01,2020Q4
Mongolia,MNG,WPR,UMC,2020,1,65+,56.0,2020-01-01,2020Q1
Zimbabwe,ZWE,AFR,LMC,2020,12,65+,0.0,2020-12-01,2020Q4
Mongolia,MNG,WPR,UMC,2020,2,65+,15.0,2020-02-01,2020Q1
Mongolia,MNG,WPR,UMC,2020,5,65+,62.0,2020-05-01,2020Q2
Mongolia,MNG,WPR,UMC,2020,4,65+,45.0,2020-04-01,2020Q2
Bangladesh,BGD,SEAR,LMC,2020,12,65+,596.0,2020-12-01,2020Q4
Mexico,MEX,AMR,UMC,2020,11,65+,7322.0,2020-11-01,2020Q4
Bangladesh,BGD,SEAR,LMC,2020,11,65+,378.0,2020-11-01,2020Q4
Mexico,MEX,AMR,UMC,2020,9,65+,6185.0,2020-09-01,2020Q3
Mexico,MEX,AMR,UMC,2020,5,65+,5798.0,2020-05-01,2020Q2
Mozambique,MOZ,AFR,LIC,2020,6,65+,0.0,2020-06-01,2020Q2
Mozambique,MOZ,AFR,LIC,2020,3,65+,0.0,2020-03-01,2020Q1
Mexico,MEX,AMR,UMC,2020,6,65+,7246.0,2020-06-01,2020Q2
Mexico,MEX,AMR,UMC,2020,3,65+,5.0,2020-03-01,2020Q1
Bangladesh,BGD,SEAR,LMC,2020,1,65+,0.0,2020-01-01,2020Q1
Mexico,MEX,AMR,UMC,2020,7,65+,10362.0,2020-07-01,2020Q3
Mexico,MEX,AMR,UMC,2020,8,65+,6318.0,2020-08-01,2020Q3
Mexico,MEX,AMR,UMC,2020,12,65+,12597.0,2020-12-01,2020Q4
Mexico,MEX,AMR,UMC,2020,10,65+,6287.0,2020-10-01,2020Q4
Bangladesh,BGD,SEAR,LMC,2020,3,65+,0.0,2020-03-01,2020Q1
Bangladesh,BGD,SEAR,LMC,2020,10,65+,317.0,2020-10-01,2020Q4
Bangladesh,BGD,SEAR,LMC,2020,5,65+,132.0,2020-05-01,2020Q2
Bangladesh,BGD,SEAR,LMC,2020,9,65+,573.0,2020-09-01,2020Q3
Bangladesh,BGD,SEAR,LMC,2020,8,65+,553.0,2020-08-01,2020Q3
Bangladesh,BGD,SEAR,LMC,2020,7,65+,670.0,2020-07-01,2020Q3
Bangladesh,BGD,SEAR,LMC,2020,4,65+,2.0,2020-04-01,2020Q2
Bangladesh,BGD,SEAR,LMC,2020,2,65+,0.0,2020-02-01,2020Q1
Bangladesh,BGD,SEAR,LMC,2020,6,65+,434.0,2020-06-01,2020Q2
Barbados,BRB,AMR,HIC,2020,1,65+,2.0,2020-01-01,2020Q1
Australia,AUS,WPR,HIC,2020,7,65+,185.0,2020-07-01,2020Q3
Australia,AUS,WPR,HIC,2020,8,65+,25.0,2020-08-01,2020Q3
Mozambique,MOZ,AFR,LIC,2020,9,65+,0.0,2020-09-01,2020Q3
Mozambique,MOZ,AFR,LIC,2020,5,65+,0.0,2020-05-01,2020Q2
Mozambique,MOZ,AFR,LIC,2020,8,65+,0.0,2020-08-01,2020Q3
Mozambique,MOZ,AFR,LIC,2020,4,65+,0.0,2020-04-01,2020Q2
Mozambique,MOZ,AFR,LIC,2020,7,65+,0.0,2020-07-01,2020Q3
Mexico,MEX,AMR,UMC,2020,4,65+,3188.0,2020-04-01,2020Q2
Bahrain,BHR,EMR,HIC,2020,2,65+,0.0,2020-02-01,2020Q1
Bahrain,BHR,EMR,HIC,2020,8,65+,15.0,2020-08-01,2020Q3
Bahrain,BHR,EMR,HIC,2020,5,65+,3.0,2020-05-01,2020Q2
Bahrain,BHR,EMR,HIC,2020,6,65+,28.0,2020-06-01,2020Q2
Bahrain,BHR,EMR,HIC,2020,4,65+,1.0,2020-04-01,2020Q2
Bahrain,BHR,EMR,HIC,2020,3,65+,2.0,2020-03-01,2020Q1
Monaco,MCO,EUR,HIC,2020,3,65+,0.0,2020-03-01,2020Q1
Yemen,YEM,EMR,LIC,2020,6,65+,0.0,2020-06-01,2020Q2
Bahrain,BHR,EMR,HIC,2020,11,65+,13.0,2020-11-01,2020Q4
Bahrain,BHR,EMR,HIC,2020,12,65+,8.0,2020-12-01,2020Q4
Bahrain,BHR,EMR,HIC,2020,10,65+,37.0,2020-10-01,2020Q4
Bahrain,BHR,EMR,HIC,2020,9,65+,40.0,2020-09-01,2020Q3
Bahrain,BHR,EMR,HIC,2020,7,65+,22.0,2020-07-01,2020Q3
Yemen,YEM,EMR,LIC,2020,4,65+,0.0,2020-04-01,2020Q2
Yemen,YEM,EMR,LIC,2020,5,65+,1.0,2020-05-01,2020Q2
New Zealand,NZL,WPR,HIC,2020,3,65+,0.0,2020-03-01,2020Q1
United Republic of Tanzania,TZA,AFR,LMC,2020,4,65+,0.0,2020-04-01,2020Q2
Malaysia,MYS,WPR,UMC,2020,4,65+,41.0,2020-04-01,2020Q2
Malaysia,MYS,WPR,UMC,2020,5,65+,4.0,2020-05-01,2020Q2
Malaysia,MYS,WPR,UMC,2020,2,65+,0.0,2020-02-01,2020Q1
Malaysia,MYS,WPR,UMC,2020,1,65+,0.0,2020-01-01,2020Q1
Brazil,BRA,AMR,UMC,2020,11,65+,9589.0,2020-11-01,2020Q4
Brazil,BRA,AMR,UMC,2020,9,65+,12893.0,2020-09-01,2020Q3
Brazil,BRA,AMR,UMC,2020,7,65+,21986.0,2020-07-01,2020Q3
Brazil,BRA,AMR,UMC,2020,12,65+,18468.0,2020-12-01,2020Q4
Brazil,BRA,AMR,UMC,2020,8,65+,14348.0,2020-08-01,2020Q3
Brazil,BRA,AMR,UMC,2020,10,65+,7401.0,2020-10-01,2020Q4
Brazil,BRA,AMR,UMC,2020,6,65+,18441.0,2020-06-01,2020Q2
Malawi,MWI,AFR,LIC,2020,4,65+,0.0,2020-04-01,2020Q2
Malawi,MWI,AFR,LIC,2020,7,65+,1.0,2020-07-01,2020Q3
Malawi,MWI,AFR,LIC,2020,8,65+,1.0,2020-08-01,2020Q3
Brazil,BRA,AMR,UMC,2020,5,65+,19653.0,2020-05-01,2020Q2
Brazil,BRA,AMR,UMC,2020,4,65+,11827.0,2020-04-01,2020Q2
Brazil,BRA,AMR,UMC,2020,3,65+,710.0,2020-03-01,2020Q1
Brazil,BRA,AMR,UMC,2020,2,65+,0.0,2020-02-01,2020Q1
Brazil,BRA,AMR,UMC,2020,1,65+,1.0,2020-01-01,2020Q1
Niger,NER,AFR,LIC,2020,3,65+,0.0,2020-03-01,2020Q1
Niger,NER,AFR,LIC,2020,11,65+,0.0,2020-11-01,2020Q4
Niger,NER,AFR,LIC,2020,7,65+,0.0,2020-07-01,2020Q3
Niger,NER,AFR,LIC,2020,5,65+,0.0,2020-05-01,2020Q2
Niger,NER,AFR,LIC,2020,6,65+,0.0,2020-06-01,2020Q2
Niger,NER,AFR,LIC,2020,4,65+,0.0,2020-04-01,2020Q2
Niger,NER,AFR,LIC,2020,8,65+,0.0,2020-08-01,2020Q3
Niger,NER,AFR,LIC,2020,2,65+,0.0,2020-02-01,2020Q1
Lithuania,LTU,EUR,HIC,2020,10,65+,178.0,2020-10-01,2020Q4
Lithuania,LTU,EUR,HIC,2020,7,65+,1.0,2020-07-01,2020Q3
Brunei Darussalam,BRN,WPR,HIC,2020,6,65+,1.0,2020-06-01,2020Q2
Niger,NER,AFR,LIC,2020,12,65+,0.0,2020-12-01,2020Q4
Niger,NER,AFR,LIC,2020,9,65+,0.0,2020-09-01,2020Q3
Lithuania,LTU,EUR,HIC,2020,3,65+,19.0,2020-03-01,2020Q1
Lithuania,LTU,EUR,HIC,2020,2,65+,0.0,2020-02-01,2020Q1
Lithuania,LTU,EUR,HIC,2020,4,65+,34.0,2020-04-01,2020Q2
Lithuania,LTU,EUR,HIC,2020,8,65+,7.0,2020-08-01,2020Q3
Lithuania,LTU,EUR,HIC,2020,5,65+,15.0,2020-05-01,2020Q2
Lithuania,LTU,EUR,HIC,2020,9,65+,27.0,2020-09-01,2020Q3
Bulgaria,BGR,EUR,HIC,2020,9,65+,0.0,2020-09-01,2020Q3
Bulgaria,BGR,EUR,HIC,2020,3,65+,0.0,2020-03-01,2020Q1
Lithuania,LTU,EUR,HIC,2020,6,65+,1.0,2020-06-01,2020Q2
Niger,NER,AFR,LIC,2020,10,65+,0.0,2020-10-01,2020Q4
Bulgaria,BGR,EUR,HIC,2020,8,65+,0.0,2020-08-01,2020Q3
Bulgaria,BGR,EUR,HIC,2020,5,65+,0.0,2020-05-01,2020Q2
Bulgaria,BGR,EUR,HIC,2020,4,65+,0.0,2020-04-01,2020Q2
Bulgaria,BGR,EUR,HIC,2020,6,65+,0.0,2020-06-01,2020Q2
Bulgaria,BGR,EUR,HIC,2020,7,65+,0.0,2020-07-01,2020Q3
Lithuania,LTU,EUR,HIC,2020,11,65+,628.0,2020-11-01,2020Q4
Lithuania,LTU,EUR,HIC,2020,12,65+,1229.0,2020-12-01,2020Q4
Luxembourg,LUX,EUR,HIC,2020,3,65+,34.0,2020-03-01,2020Q1
Luxembourg,LUX,EUR,HIC,2020,12,65+,90.0,2020-12-01,2020Q4
Luxembourg,LUX,EUR,HIC,2020,5,65+,0.0,2020-05-01,2020Q2
Luxembourg,LUX,EUR,HIC,2020,9,65+,4.0,2020-09-01,2020Q3
Luxembourg,LUX,EUR,HIC,2020,10,65+,35.0,2020-10-01,2020Q4
Luxembourg,LUX,EUR,HIC,2020,4,65+,47.0,2020-04-01,2020Q2
Luxembourg,LUX,EUR,HIC,2020,7,65+,10.0,2020-07-01,2020Q3
Luxembourg,LUX,EUR,HIC,2020,6,65+,0.0,2020-06-01,2020Q2
Luxembourg,LUX,EUR,HIC,2020,2,65+,0.0,2020-02-01,2020Q1
Luxembourg,LUX,EUR,HIC,2020,11,65+,51.0,2020-11-01,2020Q4
Luxembourg,LUX,EUR,HIC,2020,8,65+,1.0,2020-08-01,2020Q3
Uruguay,URY,AMR,HIC,2020,7,65+,0.0,2020-07-01,2020Q3
Uruguay,URY,AMR,HIC,2020,4,65+,7.0,2020-04-01,2020Q2
Uruguay,URY,AMR,HIC,2020,1,65+,16.0,2020-01-01,2020Q1
Uruguay,URY,AMR,HIC,2020,6,65+,4.0,2020-06-01,2020Q2
Uruguay,URY,AMR,HIC,2020,2,65+,8.0,2020-02-01,2020Q1
Malta,MLT,EUR,HIC,2020,2,65+,0.0,2020-02-01,2020Q1
Uruguay,URY,AMR,HIC,2020,5,65+,0.0,2020-05-01,2020Q2
Malta,MLT,EUR,HIC,2020,11,65+,27.0,2020-11-01,2020Q4
Malta,MLT,EUR,HIC,2020,12,65+,59.0,2020-12-01,2020Q4
Malta,MLT,EUR,HIC,2020,8,65+,3.0,2020-08-01,2020Q3
Malta,MLT,EUR,HIC,2020,9,65+,27.0,2020-09-01,2020Q3
Malta,MLT,EUR,HIC,2020,10,65+,23.0,2020-10-01,2020Q4
Malta,MLT,EUR,HIC,2020,3,65+,0.0,2020-03-01,2020Q1
Malta,MLT,EUR,HIC,2020,6,65+,0.0,2020-06-01,2020Q2
Malta,MLT,EUR,HIC,2020,4,65+,4.0,2020-04-01,2020Q2
Malta,MLT,EUR,HIC,2020,5,65+,3.0,2020-05-01,2020Q2
Malta,MLT,EUR,HIC,2020,7,65+,0.0,2020-07-01,2020Q3
Uruguay,URY,AMR,HIC,2020,3,65+,12.0,2020-03-01,2020Q1
Netherlands (Kingdom of the),NLD,EUR,HIC,2020,5,65+,636.0,2020-05-01,2020Q2
Netherlands (Kingdom of the),NLD,EUR,HIC,2020,6,65+,119.0,2020-06-01,2020Q2
Netherlands (Kingdom of the),NLD,EUR,HIC,2020,7,65+,40.0,2020-07-01,2020Q3
Netherlands (Kingdom of the),NLD,EUR,HIC,2020,9,65+,271.0,2020-09-01,2020Q3
Netherlands (Kingdom of the),NLD,EUR,HIC,2020,12,65+,2427.0,2020-12-01,2020Q4
Netherlands (Kingdom of the),NLD,EUR,HIC,2020,8,65+,75.0,2020-08-01,2020Q3
Netherlands (Kingdom of the),NLD,EUR,HIC,2020,11,65+,1666.0,2020-11-01,2020Q4
Netherlands (Kingdom of the),NLD,EUR,HIC,2020,10,65+,1269.0,2020-10-01,2020Q4
Netherlands (Kingdom of the),NLD,EUR,HIC,2020,4,65+,3997.0,2020-04-01,2020Q2
Netherlands (Kingdom of the),NLD,EUR,HIC,2020,1,65+,0.0,2020-01-01,2020Q1
Netherlands (Kingdom of the),NLD,EUR,HIC,2020,2,65+,0.0,2020-02-01,2020Q1
Netherlands (Kingdom of the),NLD,EUR,HIC,2020,3,65+,1071.0,2020-03-01,2020Q1
Bhutan,BTN,SEAR,LMC,2020,6,65+,0.0,2020-06-01,2020Q2
Nepal,NPL,SEAR,LMC,2020,4,65+,0.0,2020-04-01,2020Q2
Bhutan,BTN,SEAR,LMC,2020,3,65+,0.0,2020-03-01,2020Q1
Nepal,NPL,SEAR,LMC,2020,11,65+,286.0,2020-11-01,2020Q4
Nepal,NPL,SEAR,LMC,2020,12,65+,213.0,2020-12-01,2020Q4
Nepal,NPL,SEAR,LMC,2020,9,65+,134.0,2020-09-01,2020Q3
Nepal,NPL,SEAR,LMC,2020,10,65+,223.0,2020-10-01,2020Q4
Bhutan,BTN,SEAR,LMC,2020,12,65+,0.0,2020-12-01,2020Q4
Nepal,NPL,SEAR,LMC,2020,8,65+,32.0,2020-08-01,2020Q3
Uzbekistan,UZB,EUR,LMC,2020,9,65+,0.0,2020-09-01,2020Q3
Uzbekistan,UZB,EUR,LMC,2020,10,65+,0.0,2020-10-01,2020Q4
Uzbekistan,UZB,EUR,LMC,2020,3,65+,0.0,2020-03-01,2020Q1
United States of America,USA,AMR,HIC,2020,1,65+,4.0,2020-01-01,2020Q1
United States of America,USA,AMR,HIC,2020,2,65+,14.0,2020-02-01,2020Q1
United States of America,USA,AMR,HIC,2020,3,65+,5232.0,2020-03-01,2020Q1
United States of America,USA,AMR,HIC,2020,4,65+,52677.0,2020-04-01,2020Q2
United States of America,USA,AMR,HIC,2020,9,65+,15122.0,2020-09-01,2020Q3
United States of America,USA,AMR,HIC,2020,6,65+,13775.0,2020-06-01,2020Q2
Botswana,BWA,AFR,UMC,2020,3,65+,1.0,2020-03-01,2020Q1
Maldives,MDV,SEAR,UMC,2020,3,65+,0.0,2020-03-01,2020Q1
United States of America,USA,AMR,HIC,2020,7,65+,23202.0,2020-07-01,2020Q3
United States of America,USA,AMR,HIC,2020,11,65+,44722.0,2020-11-01,2020Q4
Maldives,MDV,SEAR,UMC,2020,6,65+,0.0,2020-06-01,2020Q2
Maldives,MDV,SEAR,UMC,2020,7,65+,3.0,2020-07-01,2020Q3
Maldives,MDV,SEAR,UMC,2020,8,65+,2.0,2020-08-01,2020Q3
Maldives,MDV,SEAR,UMC,2020,9,65+,0.0,2020-09-01,2020Q3
Maldives,MDV,SEAR,UMC,2020,5,65+,1.0,2020-05-01,2020Q2
United States of America,USA,AMR,HIC,2020,5,65+,31267.0,2020-05-01,2020Q2
United States of America,USA,AMR,HIC,2020,12,65+,81503.0,2020-12-01,2020Q4
United States of America,USA,AMR,HIC,2020,10,65+,20521.0,2020-10-01,2020Q4
United States of America,USA,AMR,HIC,2020,8,65+,23037.0,2020-08-01,2020Q3
Maldives,MDV,SEAR,UMC,2020,4,65+,1.0,2020-04-01,2020Q2
Malaysia,MYS,WPR,UMC,2020,3,65+,10.0,2020-03-01,2020Q1
Malaysia,MYS,WPR,UMC,2020,6,65+,4.0,2020-06-01,2020Q2
Malaysia,MYS,WPR,UMC,2020,8,65+,0.0,2020-08-01,2020Q3
Malaysia,MYS,WPR,UMC,2020,7,65+,4.0,2020-07-01,2020Q3
Malaysia,MYS,WPR,UMC,2020,9,65+,5.0,2020-09-01,2020Q3
Botswana,BWA,AFR,UMC,2020,6,65+,1.0,2020-06-01,2020Q2
Malaysia,MYS,WPR,UMC,2020,11,65+,48.0,2020-11-01,2020Q4
Malaysia,MYS,WPR,UMC,2020,12,65+,80.0,2020-12-01,2020Q4
Malaysia,MYS,WPR,UMC,2020,10,65+,51.0,2020-10-01,2020Q4
Mali,MLI,AFR,LIC,2020,3,65+,0.0,2020-03-01,2020Q1
Bosnia and Herzegovina,BIH,EUR,UMC,2020,8,65+,0.0,2020-08-01,2020Q3
Bosnia and Herzegovina,BIH,EUR,UMC,2020,10,65+,118.0,2020-10-01,2020Q4
Bosnia and Herzegovina,BIH,EUR,UMC,2020,7,65+,0.0,2020-07-01,2020Q3
Bosnia and Herzegovina,BIH,EUR,UMC,2020,5,65+,0.0,2020-05-01,2020Q2
Bosnia and Herzegovina,BIH,EUR,UMC,2020,6,65+,0.0,2020-06-01,2020Q2
Bosnia and Herzegovina,BIH,EUR,UMC,2020,4,65+,0.0,2020-04-01,2020Q2
Bosnia and Herzegovina,BIH,EUR,UMC,2020,3,65+,0.0,2020-03-01,2020Q1
Bosnia and Herzegovina,BIH,EUR,UMC,2020,9,65+,0.0,2020-09-01,2020Q3
Bosnia and Herzegovina,BIH,EUR,UMC,2020,12,65+,1105.0,2020-12-01,2020Q4
Bosnia and Herzegovina,BIH,EUR,UMC,2020,11,65+,1027.0,2020-11-01,2020Q4
Panama,PAN,AMR,HIC,2020,6,65+,184.0,2020-06-01,2020Q2
Iceland,ISL,EUR,HIC,2020,5,65+,0.0,2020-05-01,2020Q2
Iceland,ISL,EUR,HIC,2020,8,65+,0.0,2020-08-01,2020Q3
Slovakia,SVK,EUR,HIC,2020,1,65+,0.0,2020-01-01,2020Q1
Slovakia,SVK,EUR,HIC,2020,3,65+,0.0,2020-03-01,2020Q1
Slovakia,SVK,EUR,HIC,2020,2,65+,0.0,2020-02-01,2020Q1
Slovakia,SVK,EUR,HIC,2020,4,65+,22.0,2020-04-01,2020Q2
Iceland,ISL,EUR,HIC,2020,10,65+,5.0,2020-10-01,2020Q4
Iceland,ISL,EUR,HIC,2020,3,65+,1.0,2020-03-01,2020Q1
Iceland,ISL,EUR,HIC,2020,4,65+,8.0,2020-04-01,2020Q2
Slovakia,SVK,EUR,HIC,2020,6,65+,0.0,2020-06-01,2020Q2
Iceland,ISL,EUR,HIC,2020,2,65+,0.0,2020-02-01,2020Q1
Slovakia,SVK,EUR,HIC,2020,5,65+,3.0,2020-05-01,2020Q2
Iceland,ISL,EUR,HIC,2020,11,65+,9.0,2020-11-01,2020Q4
Iceland,ISL,EUR,HIC,2020,12,65+,3.0,2020-12-01,2020Q4
Iceland,ISL,EUR,HIC,2020,9,65+,0.0,2020-09-01,2020Q3
Iceland,ISL,EUR,HIC,2020,7,65+,0.0,2020-07-01,2020Q3
Slovakia,SVK,EUR,HIC,2020,9,65+,41.0,2020-09-01,2020Q3
Slovakia,SVK,EUR,HIC,2020,11,65+,842.0,2020-11-01,2020Q4
Slovakia,SVK,EUR,HIC,2020,7,65+,2.0,2020-07-01,2020Q3
Slovakia,SVK,EUR,HIC,2020,8,65+,7.0,2020-08-01,2020Q3
Iceland,ISL,EUR,HIC,2020,6,65+,0.0,2020-06-01,2020Q2
Slovakia,SVK,EUR,HIC,2020,12,65+,1640.0,2020-12-01,2020Q4
Slovakia,SVK,EUR,HIC,2020,10,65+,341.0,2020-10-01,2020Q4
Rwanda,RWA,AFR,LIC,2020,9,65+,0.0,2020-09-01,2020Q3
Rwanda,RWA,AFR,LIC,2020,8,65+,0.0,2020-08-01,2020Q3
Rwanda,RWA,AFR,LIC,2020,5,65+,0.0,2020-05-01,2020Q2
Rwanda,RWA,AFR,LIC,2020,7,65+,0.0,2020-07-01,2020Q3
Rwanda,RWA,AFR,LIC,2020,10,65+,0.0,2020-10-01,2020Q4
Rwanda,RWA,AFR,LIC,2020,6,65+,0.0,2020-06-01,2020Q2
Rwanda,RWA,AFR,LIC,2020,4,65+,0.0,2020-04-01,2020Q2
Rwanda,RWA,AFR,LIC,2020,3,65+,0.0,2020-03-01,2020Q1
Slovenia,SVN,EUR,HIC,2020,6,65+,2.0,2020-06-01,2020Q2
Slovenia,SVN,EUR,HIC,2020,5,65+,13.0,2020-05-01,2020Q2
Slovenia,SVN,EUR,HIC,2020,7,65+,12.0,2020-07-01,2020Q3
Slovenia,SVN,EUR,HIC,2020,9,65+,31.0,2020-09-01,2020Q3
Slovenia,SVN,EUR,HIC,2020,12,65+,1608.0,2020-12-01,2020Q4
Slovenia,SVN,EUR,HIC,2020,10,65+,268.0,2020-10-01,2020Q4
Slovenia,SVN,EUR,HIC,2020,4,65+,87.0,2020-04-01,2020Q2
Slovenia,SVN,EUR,HIC,2020,8,65+,12.0,2020-08-01,2020Q3
Slovenia,SVN,EUR,HIC,2020,1,65+,0.0,2020-01-01,2020Q1
Slovenia,SVN,EUR,HIC,2020,3,65+,13.0,2020-03-01,2020Q1
Slovenia,SVN,EUR,HIC,2020,2,65+,0.0,2020-02-01,2020Q1
Eswatini,SWZ,AFR,LMC,2020,4,65+,0.0,2020-04-01,2020Q2
Eswatini,SWZ,AFR,LMC,2020,10,65+,0.0,2020-10-01,2020Q4
Eswatini,SWZ,AFR,LMC,2020,9,65+,0.0,2020-09-01,2020Q3
Eswatini,SWZ,AFR,LMC,2020,6,65+,0.0,2020-06-01,2020Q2
Eswatini,SWZ,AFR,LMC,2020,2,65+,0.0,2020-02-01,2020Q1
Eswatini,SWZ,AFR,LMC,2020,3,65+,0.0,2020-03-01,2020Q1
Eswatini,SWZ,AFR,LMC,2020,7,65+,0.0,2020-07-01,2020Q3
Slovenia,SVN,EUR,HIC,2020,11,65+,1082.0,2020-11-01,2020Q4
Eswatini,SWZ,AFR,LMC,2020,11,65+,0.0,2020-11-01,2020Q4
Eswatini,SWZ,AFR,LMC,2020,8,65+,0.0,2020-08-01,2020Q3
Eswatini,SWZ,AFR,LMC,2020,5,65+,0.0,2020-05-01,2020Q2
Eswatini,SWZ,AFR,LMC,2020,12,65+,0.0,2020-12-01,2020Q4
Ethiopia,ETH,AFR,LIC,2020,3,65+,1.0,2020-03-01,2020Q1
Ethiopia,ETH,AFR,LIC,2020,4,65+,0.0,2020-04-01,2020Q2
Ethiopia,ETH,AFR,LIC,2020,5,65+,0.0,2020-05-01,2020Q2
Russian Federation,RUS,EUR,HIC,2020,10,65+,0.0,2020-10-01,2020Q4
Russian Federation,RUS,EUR,HIC,2020,3,65+,0.0,2020-03-01,2020Q1
Russian Federation,RUS,EUR,HIC,2020,8,65+,0.0,2020-08-01,2020Q3
Russian Federation,RUS,EUR,HIC,2020,7,65+,0.0,2020-07-01,2020Q3
Russian Federation,RUS,EUR,HIC,2020,9,65+,0.0,2020-09-01,2020Q3
Russian Federation,RUS,EUR,HIC,2020,5,65+,0.0,2020-05-01,2020Q2
Russian Federation,RUS,EUR,HIC,2020,4,65+,0.0,2020-04-01,2020Q2
Russian Federation,RUS,EUR,HIC,2020,6,65+,0.0,2020-06-01,2020Q2
Finland,FIN,EUR,HIC,2020,4,65+,213.0,2020-04-01,2020Q2
Finland,FIN,EUR,HIC,2020,3,65+,12.0,2020-03-01,2020Q1
Finland,FIN,EUR,HIC,2020,2,65+,0.0,2020-02-01,2020Q1
Finland,FIN,EUR,HIC,2020,1,65+,0.0,2020-01-01,2020Q1
Finland,FIN,EUR,HIC,2020,12,65+,170.0,2020-12-01,2020Q4
Finland,FIN,EUR,HIC,2020,11,65+,44.0,2020-11-01,2020Q4
Finland,FIN,EUR,HIC,2020,10,65+,14.0,2020-10-01,2020Q4
Finland,FIN,EUR,HIC,2020,8,65+,2.0,2020-08-01,2020Q3
Finland,FIN,EUR,HIC,2020,9,65+,12.0,2020-09-01,2020Q3
Finland,FIN,EUR,HIC,2020,7,65+,4.0,2020-07-01,2020Q3
Finland,FIN,EUR,HIC,2020,5,65+,60.0,2020-05-01,2020Q2
Finland,FIN,EUR,HIC,2020,6,65+,5.0,2020-06-01,2020Q2
France,FRA,EUR,HIC,2020,6,65+,773.0,2020-06-01,2020Q2
Singapore,SGP,WPR,HIC,2020,7,65+,0.0,2020-07-01,2020Q3
Singapore,SGP,WPR,HIC,2020,9,65+,0.0,2020-09-01,2020Q3
France,FRA,EUR,HIC,2020,2,65+,0.0,2020-02-01,2020Q1
France,FRA,EUR,HIC,2020,4,65+,11309.0,2020-04-01,2020Q2
France,FRA,EUR,HIC,2020,5,65+,2513.0,2020-05-01,2020Q2
France,FRA,EUR,HIC,2020,1,65+,1.0,2020-01-01,2020Q1
Hungary,HUN,EUR,HIC,2020,9,65+,0.0,2020-09-01,2020Q3
Hungary,HUN,EUR,HIC,2020,10,65+,0.0,2020-10-01,2020Q4
Hungary,HUN,EUR,HIC,2020,8,65+,0.0,2020-08-01,2020Q3
Hungary,HUN,EUR,HIC,2020,7,65+,0.0,2020-07-01,2020Q3
Hungary,HUN,EUR,HIC,2020,3,65+,0.0,2020-03-01,2020Q1
Hungary,HUN,EUR,HIC,2020,4,65+,0.0,2020-04-01,2020Q2
Hungary,HUN,EUR,HIC,2020,6,65+,0.0,2020-06-01,2020Q2
Hungary,HUN,EUR,HIC,2020,5,65+,0.0,2020-05-01,2020Q2
Honduras,HND,AMR,LMC,2020,12,65+,0.0,2020-12-01,2020Q4
Sint Maarten (Dutch part),SXM,AMR,HIC,2020,7,65+,1.0,2020-07-01,2020Q3
Sint Maarten (Dutch part),SXM,AMR,HIC,2020,9,65+,2.0,2020-09-01,2020Q3
Hungary,HUN,EUR,HIC,2020,11,65+,0.0,2020-11-01,2020Q4
Sint Maarten (Dutch part),SXM,AMR,HIC,2020,10,65+,1.0,2020-10-01,2020Q4
Sint Maarten (Dutch part),SXM,AMR,HIC,2020,11,65+,1.0,2020-11-01,2020Q4
Sint Maarten (Dutch part),SXM,AMR,HIC,2020,12,65+,2.0,2020-12-01,2020Q4
Hungary,HUN,EUR,HIC,2020,12,65+,4712.0,2020-12-01,2020Q4
Sint Maarten (Dutch part),SXM,AMR,HIC,2020,4,65+,8.0,2020-04-01,2020Q2
Sint Maarten (Dutch part),SXM,AMR,HIC,2020,8,65+,1.0,2020-08-01,2020Q3
Sint Maarten (Dutch part),SXM,AMR,HIC,2020,5,65+,0.0,2020-05-01,2020Q2
Honduras,HND,AMR,LMC,2020,3,65+,0.0,2020-03-01,2020Q1
Singapore,SGP,WPR,HIC,2020,8,65+,0.0,2020-08-01,2020Q3
Republic of Moldova,MDA,EUR,UMC,2020,4,65+,0.0,2020-04-01,2020Q2
Republic of Moldova,MDA,EUR,UMC,2020,9,65+,0.0,2020-09-01,2020Q3
Republic of Moldova,MDA,EUR,UMC,2020,10,65+,118.0,2020-10-01,2020Q4
Republic of Moldova,MDA,EUR,UMC,2020,8,65+,0.0,2020-08-01,2020Q3
Republic of Moldova,MDA,EUR,UMC,2020,7,65+,0.0,2020-07-01,2020Q3
Republic of Moldova,MDA,EUR,UMC,2020,2,65+,0.0,2020-02-01,2020Q1
Republic of Moldova,MDA,EUR,UMC,2020,6,65+,0.0,2020-06-01,2020Q2
Republic of Moldova,MDA,EUR,UMC,2020,11,65+,270.0,2020-11-01,2020Q4
El Salvador,SLV,AMR,UMC,2020,4,65+,0.0,2020-04-01,2020Q2
El Salvador,SLV,AMR,UMC,2020,3,65+,0.0,2020-03-01,2020Q1
Egypt,EGY,EMR,LMC,2020,12,65+,946.0,2020-12-01,2020Q4
Egypt,EGY,EMR,LMC,2020,8,65+,189.0,2020-08-01,2020Q3
Republic of Moldova,MDA,EUR,UMC,2020,3,65+,0.0,2020-03-01,2020Q1
South Africa,ZAF,AFR,UMC,2020,4,65+,14.0,2020-04-01,2020Q2
South Africa,ZAF,AFR,UMC,2020,3,65+,4.0,2020-03-01,2020Q1
Republic of Moldova,MDA,EUR,UMC,2020,12,65+,435.0,2020-12-01,2020Q4
Republic of Moldova,MDA,EUR,UMC,2020,5,65+,0.0,2020-05-01,2020Q2
Ecuador,ECU,AMR,UMC,2020,12,65+,496.0,2020-12-01,2020Q4
Ecuador,ECU,AMR,UMC,2020,9,65+,630.0,2020-09-01,2020Q3
Ecuador,ECU,AMR,UMC,2020,11,65+,346.0,2020-11-01,2020Q4
Ecuador,ECU,AMR,UMC,2020,10,65+,384.0,2020-10-01,2020Q4
Republic of Korea,KOR,WPR,HIC,2020,2,65+,0.0,2020-02-01,2020Q1
Ecuador,ECU,AMR,UMC,2020,5,65+,1439.0,2020-05-01,2020Q2
Ecuador,ECU,AMR,UMC,2020,2,65+,1.0,2020-02-01,2020Q1
International conveyance (Diamond Princess),XXJ,OTHER,,2020,2,65+,0.0,2020-02-01,2020Q1
Ecuador,ECU,AMR,UMC,2020,7,65+,1491.0,2020-07-01,2020Q3
Ecuador,ECU,AMR,UMC,2020,8,65+,810.0,2020-08-01,2020Q3
Ecuador,ECU,AMR,UMC,2020,3,65+,204.0,2020-03-01,2020Q1
Ecuador,ECU,AMR,UMC,2020,6,65+,1031.0,2020-06-01,2020Q2
Ecuador,ECU,AMR,UMC,2020,4,65+,2511.0,2020-04-01,2020Q2
International conveyance (Diamond Princess),XXJ,OTHER,,2020,3,65+,0.0,2020-03-01,2020Q1
Egypt,EGY,EMR,LMC,2020,10,65+,173.0,2020-10-01,2020Q4
Egypt,EGY,EMR,LMC,2020,6,65+,970.0,2020-06-01,2020Q2
Egypt,EGY,EMR,LMC,2020,11,65+,308.0,2020-11-01,2020Q4
Egypt,EGY,EMR,LMC,2020,4,65+,221.0,2020-04-01,2020Q2
Egypt,EGY,EMR,LMC,2020,9,65+,202.0,2020-09-01,2020Q3
Egypt,EGY,EMR,LMC,2020,3,65+,37.0,2020-03-01,2020Q1
Egypt,EGY,EMR,LMC,2020,5,65+,299.0,2020-05-01,2020Q2
Egypt,EGY,EMR,LMC,2020,7,65+,1005.0,2020-07-01,2020Q3
Indonesia,IDN,WPR,UMC,2020,3,65+,0.0,2020-03-01,2020Q1
Indonesia,IDN,WPR,UMC,2020,6,65+,208.0,2020-06-01,2020Q2
Indonesia,IDN,WPR,UMC,2020,5,65+,25.0,2020-05-01,2020Q2
Indonesia,IDN,WPR,UMC,2020,7,65+,437.0,2020-07-01,2020Q3
Estonia,EST,EUR,HIC,2020,2,65+,0.0,2020-02-01,2020Q1
Argentina,ARG,AMR,UMC,2020,12,65+,3299.0,2020-12-01,2020Q4
Indonesia,IDN,WPR,UMC,2020,11,65+,352.0,2020-11-01,2020Q4
Argentina,ARG,AMR,UMC,2020,9,65+,8833.0,2020-09-01,2020Q3
Indonesia,IDN,WPR,UMC,2020,9,65+,1103.0,2020-09-01,2020Q3
Indonesia,IDN,WPR,UMC,2020,8,65+,266.0,2020-08-01,2020Q3
Indonesia,IDN,WPR,UMC,2020,12,65+,0.0,2020-12-01,2020Q4
Argentina,ARG,AMR,UMC,2020,6,65+,1591.0,2020-06-01,2020Q2
Indonesia,IDN,WPR,UMC,2020,10,65+,887.0,2020-10-01,2020Q4
Estonia,EST,EUR,HIC,2020,12,65+,124.0,2020-12-01,2020Q4
Argentina,ARG,AMR,UMC,2020,8,65+,5494.0,2020-08-01,2020Q3
Argentina,ARG,AMR,UMC,2020,5,65+,523.0,2020-05-01,2020Q2
Argentina,ARG,AMR,UMC,2020,7,65+,4777.0,2020-07-01,2020Q3
Argentina,ARG,AMR,UMC,2020,10,65+,6707.0,2020-10-01,2020Q4
Argentina,ARG,AMR,UMC,2020,3,65+,47.0,2020-03-01,2020Q1
Argentina,ARG,AMR,UMC,2020,11,65+,3865.0,2020-11-01,2020Q4
Argentina,ARG,AMR,UMC,2020,4,65+,363.0,2020-04-01,2020Q2
Estonia,EST,EUR,HIC,2020,11,65+,38.0,2020-11-01,2020Q4
Estonia,EST,EUR,HIC,2020,10,65+,3.0,2020-10-01,2020Q4
Estonia,EST,EUR,HIC,2020,7,65+,0.0,2020-07-01,2020Q3
Estonia,EST,EUR,HIC,2020,8,65+,0.0,2020-08-01,2020Q3
Estonia,EST,EUR,HIC,2020,4,65+,0.0,2020-04-01,2020Q2
Estonia,EST,EUR,HIC,2020,6,65+,0.0,2020-06-01,2020Q2
Estonia,EST,EUR,HIC,2020,9,65+,0.0,2020-09-01,2020Q3
Estonia,EST,EUR,HIC,2020,3,65+,66.0,2020-03-01,2020Q1
Estonia,EST,EUR,HIC,2020,5,65+,0.0,2020-05-01,2020Q2
Romania,ROU,EUR,HIC,2020,8,65+,871.0,2020-08-01,2020Q3
Romania,ROU,EUR,HIC,2020,7,65+,617.0,2020-07-01,2020Q3
Romania,ROU,EUR,HIC,2020,4,65+,470.0,2020-04-01,2020Q2
Romania,ROU,EUR,HIC,2020,2,65+,0.0,2020-02-01,2020Q1
Romania,ROU,EUR,HIC,2020,3,65+,55.0,2020-03-01,2020Q1
Romania,ROU,EUR,HIC,2020,5,65+,305.0,2020-05-01,2020Q2
Romania,ROU,EUR,HIC,2020,9,65+,1140.0,2020-09-01,2020Q3
Romania,ROU,EUR,HIC,2020,11,65+,3937.0,2020-11-01,2020Q4
Romania,ROU,EUR,HIC,2020,12,65+,4203.0,2020-12-01,2020Q4
Romania,ROU,EUR,HIC,2020,6,65+,252.0,2020-06-01,2020Q2
Romania,ROU,EUR,HIC,2020,10,65+,1983.0,2020-10-01,2020Q4
Equatorial Guinea,GNQ,AFR,UMC,2020,3,65+,1.0,2020-03-01,2020Q1
Equatorial Guinea,GNQ,AFR,UMC,2020,5,65+,1.0,2020-05-01,2020Q2
Equatorial Guinea,GNQ,AFR,UMC,2020,4,65+,1.0,2020-04-01,2020Q2
Equatorial Guinea,GNQ,AFR,UMC,2020,7,65+,0.0,2020-07-01,2020Q3
Equatorial Guinea,GNQ,AFR,UMC,2020,6,65+,0.0,2020-06-01,2020Q2
Eritrea,ERI,AFR,LIC,2020,4,65+,0.0,2020-04-01,2020Q2
Somalia,SOM,EMR,LIC,2020,5,65+,25.0,2020-05-01,2020Q2
Somalia,SOM,EMR,LIC,2020,7,65+,1.0,2020-07-01,2020Q3
Somalia,SOM,EMR,LIC,2020,4,65+,30.0,2020-04-01,2020Q2
Somalia,SOM,EMR,LIC,2020,6,65+,12.0,2020-06-01,2020Q2
Singapore,SGP,WPR,HIC,2020,6,65+,1.0,2020-06-01,2020Q2
Singapore,SGP,WPR,HIC,2020,5,65+,5.0,2020-05-01,2020Q2
Sao Tome and Principe,STP,AFR,LMC,2020,6,65+,0.0,2020-06-01,2020Q2
Sao Tome and Principe,STP,AFR,LMC,2020,7,65+,0.0,2020-07-01,2020Q3
Sao Tome and Principe,STP,AFR,LMC,2020,9,65+,0.0,2020-09-01,2020Q3
Sao Tome and Principe,STP,AFR,LMC,2020,10,65+,0.0,2020-10-01,2020Q4
Sao Tome and Principe,STP,AFR,LMC,2020,4,65+,0.0,2020-04-01,2020Q2
Ghana,GHA,AFR,LMC,2020,8,65+,2.0,2020-08-01,2020Q3
Sao Tome and Principe,STP,AFR,LMC,2020,8,65+,0.0,2020-08-01,2020Q3
Algeria,DZA,AFR,UMC,2020,3,65+,2.0,2020-03-01,2020Q1
Guatemala,GTM,AMR,UMC,2020,6,65+,254.0,2020-06-01,2020Q2
Guatemala,GTM,AMR,UMC,2020,10,65+,131.0,2020-10-01,2020Q4
Guatemala,GTM,AMR,UMC,2020,11,65+,130.0,2020-11-01,2020Q4
Guatemala,GTM,AMR,UMC,2020,3,65+,1.0,2020-03-01,2020Q1
Guatemala,GTM,AMR,UMC,2020,7,65+,478.0,2020-07-01,2020Q3
Sao Tome and Principe,STP,AFR,LMC,2020,12,65+,0.0,2020-12-01,2020Q4
Sao Tome and Principe,STP,AFR,LMC,2020,5,65+,0.0,2020-05-01,2020Q2
Sao Tome and Principe,STP,AFR,LMC,2020,11,65+,0.0,2020-11-01,2020Q4
Guatemala,GTM,AMR,UMC,2020,4,65+,11.0,2020-04-01,2020Q2
Guatemala,GTM,AMR,UMC,2020,5,65+,94.0,2020-05-01,2020Q2
Guatemala,GTM,AMR,UMC,2020,2,65+,0.0,2020-02-01,2020Q1
Saint Lucia,LCA,AMR,UMC,2020,3,65+,0.0,2020-03-01,2020Q1
Saudi Arabia,SAU,EMR,HIC,2020,4,65+,22.0,2020-04-01,2020Q2
Saint Lucia,LCA,AMR,UMC,2020,7,65+,0.0,2020-07-01,2020Q3
Guernsey,GGY,EUR,,2020,3,65+,0.0,2020-03-01,2020Q1
Guernsey,GGY,EUR,,2020,5,65+,0.0,2020-05-01,2020Q2
Germany,DEU,EUR,HIC,2020,5,65+,546.0,2020-05-01,2020Q2
Germany,DEU,EUR,HIC,2020,3,65+,1786.0,2020-03-01,2020Q1
Germany,DEU,EUR,HIC,2020,2,65+,1.0,2020-02-01,2020Q1
Germany,DEU,EUR,HIC,2020,1,65+,0.0,2020-01-01,2020Q1
Guatemala,GTM,AMR,UMC,2020,12,65+,117.0,2020-12-01,2020Q4
Guatemala,GTM,AMR,UMC,2020,8,65+,305.0,2020-08-01,2020Q3
Guatemala,GTM,AMR,UMC,2020,9,65+,187.0,2020-09-01,2020Q3
Saint Lucia,LCA,AMR,UMC,2020,12,65+,0.0,2020-12-01,2020Q4
Germany,DEU,EUR,HIC,2020,9,65+,366.0,2020-09-01,2020Q3
Saint Lucia,LCA,AMR,UMC,2020,11,65+,2.0,2020-11-01,2020Q4
Ghana,GHA,AFR,LMC,2020,3,65+,1.0,2020-03-01,2020Q1
Ghana,GHA,AFR,LMC,2020,5,65+,4.0,2020-05-01,2020Q2
Saint Lucia,LCA,AMR,UMC,2020,10,65+,0.0,2020-10-01,2020Q4
Germany,DEU,EUR,HIC,2020,4,65+,6004.0,2020-04-01,2020Q2
Saudi Arabia,SAU,EMR,HIC,2020,3,65+,0.0,2020-03-01,2020Q1
Saudi Arabia,SAU,EMR,HIC,2020,5,65+,1.0,2020-05-01,2020Q2
Germany,DEU,EUR,HIC,2020,7,65+,125.0,2020-07-01,2020Q3
Germany,DEU,EUR,HIC,2020,10,65+,3079.0,2020-10-01,2020Q4
Germany,DEU,EUR,HIC,2020,6,65+,109.0,2020-06-01,2020Q2
Germany,DEU,EUR,HIC,2020,12,65+,26587.0,2020-12-01,2020Q4
Germany,DEU,EUR,HIC,2020,11,65+,10485.0,2020-11-01,2020Q4
Germany,DEU,EUR,HIC,2020,8,65+,93.0,2020-08-01,2020Q3
Saint Vincent and the Grenadines,VCT,AMR,UMC,2020,12,65+,0.0,2020-12-01,2020Q4
Saint Vincent and the Grenadines,VCT,AMR,UMC,2020,4,65+,0.0,2020-04-01,2020Q2
Saint Vincent and the Grenadines,VCT,AMR,UMC,2020,9,65+,0.0,2020-09-01,2020Q3
Saint Vincent and the Grenadines,VCT,AMR,UMC,2020,7,65+,0.0,2020-07-01,2020Q3
San Marino,SMR,EUR,HIC,2020,3,65+,0.0,2020-03-01,2020Q1
San Marino,SMR,EUR,HIC,2020,2,65+,0.0,2020-02-01,2020Q1
Antigua and Barbuda,ATG,AMR,HIC,2020,4,65+,0.0,2020-04-01,2020Q2
Antigua and Barbuda,ATG,AMR,HIC,2020,3,65+,0.0,2020-03-01,2020Q1
Greece,GRC,EUR,HIC,2020,12,65+,2152.0,2020-12-01,2020Q4
Greece,GRC,EUR,HIC,2020,10,65+,198.0,2020-10-01,2020Q4
Greece,GRC,EUR,HIC,2020,5,65+,29.0,2020-05-01,2020Q2
Greece,GRC,EUR,HIC,2020,7,65+,15.0,2020-07-01,2020Q3
Greece,GRC,EUR,HIC,2020,3,65+,32.0,2020-03-01,2020Q1
Greece,GRC,EUR,HIC,2020,2,65+,0.0,2020-02-01,2020Q1
Greece,GRC,EUR,HIC,2020,4,65+,76.0,2020-04-01,2020Q2
Greece,GRC,EUR,HIC,2020,1,65+,0.0,2020-01-01,2020Q1
Greece,GRC,EUR,HIC,2020,9,65+,123.0,2020-09-01,2020Q3
Greece,GRC,EUR,HIC,2020,11,65+,1565.0,2020-11-01,2020Q4
Greece,GRC,EUR,HIC,2020,6,65+,8.0,2020-06-01,2020Q2
Greece,GRC,EUR,HIC,2020,8,65+,51.0,2020-08-01,2020Q3
Guyana,GUY,AMR,HIC,2020,8,65+,15.0,2020-08-01,2020Q3
Guyana,GUY,AMR,HIC,2020,9,65+,24.0,2020-09-01,2020Q3
Guyana,GUY,AMR,HIC,2020,10,65+,16.0,2020-10-01,2020Q4
Guyana,GUY,AMR,HIC,2020,11,65+,11.0,2020-11-01,2020Q4
Seychelles,SYC,AFR,HIC,2020,9,65+,0.0,2020-09-01,2020Q3
Seychelles,SYC,AFR,HIC,2020,10,65+,0.0,2020-10-01,2020Q4
Seychelles,SYC,AFR,HIC,2020,8,65+,0.0,2020-08-01,2020Q3
Guyana,GUY,AMR,HIC,2020,12,65+,11.0,2020-12-01,2020Q4
Seychelles,SYC,AFR,HIC,2020,11,65+,0.0,2020-11-01,2020Q4
Seychelles,SYC,AFR,HIC,2020,12,65+,0.0,2020-12-01,2020Q4
Seychelles,SYC,AFR,HIC,2020,6,65+,0.0,2020-06-01,2020Q2
Seychelles,SYC,AFR,HIC,2020,7,65+,0.0,2020-07-01,2020Q3
Seychelles,SYC,AFR,HIC,2020,4,65+,0.0,2020-04-01,2020Q2
Seychelles,SYC,AFR,HIC,2020,3,65+,0.0,2020-03-01,2020Q1
France,FRA,EUR,HIC,2020,12,65+,8519.0,2020-12-01,2020Q4
France,FRA,EUR,HIC,2020,3,65+,2420.0,2020-03-01,2020Q1
Singapore,SGP,WPR,HIC,2020,1,65+,0.0,2020-01-01,2020Q1
Singapore,SGP,WPR,HIC,2020,2,65+,0.0,2020-02-01,2020Q1
Singapore,SGP,WPR,HIC,2020,4,65+,10.0,2020-04-01,2020Q2
Singapore,SGP,WPR,HIC,2020,3,65+,0.0,2020-03-01,2020Q1
France,FRA,EUR,HIC,2020,11,65+,9610.0,2020-11-01,2020Q4
France,FRA,EUR,HIC,2020,9,65+,1167.0,2020-09-01,2020Q3
France,FRA,EUR,HIC,2020,10,65+,3683.0,2020-10-01,2020Q4
France,FRA,EUR,HIC,2020,8,65+,285.0,2020-08-01,2020Q3
France,FRA,EUR,HIC,2020,7,65+,410.0,2020-07-01,2020Q3
Sierra Leone,SLE,AFR,LIC,2020,5,65+,0.0,2020-05-01,2020Q2
Sierra Leone,SLE,AFR,LIC,2020,6,65+,0.0,2020-06-01,2020Q2
Sierra Leone,SLE,AFR,LIC,2020,7,65+,0.0,2020-07-01,2020Q3
Sierra Leone,SLE,AFR,LIC,2020,8,65+,0.0,2020-08-01,2020Q3
Sierra Leone,SLE,AFR,LIC,2020,4,65+,0.0,2020-04-01,2020Q2
Sierra Leone,SLE,AFR,LIC,2020,9,65+,0.0,2020-09-01,2020Q3
Sierra Leone,SLE,AFR,LIC,2020,10,65+,0.0,2020-10-01,2020Q4
Saint Kitts and Nevis,KNA,AMR,HIC,2020,4,65+,0.0,2020-04-01,2020Q2
Saint Kitts and Nevis,KNA,AMR,HIC,2020,9,65+,0.0,2020-09-01,2020Q3
Saint Kitts and Nevis,KNA,AMR,HIC,2020,12,65+,0.0,2020-12-01,2020Q4
Gambia,GMB,AFR,LIC,2020,6,65+,1.0,2020-06-01,2020Q2
Gambia,GMB,AFR,LIC,2020,5,65+,0.0,2020-05-01,2020Q2
Gambia,GMB,AFR,LIC,2020,8,65+,4.0,2020-08-01,2020Q3
Gambia,GMB,AFR,LIC,2020,7,65+,1.0,2020-07-01,2020Q3
Guinea,GIN,AFR,LMC,2020,11,65+,0.0,2020-11-01,2020Q4
Guinea,GIN,AFR,LMC,2020,12,65+,0.0,2020-12-01,2020Q4
Guinea,GIN,AFR,LMC,2020,10,65+,0.0,2020-10-01,2020Q4
Guinea,GIN,AFR,LMC,2020,9,65+,0.0,2020-09-01,2020Q3
Georgia,GEO,EUR,UMC,2020,9,65+,0.0,2020-09-01,2020Q3
Georgia,GEO,EUR,UMC,2020,7,65+,0.0,2020-07-01,2020Q3
Georgia,GEO,EUR,UMC,2020,5,65+,0.0,2020-05-01,2020Q2
Georgia,GEO,EUR,UMC,2020,8,65+,0.0,2020-08-01,2020Q3
Georgia,GEO,EUR,UMC,2020,4,65+,0.0,2020-04-01,2020Q2
Guinea,GIN,AFR,LMC,2020,3,65+,0.0,2020-03-01,2020Q1
Georgia,GEO,EUR,UMC,2020,6,65+,0.0,2020-06-01,2020Q2
Guinea,GIN,AFR,LMC,2020,5,65+,0.0,2020-05-01,2020Q2
Senegal,SEN,AFR,LMC,2020,5,65+,1.0,2020-05-01,2020Q2
Guinea,GIN,AFR,LMC,2020,7,65+,0.0,2020-07-01,2020Q3
Senegal,SEN,AFR,LMC,2020,3,65+,1.0,2020-03-01,2020Q1
Senegal,SEN,AFR,LMC,2020,2,65+,0.0,2020-02-01,2020Q1
Senegal,SEN,AFR,LMC,2020,4,65+,0.0,2020-04-01,2020Q2
Guinea,GIN,AFR,LMC,2020,4,65+,0.0,2020-04-01,2020Q2
Georgia,GEO,EUR,UMC,2020,3,65+,0.0,2020-03-01,2020Q1
Guinea,GIN,AFR,LMC,2020,6,65+,0.0,2020-06-01,2020Q2
Guinea,GIN,AFR,LMC,2020,8,65+,0.0,2020-08-01,2020Q3
Gambia,GMB,AFR,LIC,2020,3,65+,0.0,2020-03-01,2020Q1
Guyana,GUY,AMR,HIC,2020,2,65+,0.0,2020-02-01,2020Q1
Guyana,GUY,AMR,HIC,2020,3,65+,0.0,2020-03-01,2020Q1
Guyana,GUY,AMR,HIC,2020,4,65+,3.0,2020-04-01,2020Q2
Guyana,GUY,AMR,HIC,2020,6,65+,0.0,2020-06-01,2020Q2
Guyana,GUY,AMR,HIC,2020,5,65+,1.0,2020-05-01,2020Q2
Guyana,GUY,AMR,HIC,2020,7,65+,3.0,2020-07-01,2020Q3
Guyana,GUY,AMR,HIC,2020,1,65+,0.0,2020-01-01,2020Q1
Serbia,SRB,EUR,UMC,2020,3,65+,0.0,2020-03-01,2020Q1
South Sudan,SSD,AFR,LIC,2020,4,65+,1.0,2020-04-01,2020Q2
Japan,JPN,WPR,HIC,2020,11,65+,205.0,2020-11-01,2020Q4
Japan,JPN,WPR,HIC,2020,10,65+,159.0,2020-10-01,2020Q4
Togo,TGO,AFR,LIC,2020,8,65+,0.0,2020-08-01,2020Q3
Jersey,JEY,EUR,,2020,3,65+,0.0,2020-03-01,2020Q1
Togo,TGO,AFR,LIC,2020,4,65+,0.0,2020-04-01,2020Q2
Armenia,ARM,EUR,UMC,2020,5,65+,0.0,2020-05-01,2020Q2
Congo,COG,AFR,LMC,2020,4,65+,0.0,2020-04-01,2020Q2
Congo,COG,AFR,LMC,2020,3,65+,2.0,2020-03-01,2020Q1
Japan,JPN,WPR,HIC,2020,2,65+,3.0,2020-02-01,2020Q1
Japan,JPN,WPR,HIC,2020,4,65+,7.0,2020-04-01,2020Q2
Japan,JPN,WPR,HIC,2020,5,65+,0.0,2020-05-01,2020Q2
Japan,JPN,WPR,HIC,2020,12,65+,1366.0,2020-12-01,2020Q4
Japan,JPN,WPR,HIC,2020,9,65+,227.0,2020-09-01,2020Q3
Japan,JPN,WPR,HIC,2020,3,65+,0.0,2020-03-01,2020Q1
Jersey,JEY,EUR,,2020,10,65+,0.0,2020-10-01,2020Q4
Jersey,JEY,EUR,,2020,12,65+,0.0,2020-12-01,2020Q4
Jordan,JOR,EMR,LMC,2020,5,65+,0.0,2020-05-01,2020Q2
Jordan,JOR,EMR,LMC,2020,7,65+,1.0,2020-07-01,2020Q3
Jordan,JOR,EMR,LMC,2020,11,65+,40.0,2020-11-01,2020Q4
Jordan,JOR,EMR,LMC,2020,8,65+,6.0,2020-08-01,2020Q3
Jordan,JOR,EMR,LMC,2020,9,65+,65.0,2020-09-01,2020Q3
Jordan,JOR,EMR,LMC,2020,10,65+,22.0,2020-10-01,2020Q4
Jordan,JOR,EMR,LMC,2020,12,65+,7.0,2020-12-01,2020Q4
Jordan,JOR,EMR,LMC,2020,6,65+,0.0,2020-06-01,2020Q2
Jordan,JOR,EMR,LMC,2020,3,65+,4.0,2020-03-01,2020Q1
Jordan,JOR,EMR,LMC,2020,4,65+,3.0,2020-04-01,2020Q2
Panama,PAN,AMR,HIC,2020,7,65+,422.0,2020-07-01,2020Q3
Panama,PAN,AMR,HIC,2020,5,65+,112.0,2020-05-01,2020Q2
Panama,PAN,AMR,HIC,2020,4,65+,145.0,2020-04-01,2020Q2
Jersey,JEY,EUR,,2020,11,65+,0.0,2020-11-01,2020Q4
Jersey,JEY,EUR,,2020,5,65+,0.0,2020-05-01,2020Q2
Jersey,JEY,EUR,,2020,6,65+,0.0,2020-06-01,2020Q2
Jersey,JEY,EUR,,2020,7,65+,0.0,2020-07-01,2020Q3
Jersey,JEY,EUR,,2020,8,65+,0.0,2020-08-01,2020Q3
Jersey,JEY,EUR,,2020,9,65+,0.0,2020-09-01,2020Q3
Colombia,COL,AMR,UMC,2020,3,65+,46.0,2020-03-01,2020Q1
Colombia,COL,AMR,UMC,2020,6,65+,2332.0,2020-06-01,2020Q2
Colombia,COL,AMR,UMC,2020,5,65+,734.0,2020-05-01,2020Q2
Panama,PAN,AMR,HIC,2020,3,65+,4.0,2020-03-01,2020Q1
Jersey,JEY,EUR,,2020,4,65+,0.0,2020-04-01,2020Q2
Colombia,COL,AMR,UMC,2020,7,65+,6754.0,2020-07-01,2020Q3
Colombia,COL,AMR,UMC,2020,12,65+,6857.0,2020-12-01,2020Q4
Colombia,COL,AMR,UMC,2020,11,65+,3435.0,2020-11-01,2020Q4
Colombia,COL,AMR,UMC,2020,10,65+,3761.0,2020-10-01,2020Q4
Colombia,COL,AMR,UMC,2020,4,65+,308.0,2020-04-01,2020Q2
Colombia,COL,AMR,UMC,2020,8,65+,5267.0,2020-08-01,2020Q3
Colombia,COL,AMR,UMC,2020,9,65+,4297.0,2020-09-01,2020Q3
Costa Rica,CRI,AMR,UMC,2020,6,65+,5.0,2020-06-01,2020Q2
Costa Rica,CRI,AMR,UMC,2020,5,65+,1.0,2020-05-01,2020Q2
Costa Rica,CRI,AMR,UMC,2020,3,65+,2.0,2020-03-01,2020Q1
Costa Rica,CRI,AMR,UMC,2020,4,65+,2.0,2020-04-01,2020Q2
Costa Rica,CRI,AMR,UMC,2020,2,65+,1.0,2020-02-01,2020Q1
Italy,ITA,EUR,HIC,2020,7,65+,375.0,2020-07-01,2020Q3
Costa Rica,CRI,AMR,UMC,2020,10,65+,293.0,2020-10-01,2020Q4
Italy,ITA,EUR,HIC,2020,9,65+,524.0,2020-09-01,2020Q3
Costa Rica,CRI,AMR,UMC,2020,9,65+,402.0,2020-09-01,2020Q3
Italy,ITA,EUR,HIC,2020,10,65+,3911.0,2020-10-01,2020Q4
Costa Rica,CRI,AMR,UMC,2020,8,65+,192.0,2020-08-01,2020Q3
Costa Rica,CRI,AMR,UMC,2020,7,65+,155.0,2020-07-01,2020Q3
Costa Rica,CRI,AMR,UMC,2020,11,65+,224.0,2020-11-01,2020Q4
Thailand,THA,SEAR,UMC,2020,3,65+,0.0,2020-03-01,2020Q1
Thailand,THA,SEAR,UMC,2020,2,65+,0.0,2020-02-01,2020Q1
Armenia,ARM,EUR,UMC,2020,9,65+,0.0,2020-09-01,2020Q3
Armenia,ARM,EUR,UMC,2020,8,65+,0.0,2020-08-01,2020Q3
Armenia,ARM,EUR,UMC,2020,7,65+,0.0,2020-07-01,2020Q3
Armenia,ARM,EUR,UMC,2020,6,65+,0.0,2020-06-01,2020Q2
Armenia,ARM,EUR,UMC,2020,10,65+,0.0,2020-10-01,2020Q4
Italy,ITA,EUR,HIC,2020,11,65+,17674.0,2020-11-01,2020Q4
Italy,ITA,EUR,HIC,2020,12,65+,18343.0,2020-12-01,2020Q4
Thailand,THA,SEAR,UMC,2020,1,65+,0.0,2020-01-01,2020Q1
Italy,ITA,EUR,HIC,2020,6,65+,1117.0,2020-06-01,2020Q2
Peru,PER,AMR,UMC,2020,1,65+,46.0,2020-01-01,2020Q1
Italy,ITA,EUR,HIC,2020,3,65+,12581.0,2020-03-01,2020Q1
Italy,ITA,EUR,HIC,2020,5,65+,3309.0,2020-05-01,2020Q2
Costa Rica,CRI,AMR,UMC,2020,12,65+,375.0,2020-12-01,2020Q4
Italy,ITA,EUR,HIC,2020,8,65+,166.0,2020-08-01,2020Q3
Italy,ITA,EUR,HIC,2020,4,65+,15646.0,2020-04-01,2020Q2
Italy,ITA,EUR,HIC,2020,1,65+,0.0,2020-01-01,2020Q1
Italy,ITA,EUR,HIC,2020,2,65+,86.0,2020-02-01,2020Q1
Israel,ISR,EUR,HIC,2020,3,65+,15.0,2020-03-01,2020Q1
Israel,ISR,EUR,HIC,2020,12,65+,483.0,2020-12-01,2020Q4
Israel,ISR,EUR,HIC,2020,8,65+,305.0,2020-08-01,2020Q3
Israel,ISR,EUR,HIC,2020,10,65+,725.0,2020-10-01,2020Q4
Israel,ISR,EUR,HIC,2020,11,65+,233.0,2020-11-01,2020Q4
Jamaica,JAM,AMR,UMC,2020,10,65+,51.0,2020-10-01,2020Q4
Jamaica,JAM,AMR,UMC,2020,8,65+,13.0,2020-08-01,2020Q3
Jamaica,JAM,AMR,UMC,2020,12,65+,33.0,2020-12-01,2020Q4
Jamaica,JAM,AMR,UMC,2020,11,65+,19.0,2020-11-01,2020Q4
Jamaica,JAM,AMR,UMC,2020,6,65+,0.0,2020-06-01,2020Q2
Jamaica,JAM,AMR,UMC,2020,4,65+,3.0,2020-04-01,2020Q2
Jamaica,JAM,AMR,UMC,2020,9,65+,96.0,2020-09-01,2020Q3
Jamaica,JAM,AMR,UMC,2020,5,65+,0.0,2020-05-01,2020Q2
Jamaica,JAM,AMR,UMC,2020,7,65+,2.0,2020-07-01,2020Q3
Armenia,ARM,EUR,UMC,2020,11,65+,0.0,2020-11-01,2020Q4
Paraguay,PRY,AMR,UMC,2020,6,65+,0.0,2020-06-01,2020Q2
Paraguay,PRY,AMR,UMC,2020,4,65+,0.0,2020-04-01,2020Q2
Paraguay,PRY,AMR,UMC,2020,8,65+,0.0,2020-08-01,2020Q3
Paraguay,PRY,AMR,UMC,2020,3,65+,0.0,2020-03-01,2020Q1
Paraguay,PRY,AMR,UMC,2020,5,65+,0.0,2020-05-01,2020Q2
Paraguay,PRY,AMR,UMC,2020,7,65+,0.0,2020-07-01,2020Q3
Paraguay,PRY,AMR,UMC,2020,10,65+,0.0,2020-10-01,2020Q4
Paraguay,PRY,AMR,UMC,2020,9,65+,0.0,2020-09-01,2020Q3
Paraguay,PRY,AMR,UMC,2020,11,65+,0.0,2020-11-01,2020Q4
Paraguay,PRY,AMR,UMC,2020,12,65+,0.0,2020-12-01,2020Q4
Armenia,ARM,EUR,UMC,2020,4,65+,0.0,2020-04-01,2020Q2
Peru,PER,AMR,UMC,2020,3,65+,67.0,2020-03-01,2020Q1
Kosovo (in accordance with UN Security Council resolution 1244 (1999)),XKX,EUR,UMC,2020,5,65+,0.0,2020-05-01,2020Q2
Kosovo (in accordance with UN Security Council resolution 1244 (1999)),XKX,EUR,UMC,2020,6,65+,10.0,2020-06-01,2020Q2
Kosovo (in accordance with UN Security Council resolution 1244 (1999)),XKX,EUR,UMC,2020,4,65+,0.0,2020-04-01,2020Q2
Kosovo (in accordance with UN Security Council resolution 1244 (1999)),XKX,EUR,UMC,2020,9,65+,74.0,2020-09-01,2020Q3
Kosovo (in accordance with UN Security Council resolution 1244 (1999)),XKX,EUR,UMC,2020,7,65+,129.0,2020-07-01,2020Q3
Kosovo (in accordance with UN Security Council resolution 1244 (1999)),XKX,EUR,UMC,2020,10,65+,60.0,2020-10-01,2020Q4
Kosovo (in accordance with UN Security Council resolution 1244 (1999)),XKX,EUR,UMC,2020,3,65+,0.0,2020-03-01,2020Q1
Kosovo (in accordance with UN Security Council resolution 1244 (1999)),XKX,EUR,UMC,2020,8,65+,187.0,2020-08-01,2020Q3
Tunisia,TUN,EMR,LMC,2020,3,65+,3.0,2020-03-01,2020Q1
Tunisia,TUN,EMR,LMC,2020,6,65+,0.0,2020-06-01,2020Q2
Tunisia,TUN,EMR,LMC,2020,4,65+,4.0,2020-04-01,2020Q2
Tunisia,TUN,EMR,LMC,2020,7,65+,0.0,2020-07-01,2020Q3
Tunisia,TUN,EMR,LMC,2020,5,65+,0.0,2020-05-01,2020Q2
Oman,OMN,EMR,HIC,2020,12,65+,18.0,2020-12-01,2020Q4
Oman,OMN,EMR,HIC,2020,3,65+,2.0,2020-03-01,2020Q1
Oman,OMN,EMR,HIC,2020,9,65+,180.0,2020-09-01,2020Q3
Oman,OMN,EMR,HIC,2020,2,65+,0.0,2020-02-01,2020Q1
Oman,OMN,EMR,HIC,2020,4,65+,12.0,2020-04-01,2020Q2
Oman,OMN,EMR,HIC,2020,7,65+,140.0,2020-07-01,2020Q3
Oman,OMN,EMR,HIC,2020,1,65+,0.0,2020-01-01,2020Q1
Oman,OMN,EMR,HIC,2020,5,65+,18.0,2020-05-01,2020Q2
Kosovo (in accordance with UN Security Council resolution 1244 (1999)),XKX,EUR,UMC,2020,12,65+,169.0,2020-12-01,2020Q4
Oman,OMN,EMR,HIC,2020,11,65+,53.0,2020-11-01,2020Q4
Tunisia,TUN,EMR,LMC,2020,10,65+,290.0,2020-10-01,2020Q4
Tunisia,TUN,EMR,LMC,2020,8,65+,3.0,2020-08-01,2020Q3
Tunisia,TUN,EMR,LMC,2020,9,65+,98.0,2020-09-01,2020Q3
Tunisia,TUN,EMR,LMC,2020,11,65+,38.0,2020-11-01,2020Q4
Oman,OMN,EMR,HIC,2020,8,65+,64.0,2020-08-01,2020Q3
Tunisia,TUN,EMR,LMC,2020,12,65+,0.0,2020-12-01,2020Q4
Oman,OMN,EMR,HIC,2020,10,65+,105.0,2020-10-01,2020Q4
Oman,OMN,EMR,HIC,2020,6,65+,43.0,2020-06-01,2020Q2
China,CHN,WPR,UMC,2020,10,65+,0.0,2020-10-01,2020Q4
China,CHN,WPR,UMC,2020,6,65+,0.0,2020-06-01,2020Q2
China,CHN,WPR,UMC,2020,12,65+,0.0,2020-12-01,2020Q4
China,CHN,WPR,UMC,2020,9,65+,0.0,2020-09-01,2020Q3
China,CHN,WPR,UMC,2020,11,65+,0.0,2020-11-01,2020Q4
China,CHN,WPR,UMC,2020,4,65+,0.0,2020-04-01,2020Q2
China,CHN,WPR,UMC,2020,8,65+,0.0,2020-08-01,2020Q3
China,CHN,WPR,UMC,2020,7,65+,0.0,2020-07-01,2020Q3
"occupied Palestinian territory, including east Jerusalem",PSE,EMR,LMC,2020,6,65+,0.0,2020-06-01,2020Q2
"occupied Palestinian territory, including east Jerusalem",PSE,EMR,LMC,2020,5,65+,0.0,2020-05-01,2020Q2
"occupied Palestinian territory, including east Jerusalem",PSE,EMR,LMC,2020,3,65+,1.0,2020-03-01,2020Q1
"occupied Palestinian territory, including east Jerusalem",PSE,EMR,LMC,2020,4,65+,0.0,2020-04-01,2020Q2
"occupied Palestinian territory, including east Jerusalem",PSE,EMR,LMC,2020,8,65+,4.0,2020-08-01,2020Q3
China,CHN,WPR,UMC,2020,5,65+,1.0,2020-05-01,2020Q2
"occupied Palestinian territory, including east Jerusalem",PSE,EMR,LMC,2020,7,65+,2.0,2020-07-01,2020Q3
Turkey,TUR,EUR,UMC,2020,7,65+,0.0,2020-07-01,2020Q3
Turkey,TUR,EUR,UMC,2020,4,65+,0.0,2020-04-01,2020Q2
Turkey,TUR,EUR,UMC,2020,8,65+,0.0,2020-08-01,2020Q3
Turkey,TUR,EUR,UMC,2020,9,65+,350.0,2020-09-01,2020Q3
Turkey,TUR,EUR,UMC,2020,5,65+,0.0,2020-05-01,2020Q2
Turkey,TUR,EUR,UMC,2020,11,65+,2509.0,2020-11-01,2020Q4
Kosovo (in accordance with UN Security Council resolution 1244 (1999)),XKX,EUR,UMC,2020,11,65+,274.0,2020-11-01,2020Q4
Turkey,TUR,EUR,UMC,2020,6,65+,0.0,2020-06-01,2020Q2
Turkey,TUR,EUR,UMC,2020,3,65+,0.0,2020-03-01,2020Q1
Turkey,TUR,EUR,UMC,2020,12,65+,6127.0,2020-12-01,2020Q4
"occupied Palestinian territory, including east Jerusalem",PSE,EMR,LMC,2020,10,65+,1.0,2020-10-01,2020Q4
"occupied Palestinian territory, including east Jerusalem",PSE,EMR,LMC,2020,11,65+,0.0,2020-11-01,2020Q4
"occupied Palestinian territory, including east Jerusalem",PSE,EMR,LMC,2020,9,65+,3.0,2020-09-01,2020Q3
Turkey,TUR,EUR,UMC,2020,10,65+,1475.0,2020-10-01,2020Q4
Trinidad and Tobago,TTO,AMR,HIC,2020,12,65+,4.0,2020-12-01,2020Q4
Pakistan,PAK,EMR,LMC,2020,4,65+,300.0,2020-04-01,2020Q2
Kenya,KEN,AFR,LMC,2020,3,65+,1.0,2020-03-01,2020Q1
Pakistan,PAK,EMR,LMC,2020,5,65+,585.0,2020-05-01,2020Q2
Pakistan,PAK,EMR,LMC,2020,9,65+,89.0,2020-09-01,2020Q3
Pakistan,PAK,EMR,LMC,2020,6,65+,1199.0,2020-06-01,2020Q2
Pakistan,PAK,EMR,LMC,2020,11,65+,0.0,2020-11-01,2020Q4
Pakistan,PAK,EMR,LMC,2020,10,65+,11.0,2020-10-01,2020Q4
Pakistan,PAK,EMR,LMC,2020,8,65+,91.0,2020-08-01,2020Q3
Trinidad and Tobago,TTO,AMR,HIC,2020,7,65+,0.0,2020-07-01,2020Q3
Trinidad and Tobago,TTO,AMR,HIC,2020,10,65+,5.0,2020-10-01,2020Q4
Pakistan,PAK,EMR,LMC,2020,2,65+,0.0,2020-02-01,2020Q1
Pakistan,PAK,EMR,LMC,2020,7,65+,472.0,2020-07-01,2020Q3
Pakistan,PAK,EMR,LMC,2020,3,65+,21.0,2020-03-01,2020Q1
Trinidad and Tobago,TTO,AMR,HIC,2020,11,65+,7.0,2020-11-01,2020Q4
Trinidad and Tobago,TTO,AMR,HIC,2020,9,65+,16.0,2020-09-01,2020Q3
Trinidad and Tobago,TTO,AMR,HIC,2020,1,65+,0.0,2020-01-01,2020Q1
Trinidad and Tobago,TTO,AMR,HIC,2020,2,65+,0.0,2020-02-01,2020Q1
Trinidad and Tobago,TTO,AMR,HIC,2020,4,65+,3.0,2020-04-01,2020Q2
Trinidad and Tobago,TTO,AMR,HIC,2020,3,65+,7.0,2020-03-01,2020Q1
Trinidad and Tobago,TTO,AMR,HIC,2020,6,65+,0.0,2020-06-01,2020Q2
Trinidad and Tobago,TTO,AMR,HIC,2020,5,65+,2.0,2020-05-01,2020Q2
Trinidad and Tobago,TTO,AMR,HIC,2020,8,65+,17.0,2020-08-01,2020Q3
Denmark,DNK,EUR,HIC,2020,8,65+,8.0,2020-08-01,2020Q3
Albania,ALB,EUR,UMC,2020,10,65+,10.0,2020-10-01,2020Q4
Albania,ALB,EUR,UMC,2020,9,65+,41.0,2020-09-01,2020Q3
Sudan,SDN,EMR,LIC,2020,3,65+,0.0,2020-03-01,2020Q1
Denmark,DNK,EUR,HIC,2020,6,65+,11.0,2020-06-01,2020Q2
Denmark,DNK,EUR,HIC,2020,11,65+,0.0,2020-11-01,2020Q4
Denmark,DNK,EUR,HIC,2020,9,65+,49.0,2020-09-01,2020Q3
Albania,ALB,EUR,UMC,2020,11,65+,74.0,2020-11-01,2020Q4
Denmark,DNK,EUR,HIC,2020,12,65+,0.0,2020-12-01,2020Q4
Sudan,SDN,EMR,LIC,2020,12,65+,102.0,2020-12-01,2020Q4
Denmark,DNK,EUR,HIC,2020,10,65+,0.0,2020-10-01,2020Q4
Denmark,DNK,EUR,HIC,2020,7,65+,13.0,2020-07-01,2020Q3
Denmark,DNK,EUR,HIC,2020,3,65+,198.0,2020-03-01,2020Q1
Denmark,DNK,EUR,HIC,2020,5,65+,48.0,2020-05-01,2020Q2
Denmark,DNK,EUR,HIC,2020,4,65+,324.0,2020-04-01,2020Q2
Denmark,DNK,EUR,HIC,2020,2,65+,0.0,2020-02-01,2020Q1
Sudan,SDN,EMR,LIC,2020,11,65+,70.0,2020-11-01,2020Q4
Sudan,SDN,EMR,LIC,2020,7,65+,126.0,2020-07-01,2020Q3
Sudan,SDN,EMR,LIC,2020,4,65+,21.0,2020-04-01,2020Q2
Sudan,SDN,EMR,LIC,2020,5,65+,100.0,2020-05-01,2020Q2
Sudan,SDN,EMR,LIC,2020,6,65+,99.0,2020-06-01,2020Q2
Sudan,SDN,EMR,LIC,2020,10,65+,3.0,2020-10-01,2020Q4
Sudan,SDN,EMR,LIC,2020,8,65+,13.0,2020-08-01,2020Q3
Sudan,SDN,EMR,LIC,2020,9,65+,1.0,2020-09-01,2020Q3
Suriname,SUR,AMR,UMC,2020,3,65+,0.0,2020-03-01,2020Q1
Suriname,SUR,AMR,UMC,2020,5,65+,0.0,2020-05-01,2020Q2
Suriname,SUR,AMR,UMC,2020,6,65+,0.0,2020-06-01,2020Q2
Albania,ALB,EUR,UMC,2020,8,65+,7.0,2020-08-01,2020Q3
Albania,ALB,EUR,UMC,2020,5,65+,0.0,2020-05-01,2020Q2
Albania,ALB,EUR,UMC,2020,6,65+,0.0,2020-06-01,2020Q2
Suriname,SUR,AMR,UMC,2020,9,65+,0.0,2020-09-01,2020Q3
Suriname,SUR,AMR,UMC,2020,12,65+,0.0,2020-12-01,2020Q4
Suriname,SUR,AMR,UMC,2020,10,65+,0.0,2020-10-01,2020Q4
Suriname,SUR,AMR,UMC,2020,7,65+,0.0,2020-07-01,2020Q3
Suriname,SUR,AMR,UMC,2020,8,65+,0.0,2020-08-01,2020Q3
Suriname,SUR,AMR,UMC,2020,11,65+,0.0,2020-11-01,2020Q4
Albania,ALB,EUR,UMC,2020,7,65+,0.0,2020-07-01,2020Q3
Portugal,PRT,EUR,HIC,2020,7,65+,157.0,2020-07-01,2020Q3
Portugal,PRT,EUR,HIC,2020,4,65+,922.0,2020-04-01,2020Q2
Portugal,PRT,EUR,HIC,2020,6,65+,122.0,2020-06-01,2020Q2
Portugal,PRT,EUR,HIC,2020,5,65+,259.0,2020-05-01,2020Q2
Portugal,PRT,EUR,HIC,2020,3,65+,131.0,2020-03-01,2020Q1
Portugal,PRT,EUR,HIC,2020,2,65+,0.0,2020-02-01,2020Q1
Denmark,DNK,EUR,HIC,2020,1,65+,0.0,2020-01-01,2020Q1
Portugal,PRT,EUR,HIC,2020,12,65+,2537.0,2020-12-01,2020Q4
Portugal,PRT,EUR,HIC,2020,10,65+,537.0,2020-10-01,2020Q4
Portugal,PRT,EUR,HIC,2020,9,65+,182.0,2020-09-01,2020Q3
Portugal,PRT,EUR,HIC,2020,11,65+,1780.0,2020-11-01,2020Q4
Portugal,PRT,EUR,HIC,2020,8,65+,79.0,2020-08-01,2020Q3
Democratic Republic of the Congo,COD,AFR,LIC,2020,9,65+,0.0,2020-09-01,2020Q3
Democratic Republic of the Congo,COD,AFR,LIC,2020,4,65+,0.0,2020-04-01,2020Q2
Democratic Republic of the Congo,COD,AFR,LIC,2020,6,65+,0.0,2020-06-01,2020Q2
Democratic Republic of the Congo,COD,AFR,LIC,2020,3,65+,0.0,2020-03-01,2020Q1
Democratic Republic of the Congo,COD,AFR,LIC,2020,5,65+,0.0,2020-05-01,2020Q2
Democratic Republic of the Congo,COD,AFR,LIC,2020,10,65+,0.0,2020-10-01,2020Q4
Democratic Republic of the Congo,COD,AFR,LIC,2020,7,65+,0.0,2020-07-01,2020Q3
Democratic Republic of the Congo,COD,AFR,LIC,2020,11,65+,0.0,2020-11-01,2020Q4
Democratic Republic of the Congo,COD,AFR,LIC,2020,8,65+,0.0,2020-08-01,2020Q3
Democratic Republic of the Congo,COD,AFR,LIC,2020,12,65+,0.0,2020-12-01,2020Q4
Dominican Republic,DOM,AMR,UMC,2020,6,65+,186.0,2020-06-01,2020Q2
Dominican Republic,DOM,AMR,UMC,2020,3,65+,106.0,2020-03-01,2020Q1
Qatar,QAT,EMR,HIC,2020,11,65+,2.0,2020-11-01,2020Q4
Qatar,QAT,EMR,HIC,2020,12,65+,0.0,2020-12-01,2020Q4
Qatar,QAT,EMR,HIC,2020,9,65+,13.0,2020-09-01,2020Q3
Qatar,QAT,EMR,HIC,2020,10,65+,3.0,2020-10-01,2020Q4
Qatar,QAT,EMR,HIC,2020,6,65+,33.0,2020-06-01,2020Q2
Dominican Republic,DOM,AMR,UMC,2020,9,65+,112.0,2020-09-01,2020Q3
Dominican Republic,DOM,AMR,UMC,2020,11,65+,65.0,2020-11-01,2020Q4
Qatar,QAT,EMR,HIC,2020,5,65+,24.0,2020-05-01,2020Q2
Dominican Republic,DOM,AMR,UMC,2020,4,65+,209.0,2020-04-01,2020Q2
Dominican Republic,DOM,AMR,UMC,2020,5,65+,113.0,2020-05-01,2020Q2
Dominican Republic,DOM,AMR,UMC,2020,2,65+,0.0,2020-02-01,2020Q1
Dominican Republic,DOM,AMR,UMC,2020,10,65+,57.0,2020-10-01,2020Q4
Dominican Republic,DOM,AMR,UMC,2020,7,65+,433.0,2020-07-01,2020Q3
Spain,ESP,EUR,HIC,2020,8,65+,962.0,2020-08-01,2020Q3
Spain,ESP,EUR,HIC,2020,10,65+,4759.0,2020-10-01,2020Q4
Spain,ESP,EUR,HIC,2020,9,65+,3502.0,2020-09-01,2020Q3
Spain,ESP,EUR,HIC,2020,6,65+,501.0,2020-06-01,2020Q2
Spain,ESP,EUR,HIC,2020,5,65+,2121.0,2020-05-01,2020Q2
Qatar,QAT,EMR,HIC,2020,7,65+,7.0,2020-07-01,2020Q3
Qatar,QAT,EMR,HIC,2020,8,65+,3.0,2020-08-01,2020Q3
Spain,ESP,EUR,HIC,2020,1,65+,0.0,2020-01-01,2020Q1
Spain,ESP,EUR,HIC,2020,3,65+,7860.0,2020-03-01,2020Q1
Spain,ESP,EUR,HIC,2020,4,65+,16503.0,2020-04-01,2020Q2
Spain,ESP,EUR,HIC,2020,2,65+,1.0,2020-02-01,2020Q1
South Sudan,SSD,AFR,LIC,2020,5,65+,0.0,2020-05-01,2020Q2
Dominican Republic,DOM,AMR,UMC,2020,12,65+,176.0,2020-12-01,2020Q4
Dominican Republic,DOM,AMR,UMC,2020,8,65+,148.0,2020-08-01,2020Q3
Spain,ESP,EUR,HIC,2020,7,65+,208.0,2020-07-01,2020Q3
Albania,ALB,EUR,UMC,2020,12,65+,120.0,2020-12-01,2020Q4
Sri Lanka,LKA,SEAR,LMC,2020,4,65+,2.0,2020-04-01,2020Q2
Sri Lanka,LKA,SEAR,LMC,2020,10,65+,7.0,2020-10-01,2020Q4
Sri Lanka,LKA,SEAR,LMC,2020,11,65+,40.0,2020-11-01,2020Q4
Sri Lanka,LKA,SEAR,LMC,2020,5,65+,1.0,2020-05-01,2020Q2
Spain,ESP,EUR,HIC,2020,11,65+,8029.0,2020-11-01,2020Q4
Qatar,QAT,EMR,HIC,2020,3,65+,0.0,2020-03-01,2020Q1
Qatar,QAT,EMR,HIC,2020,4,65+,4.0,2020-04-01,2020Q2
Spain,ESP,EUR,HIC,2020,12,65+,5957.0,2020-12-01,2020Q4
Cuba,CUB,AMR,UMC,2020,8,65+,0.0,2020-08-01,2020Q3
Cuba,CUB,AMR,UMC,2020,7,65+,0.0,2020-07-01,2020Q3
Cuba,CUB,AMR,UMC,2020,6,65+,0.0,2020-06-01,2020Q2
Cuba,CUB,AMR,UMC,2020,5,65+,0.0,2020-05-01,2020Q2
Cuba,CUB,AMR,UMC,2020,4,65+,0.0,2020-04-01,2020Q2
Cuba,CUB,AMR,UMC,2020,3,65+,0.0,2020-03-01,2020Q1
Philippines,PHL,WPR,LMC,2020,8,65+,967.0,2020-08-01,2020Q3
Philippines,PHL,WPR,LMC,2020,12,65+,479.0,2020-12-01,2020Q4
Philippines,PHL,WPR,LMC,2020,11,65+,490.0,2020-11-01,2020Q4
Philippines,PHL,WPR,LMC,2020,7,65+,898.0,2020-07-01,2020Q3
Cuba,CUB,AMR,UMC,2020,12,65+,0.0,2020-12-01,2020Q4
Cuba,CUB,AMR,UMC,2020,11,65+,0.0,2020-11-01,2020Q4
Cuba,CUB,AMR,UMC,2020,10,65+,0.0,2020-10-01,2020Q4
Cuba,CUB,AMR,UMC,2020,9,65+,0.0,2020-09-01,2020Q3
Philippines,PHL,WPR,LMC,2020,9,65+,1058.0,2020-09-01,2020Q3
Isle of Man,IMN,EUR,HIC,2020,3,65+,0.0,2020-03-01,2020Q1
Isle of Man,IMN,EUR,HIC,2020,11,65+,0.0,2020-11-01,2020Q4
Isle of Man,IMN,EUR,HIC,2020,4,65+,0.0,2020-04-01,2020Q2
Philippines,PHL,WPR,LMC,2020,10,65+,564.0,2020-10-01,2020Q4
Philippines,PHL,WPR,LMC,2020,6,65+,320.0,2020-06-01,2020Q2
Philippines,PHL,WPR,LMC,2020,5,65+,159.0,2020-05-01,2020Q2
Philippines,PHL,WPR,LMC,2020,3,65+,178.0,2020-03-01,2020Q1
Philippines,PHL,WPR,LMC,2020,2,65+,0.0,2020-02-01,2020Q1
Philippines,PHL,WPR,LMC,2020,1,65+,0.0,2020-01-01,2020Q1
Philippines,PHL,WPR,LMC,2020,4,65+,378.0,2020-04-01,2020Q2
Ireland,IRL,EUR,HIC,2020,3,65+,82.0,2020-03-01,2020Q1
Ireland,IRL,EUR,HIC,2020,12,65+,212.0,2020-12-01,2020Q4
Ireland,IRL,EUR,HIC,2020,9,65+,38.0,2020-09-01,2020Q3
Ireland,IRL,EUR,HIC,2020,10,65+,114.0,2020-10-01,2020Q4
Ireland,IRL,EUR,HIC,2020,4,65+,1073.0,2020-04-01,2020Q2
Ireland,IRL,EUR,HIC,2020,5,65+,250.0,2020-05-01,2020Q2
Ireland,IRL,EUR,HIC,2020,6,65+,59.0,2020-06-01,2020Q2
Cura�ao,CUW,AMR,HIC,2020,3,65+,1.0,2020-03-01,2020Q1
Ireland,IRL,EUR,HIC,2020,7,65+,14.0,2020-07-01,2020Q3
Switzerland,CHE,EUR,HIC,2020,4,65+,1195.0,2020-04-01,2020Q2
Switzerland,CHE,EUR,HIC,2020,9,65+,66.0,2020-09-01,2020Q3
Switzerland,CHE,EUR,HIC,2020,10,65+,525.0,2020-10-01,2020Q4
Switzerland,CHE,EUR,HIC,2020,5,65+,77.0,2020-05-01,2020Q2
Switzerland,CHE,EUR,HIC,2020,7,65+,16.0,2020-07-01,2020Q3
Switzerland,CHE,EUR,HIC,2020,11,65+,2381.0,2020-11-01,2020Q4
Ireland,IRL,EUR,HIC,2020,11,65+,169.0,2020-11-01,2020Q4
Switzerland,CHE,EUR,HIC,2020,12,65+,2872.0,2020-12-01,2020Q4
Switzerland,CHE,EUR,HIC,2020,8,65+,13.0,2020-08-01,2020Q3
Switzerland,CHE,EUR,HIC,2020,3,65+,355.0,2020-03-01,2020Q1
Switzerland,CHE,EUR,HIC,2020,1,65+,0.0,2020-01-01,2020Q1
Switzerland,CHE,EUR,HIC,2020,2,65+,0.0,2020-02-01,2020Q1
Switzerland,CHE,EUR,HIC,2020,6,65+,6.0,2020-06-01,2020Q2
Peru,PER,AMR,UMC,2020,7,65+,12056.0,2020-07-01,2020Q3
Côte d’Ivoire,CIV,AFR,LMC,2020,12,65+,0.0,2020-12-01,2020Q4
Peru,PER,AMR,UMC,2020,6,65+,9307.0,2020-06-01,2020Q2
Côte d’Ivoire,CIV,AFR,LMC,2020,11,65+,0.0,2020-11-01,2020Q4
Peru,PER,AMR,UMC,2020,5,65+,8635.0,2020-05-01,2020Q2
Côte d’Ivoire,CIV,AFR,LMC,2020,10,65+,0.0,2020-10-01,2020Q4
Peru,PER,AMR,UMC,2020,4,65+,3531.0,2020-04-01,2020Q2
Côte d’Ivoire,CIV,AFR,LMC,2020,9,65+,0.0,2020-09-01,2020Q3
Peru,PER,AMR,UMC,2020,9,65+,5835.0,2020-09-01,2020Q3
Peru,PER,AMR,UMC,2020,10,65+,2356.0,2020-10-01,2020Q4
Peru,PER,AMR,UMC,2020,8,65+,9347.0,2020-08-01,2020Q3
Israel,ISR,EUR,HIC,2020,4,65+,197.0,2020-04-01,2020Q2
Israel,ISR,EUR,HIC,2020,5,65+,46.0,2020-05-01,2020Q2
Israel,ISR,EUR,HIC,2020,7,65+,242.0,2020-07-01,2020Q3
Israel,ISR,EUR,HIC,2020,2,65+,0.0,2020-02-01,2020Q1
Israel,ISR,EUR,HIC,2020,6,65+,34.0,2020-06-01,2020Q2
Israel,ISR,EUR,HIC,2020,9,65+,723.0,2020-09-01,2020Q3
Peru,PER,AMR,UMC,2020,11,65+,1866.0,2020-11-01,2020Q4
Peru,PER,AMR,UMC,2020,12,65+,2844.0,2020-12-01,2020Q4
Armenia,ARM,EUR,UMC,2020,3,65+,0.0,2020-03-01,2020Q1
Côte d’Ivoire,CIV,AFR,LMC,2020,4,65+,0.0,2020-04-01,2020Q2
Côte d’Ivoire,CIV,AFR,LMC,2020,3,65+,0.0,2020-03-01,2020Q1
Côte d’Ivoire,CIV,AFR,LMC,2020,6,65+,0.0,2020-06-01,2020Q2
Côte d’Ivoire,CIV,AFR,LMC,2020,7,65+,0.0,2020-07-01,2020Q3
Côte d’Ivoire,CIV,AFR,LMC,2020,8,65+,0.0,2020-08-01,2020Q3
Côte d’Ivoire,CIV,AFR,LMC,2020,5,65+,0.0,2020-05-01,2020Q2
Croatia,HRV,EUR,HIC,2020,1,65+,0.0,2020-01-01,2020Q1
Croatia,HRV,EUR,HIC,2020,8,65+,14.0,2020-08-01,2020Q3
Croatia,HRV,EUR,HIC,2020,12,65+,434.0,2020-12-01,2020Q4
Croatia,HRV,EUR,HIC,2020,11,65+,187.0,2020-11-01,2020Q4
Croatia,HRV,EUR,HIC,2020,10,65+,76.0,2020-10-01,2020Q4
Croatia,HRV,EUR,HIC,2020,9,65+,54.0,2020-09-01,2020Q3
Croatia,HRV,EUR,HIC,2020,7,65+,28.0,2020-07-01,2020Q3
Croatia,HRV,EUR,HIC,2020,4,65+,72.0,2020-04-01,2020Q2
Croatia,HRV,EUR,HIC,2020,5,65+,7.0,2020-05-01,2020Q2
Croatia,HRV,EUR,HIC,2020,2,65+,0.0,2020-02-01,2020Q1
Croatia,HRV,EUR,HIC,2020,3,65+,9.0,2020-03-01,2020Q1
Croatia,HRV,EUR,HIC,2020,6,65+,5.0,2020-06-01,2020Q2
Syrian Arab Republic,SYR,EMR,LIC,2020,8,65+,1.0,2020-08-01,2020Q3
Syrian Arab Republic,SYR,EMR,LIC,2020,12,65+,92.0,2020-12-01,2020Q4
Syrian Arab Republic,SYR,EMR,LIC,2020,9,65+,11.0,2020-09-01,2020Q3
Syrian Arab Republic,SYR,EMR,LIC,2020,10,65+,32.0,2020-10-01,2020Q4
Syrian Arab Republic,SYR,EMR,LIC,2020,11,65+,135.0,2020-11-01,2020Q4
Poland,POL,EUR,HIC,2020,3,65+,0.0,2020-03-01,2020Q1
Czechia,CZE,EUR,HIC,2020,10,65+,2827.0,2020-10-01,2020Q4
Czechia,CZE,EUR,HIC,2020,8,65+,34.0,2020-08-01,2020Q3
Czechia,CZE,EUR,HIC,2020,9,65+,317.0,2020-09-01,2020Q3
Czechia,CZE,EUR,HIC,2020,6,65+,26.0,2020-06-01,2020Q2
Czechia,CZE,EUR,HIC,2020,7,65+,38.0,2020-07-01,2020Q3
Czechia,CZE,EUR,HIC,2020,5,65+,63.0,2020-05-01,2020Q2
Czechia,CZE,EUR,HIC,2020,4,65+,208.0,2020-04-01,2020Q2
Czechia,CZE,EUR,HIC,2020,11,65+,4278.0,2020-11-01,2020Q4
Czechia,CZE,EUR,HIC,2020,12,65+,3628.0,2020-12-01,2020Q4
Albania,ALB,EUR,UMC,2020,3,65+,0.0,2020-03-01,2020Q1
Poland,POL,EUR,HIC,2020,7,65+,0.0,2020-07-01,2020Q3
Albania,ALB,EUR,UMC,2020,4,65+,0.0,2020-04-01,2020Q2
Poland,POL,EUR,HIC,2020,1,65+,1.0,2020-01-01,2020Q1
Poland,POL,EUR,HIC,2020,10,65+,0.0,2020-10-01,2020Q4
Poland,POL,EUR,HIC,2020,9,65+,0.0,2020-09-01,2020Q3
Poland,POL,EUR,HIC,2020,12,65+,0.0,2020-12-01,2020Q4
Poland,POL,EUR,HIC,2020,8,65+,0.0,2020-08-01,2020Q3
Poland,POL,EUR,HIC,2020,11,65+,0.0,2020-11-01,2020Q4
Poland,POL,EUR,HIC,2020,5,65+,0.0,2020-05-01,2020Q2
Poland,POL,EUR,HIC,2020,6,65+,0.0,2020-06-01,2020Q2
Poland,POL,EUR,HIC,2020,4,65+,0.0,2020-04-01,2020Q2
Cyprus,CYP,EUR,HIC,2020,2,65+,0.0,2020-02-01,2020Q1
Cyprus,CYP,EUR,HIC,2020,4,65+,14.0,2020-04-01,2020Q2
Cyprus,CYP,EUR,HIC,2020,3,65+,7.0,2020-03-01,2020Q1
Sweden,SWE,EUR,HIC,2020,10,65+,156.0,2020-10-01,2020Q4
Sweden,SWE,EUR,HIC,2020,7,65+,273.0,2020-07-01,2020Q3
Sweden,SWE,EUR,HIC,2020,11,65+,1102.0,2020-11-01,2020Q4
Sweden,SWE,EUR,HIC,2020,5,65+,1443.0,2020-05-01,2020Q2
Sweden,SWE,EUR,HIC,2020,12,65+,2825.0,2020-12-01,2020Q4
Sweden,SWE,EUR,HIC,2020,8,65+,58.0,2020-08-01,2020Q3
Sweden,SWE,EUR,HIC,2020,9,65+,59.0,2020-09-01,2020Q3
Cyprus,CYP,EUR,HIC,2020,9,65+,2.0,2020-09-01,2020Q3
Cyprus,CYP,EUR,HIC,2020,7,65+,1.0,2020-07-01,2020Q3
Cura�ao,CUW,AMR,HIC,2020,12,65+,11.0,2020-12-01,2020Q4
Ireland,IRL,EUR,HIC,2020,8,65+,7.0,2020-08-01,2020Q3
Cura�ao,CUW,AMR,HIC,2020,9,65+,0.0,2020-09-01,2020Q3
Cura�ao,CUW,AMR,HIC,2020,10,65+,1.0,2020-10-01,2020Q4
Cura�ao,CUW,AMR,HIC,2020,11,65+,4.0,2020-11-01,2020Q4
Ireland,IRL,EUR,HIC,2020,2,65+,1.0,2020-02-01,2020Q1
Iraq,IRQ,EMR,UMC,2020,6,65+,435.0,2020-06-01,2020Q2
Iraq,IRQ,EMR,UMC,2020,7,65+,822.0,2020-07-01,2020Q3
Iraq,IRQ,EMR,UMC,2020,8,65+,350.0,2020-08-01,2020Q3
Iraq,IRQ,EMR,UMC,2020,5,65+,28.0,2020-05-01,2020Q2
Iraq,IRQ,EMR,UMC,2020,10,65+,198.0,2020-10-01,2020Q4
Iraq,IRQ,EMR,UMC,2020,9,65+,437.0,2020-09-01,2020Q3
Iraq,IRQ,EMR,UMC,2020,3,65+,11.0,2020-03-01,2020Q1
Czechia,CZE,EUR,HIC,2020,1,65+,0.0,2020-01-01,2020Q1
Czechia,CZE,EUR,HIC,2020,2,65+,0.0,2020-02-01,2020Q1
Czechia,CZE,EUR,HIC,2020,3,65+,21.0,2020-03-01,2020Q1
Iraq,IRQ,EMR,UMC,2020,4,65+,14.0,2020-04-01,2020Q2
Iraq,IRQ,EMR,UMC,2020,2,65+,2.0,2020-02-01,2020Q1
Iraq,IRQ,EMR,UMC,2020,11,65+,135.0,2020-11-01,2020Q4
Sweden,SWE,EUR,HIC,2020,1,65+,0.0,2020-01-01,2020Q1
Sweden,SWE,EUR,HIC,2020,2,65+,0.0,2020-02-01,2020Q1
Sweden,SWE,EUR,HIC,2020,3,65+,220.0,2020-03-01,2020Q1
Sweden,SWE,EUR,HIC,2020,6,65+,781.0,2020-06-01,2020Q2
Sweden,SWE,EUR,HIC,2020,4,65+,2648.0,2020-04-01,2020Q2
Iraq,IRQ,EMR,UMC,2020,12,65+,75.0,2020-12-01,2020Q4
Cyprus,CYP,EUR,HIC,2020,8,65+,0.0,2020-08-01,2020Q3
Cyprus,CYP,EUR,HIC,2020,12,65+,94.0,2020-12-01,2020Q4
Cyprus,CYP,EUR,HIC,2020,11,65+,36.0,2020-11-01,2020Q4
Cyprus,CYP,EUR,HIC,2020,6,65+,5.0,2020-06-01,2020Q2
Cyprus,CYP,EUR,HIC,2020,10,65+,3.0,2020-10-01,2020Q4
Cyprus,CYP,EUR,HIC,2020,5,65+,4.0,2020-05-01,2020Q2
